j_offset	s_notes	s_isOnset	s_duration	s_measure	a_degree1	a_pcset	a_localKey
0.0	[]	[]	2.125	1			
0.125	[]	[]	2.125	1			
0.25	[]	[]	2.125	1			
0.375	[]	[]	2.125	1			
0.5	[]	[]	2.125	1			
0.625	[]	[]	2.125	1			
0.75	[]	[]	2.125	1			
0.875	[]	[]	2.125	1			
1.0	[]	[]	2.125	1			
1.125	[]	[]	2.125	1			
1.25	[]	[]	2.125	1			
1.375	[]	[]	2.125	1			
1.5	[]	[]	2.125	1			
1.625	[]	[]	2.125	1			
1.75	[]	[]	2.125	1			
1.875	[]	[]	2.125	1			
2.0	[]	[]	2.125	1			
2.125	['C2', 'C4', 'D#4', 'D#5', 'G4']	[True, True, True, True, True]	0.375	1			
2.25	['C2', 'C4', 'D#4', 'D#5', 'G4']	[False, False, False, False, False]	0.375	1			
2.375	['C2', 'C4', 'D#4', 'D#5', 'G4']	[False, False, False, False, False]	0.375	1			
2.5	['C2', 'C4', 'D#4', 'D5', 'G4']	[False, False, False, True, False]	0.375	1			
2.625	['C2', 'C4', 'D#4', 'D5', 'G4']	[False, False, False, False, False]	0.375	1			
2.75	['C2', 'C4', 'D#4', 'D5', 'G4']	[False, False, False, False, False]	0.375	1			
2.875	['C2', 'C4', 'C5', 'D#4', 'G4']	[False, False, True, False, False]	0.625	1			
3.0	['C2', 'C4', 'C5', 'D#4', 'G4']	[False, False, False, False, False]	0.625	1			
3.125	['C2', 'C4', 'C5', 'D#4', 'G4']	[False, False, False, False, False]	0.625	1			
3.25	['C2', 'C4', 'C5', 'D#4', 'G4']	[False, False, False, False, False]	0.625	1			
3.375	['C2', 'C4', 'C5', 'D#4', 'G4']	[False, False, False, False, False]	0.625	1			
3.5	['C4', 'C5', 'D#4', 'G4']	[False, False, False, False]	0.125	1			
3.625	['C5']	[False]	0.375	1			
3.75	['C5']	[False]	0.375	1			
3.875	['C5']	[False]	0.375	1			
4.0	[]	[]	0.25	2			
4.125	[]	[]	0.25	2			
4.25	['A#3', 'C2', 'D#5', 'D4', 'F4']	[True, True, True, True, True]	0.375	2			
4.375	['A#3', 'C2', 'D#5', 'D4', 'F4']	[False, False, False, False, False]	0.375	2			
4.5	['A#3', 'C2', 'D#5', 'D4', 'F4']	[False, False, False, False, False]	0.375	2			
4.625	['A#3', 'C2', 'D4', 'D5', 'F4']	[False, False, False, True, False]	0.375	2			
4.75	['A#3', 'C2', 'D4', 'D5', 'F4']	[False, False, False, False, False]	0.375	2			
4.875	['A#3', 'C2', 'D4', 'D5', 'F4']	[False, False, False, False, False]	0.375	2			
5.0	['A#3', 'C2', 'C5', 'D4', 'F4']	[False, False, True, False, False]	0.625	2			
5.125	['A#3', 'C2', 'C5', 'D4', 'F4']	[False, False, False, False, False]	0.625	2			
5.25	['A#3', 'C2', 'C5', 'D4', 'F4']	[False, False, False, False, False]	0.625	2			
5.375	['A#3', 'C2', 'C5', 'D4', 'F4']	[False, False, False, False, False]	0.625	2			
5.5	['A#3', 'C2', 'C5', 'D4', 'F4']	[False, False, False, False, False]	0.625	2			
5.625	['A#3', 'C5', 'D4', 'F4']	[False, False, False, False]	0.125	2			
5.75	['C5']	[False]	0.25	2			
5.875	['C5']	[False]	0.25	2			
6.0	[]	[]	0.375	2			
6.125	[]	[]	0.375	2			
6.25	[]	[]	0.375	2			
6.375	['A#3', 'C2', 'D#4', 'D#5', 'G4']	[True, True, True, True, True]	0.375	2			
6.5	['A#3', 'C2', 'D#4', 'D#5', 'G4']	[False, False, False, False, False]	0.375	2			
6.625	['A#3', 'C2', 'D#4', 'D#5', 'G4']	[False, False, False, False, False]	0.375	2			
6.75	['A#3', 'C2', 'D#4', 'D5', 'G4']	[False, False, False, True, False]	0.375	2			
6.875	['A#3', 'C2', 'D#4', 'D5', 'G4']	[False, False, False, False, False]	0.375	2			
7.0	['A#3', 'C2', 'D#4', 'D5', 'G4']	[False, False, False, False, False]	0.375	2			
7.125	['A#3', 'C2', 'C5', 'D#4', 'G4']	[False, False, True, False, False]	0.625	2			
7.25	['A#3', 'C2', 'C5', 'D#4', 'G4']	[False, False, False, False, False]	0.625	2			
7.375	['A#3', 'C2', 'C5', 'D#4', 'G4']	[False, False, False, False, False]	0.625	2			
7.5	['A#3', 'C2', 'C5', 'D#4', 'G4']	[False, False, False, False, False]	0.625	2			
7.625	['A#3', 'C2', 'C5', 'D#4', 'G4']	[False, False, False, False, False]	0.625	2			
7.75	['A#3', 'D#4', 'G4']	[False, False, False]	0.125	2			
7.875	['G4']	[True]	0.125	2			
8.0	['G#4']	[True]	0.125	3			
8.125	['A#4']	[True]	0.125	3			
8.25	['A4']	[True]	0.25	3			
8.375	['A4']	[False]	0.25	3			
8.5	['A4', 'C2', 'C4', 'F4']	[True, True, True, True]	1.375	3			
8.625	['A4', 'C2', 'C4', 'F4']	[False, False, False, False]	1.375	3			
8.75	['A4', 'C2', 'C4', 'F4']	[False, False, False, False]	1.375	3			
8.875	['A4', 'C2', 'C4', 'F4']	[False, False, False, False]	1.375	3			
9.0	['A4', 'C2', 'C4', 'F4']	[False, False, False, False]	1.375	3			
9.125	['A4', 'C2', 'C4', 'F4']	[False, False, False, False]	1.375	3			
9.25	['A4', 'C2', 'C4', 'F4']	[False, False, False, False]	1.375	3			
9.375	['A4', 'C2', 'C4', 'F4']	[False, False, False, False]	1.375	3			
9.5	['A4', 'C2', 'C4', 'F4']	[False, False, False, False]	1.375	3			
9.625	['A4', 'C2', 'C4', 'F4']	[False, False, False, False]	1.375	3			
9.75	['A4', 'C2', 'C4', 'F4']	[False, False, False, False]	1.375	3			
9.875	['A4', 'C4', 'F4']	[False, False, False]	0.125	3			
10.0	[]	[]	0.625	3			
10.125	[]	[]	0.625	3			
10.25	[]	[]	0.625	3			
10.375	[]	[]	0.625	3			
10.5	[]	[]	0.625	3			
10.625	['A#5', 'C2', 'C4', 'D#4', 'D#5', 'G4']	[True, True, True, True, True, True]	0.25	3			
10.75	['A#5', 'C2', 'C4', 'D#4', 'D#5', 'G4']	[False, False, False, False, False, False]	0.25	3			
10.875	['C2', 'C4', 'D#4', 'G4']	[False, False, False, False]	0.125	3			
11.0	['A5', 'C4', 'D#4', 'D5', 'G4']	[True, False, False, True, False]	0.125	3			
11.125	['A5', 'C2', 'C4', 'D#4', 'D5', 'G4']	[False, True, False, False, False, False]	0.25	3			
11.25	['A5', 'C2', 'C4', 'D#4', 'D5', 'G4']	[False, False, False, False, False, False]	0.25	3			
11.375	['C2', 'C4', 'C5', 'D#4', 'G4', 'G5']	[False, False, True, False, False, True]	0.75	3			
11.5	['C2', 'C4', 'C5', 'D#4', 'G4', 'G5']	[False, False, False, False, False, False]	0.75	3			
11.625	['C2', 'C4', 'C5', 'D#4', 'G4', 'G5']	[True, False, False, False, False, False]	0.75	3			
11.75	['C2', 'C4', 'C5', 'D#4', 'G4', 'G5']	[False, False, False, False, False, False]	0.75	3			
11.875	['C2', 'C4', 'C5', 'D#4', 'G4', 'G5']	[False, False, False, False, False, False]	0.75	3			
12.0	['C2', 'C4', 'C5', 'D#4', 'G4', 'G5']	[False, False, False, False, False, False]	0.75	4			
12.125	['C5', 'G5']	[False, False]	0.125	4			
12.25	['C2', 'C5', 'G5']	[True, False, False]	0.125	4			
12.375	['C2', 'G5']	[False, False]	0.25	4			
12.5	['C2', 'G5']	[False, False]	0.25	4			
12.625	[]	[]	0.125	4			
12.75	['A#3', 'A#5', 'C2', 'D#5', 'D4', 'F4']	[True, True, True, True, True, True]	0.25	4			
12.875	['A#3', 'A#5', 'C2', 'D#5', 'D4', 'F4']	[False, False, False, False, False, False]	0.25	4			
13.0	['A#3', 'C2', 'D4', 'F4']	[False, False, False, False]	0.125	4			
13.125	['A#3', 'A5', 'D4', 'D5', 'F4']	[False, True, False, True, False]	0.125	4			
13.25	['A#3', 'A5', 'C2', 'D4', 'D5', 'F4']	[False, False, True, False, False, False]	0.25	4			
13.375	['A#3', 'A5', 'C2', 'D4', 'D5', 'F4']	[False, False, False, False, False, False]	0.25	4			
13.5	['A#3', 'C2', 'C5', 'D4', 'F4', 'G5']	[False, False, True, False, False, True]	0.75	4			
13.625	['A#3', 'C2', 'C5', 'D4', 'F4', 'G5']	[False, False, False, False, False, False]	0.75	4			
13.75	['A#3', 'C2', 'C5', 'D4', 'F4', 'G5']	[False, True, False, False, False, False]	0.75	4			
13.875	['A#3', 'C2', 'C5', 'D4', 'F4', 'G5']	[False, False, False, False, False, False]	0.75	4			
14.0	['A#3', 'C2', 'C5', 'D4', 'F4', 'G5']	[False, False, False, False, False, False]	0.75	4			
14.125	['A#3', 'C2', 'C5', 'D4', 'F4', 'G5']	[False, False, False, False, False, False]	0.75	4			
14.25	['C5', 'G5']	[False, False]	0.125	4			
14.375	['C2', 'C5', 'G5']	[True, False, False]	0.375	4			
14.5	['C2', 'C5', 'G5']	[False, False, False]	0.375	4			
14.625	['C2', 'C5', 'G5']	[False, False, False]	0.375	4			
14.75	[]	[]	0.125	4			
14.875	['A#3', 'A#5', 'C2', 'D#4', 'D#5', 'G4']	[True, True, True, True, True, True]	0.25	4			
15.0	['A#3', 'A#5', 'C2', 'D#4', 'D#5', 'G4']	[False, False, False, False, False, False]	0.25	4			
15.125	['A#3', 'C2', 'D#4', 'D#5', 'G4']	[False, False, False, False, False]	0.125	4			
15.25	['A#3', 'A5', 'D#4', 'D#5', 'D5', 'G4']	[False, True, False, False, True, False]	0.125	4			
15.375	['A#3', 'A5', 'C2', 'D#4', 'D5', 'G4']	[False, False, True, False, False, False]	0.25	4			
15.5	['A#3', 'A5', 'C2', 'D#4', 'D5', 'G4']	[False, False, False, False, False, False]	0.25	4			
15.625	['A#3', 'C2', 'C5', 'D#4', 'D5', 'G4', 'G5']	[False, False, True, False, False, False, True]	0.125	4			
15.75	['A#3', 'C2', 'C5', 'D#4', 'G4', 'G5']	[False, False, False, False, False, False]	0.625	4			
15.875	['A#3', 'C2', 'C5', 'D#4', 'G4', 'G5']	[False, True, False, False, False, False]	0.625	4			
16.0	['A#3', 'C2', 'C5', 'D#4', 'G4', 'G5']	[False, False, False, False, False, False]	0.625	5			
16.125	['A#3', 'C2', 'C5', 'D#4', 'G4', 'G5']	[False, False, False, False, False, False]	0.625	5			
16.25	['A#3', 'C2', 'C5', 'D#4', 'G4', 'G5']	[False, False, False, False, False, False]	0.625	5			
16.375	['G4', 'G5']	[True, False]	0.125	5			
16.5	['C2', 'G#4']	[True, True]	0.125	5			
16.625	['A#4', 'C2']	[True, False]	0.125	5			
16.75	['A4', 'C2', 'C5']	[True, False, True]	0.125	5			
16.875	['A4', 'C5']	[False, False]	0.125	5			
17.0	['A4', 'C2', 'C4', 'C5', 'F4']	[True, True, True, False, True]	0.375	5			
17.125	['A4', 'C2', 'C4', 'C5', 'F4']	[False, False, False, False, False]	0.375	5			
17.25	['A4', 'C2', 'C4', 'C5', 'F4']	[False, False, False, False, False]	0.375	5			
17.375	['A4', 'C4', 'C5', 'F4']	[False, False, False, False]	0.125	5			
17.5	['A4', 'C2', 'C4', 'C5', 'F4']	[False, True, False, False, False]	0.25	5			
17.625	['A4', 'C2', 'C4', 'C5', 'F4']	[False, False, False, False, False]	0.25	5			
17.75	['A4', 'C2', 'C4', 'F4']	[False, False, False, False]	0.25	5			
17.875	['A4', 'C2', 'C4', 'F4']	[False, False, False, False]	0.25	5			
18.0	['A4', 'C2', 'C4', 'C6', 'F4']	[False, True, False, True, False]	0.5	5			
18.125	['A4', 'C2', 'C4', 'C6', 'F4']	[False, False, False, False, False]	0.5	5			
18.25	['A4', 'C2', 'C4', 'C6', 'F4']	[False, False, False, False, False]	0.5	5			
18.375	['A4', 'C2', 'C4', 'C6', 'F4']	[False, False, False, False, False]	0.5	5			
18.5	['C6']	[False]	0.125	5			
18.625	['C2', 'C6']	[True, False]	0.125	5			
18.75	['C2']	[False]	0.25	5			
18.875	['C2']	[False]	0.25	5			
19.0	[]	[]	0.125	5			
19.125	['A#3', 'A#4', 'C3', 'C4', 'D#4', 'G4']	[True, True, True, True, True, True]	0.125	5			
19.25	['A#4', 'C3', 'C4', 'D#4', 'G4']	[False, False, True, False, False]	0.125	5			
19.375	['A#4', 'C3', 'C4', 'G4']	[False, False, False, False]	0.125	5			
19.5	['A#3', 'A4', 'C4', 'D4', 'G4']	[True, True, False, True, False]	0.125	5			
19.625	['A4', 'C3', 'C4', 'D4', 'G4']	[False, True, True, False, False]	0.25	5			
19.75	['A4', 'C3', 'C4', 'D4', 'G4']	[False, False, False, False, False]	0.25	5			
19.875	['A#3', 'C3', 'C4', 'G4']	[True, False, True, True]	0.125	5			
20.0	['C4', 'G4']	[True, False]	0.125	6			
20.125	['C3', 'C4', 'G4']	[True, False, False]	0.125	6			
20.25	['A#3', 'C3', 'C4', 'G4']	[True, False, False, False]	0.25	6			
20.375	['A#3', 'C3', 'C4', 'G4']	[False, False, False, False]	0.25	6			
20.5	['C3', 'C4', 'G4']	[False, True, False]	0.125	6			
20.625	['C4', 'G4']	[False, False]	0.125	6			
20.75	['A#3', 'C3', 'C4', 'G4']	[True, True, False, False]	0.125	6			
20.875	['A#3', 'C3']	[False, False]	0.125	6			
21.0	['C3', 'C4']	[False, True]	0.125	6			
21.125	['C4']	[False]	0.125	6			
21.25	['A#3', 'A#4', 'C3', 'D#4', 'D4', 'F4']	[True, True, True, True, True, True]	0.125	6			
21.375	['A#3', 'A#4', 'C3', 'C4', 'D#4', 'D4', 'F4']	[False, False, False, True, False, False, False]	0.125	6			
21.5	['A#3', 'A#4', 'C3', 'C4', 'D4', 'F4']	[False, False, False, False, False, False]	0.125	6			
21.625	['A#3', 'A4', 'D4', 'F4']	[True, True, True, False]	0.125	6			
21.75	['A#3', 'A4', 'C3', 'C4', 'D4', 'F4']	[False, False, True, True, False, False]	0.25	6			
21.875	['A#3', 'A4', 'C3', 'C4', 'D4', 'F4']	[False, False, False, False, False, False]	0.25	6			
22.0	['A#3', 'C3', 'C4', 'D4', 'F4', 'G4']	[True, False, True, False, False, True]	0.125	6			
22.125	['A#3', 'C4', 'D4', 'F4', 'G4']	[False, True, False, False, False]	0.125	6			
22.25	['A#3', 'C3', 'C4', 'D4', 'F4', 'G4']	[False, True, False, False, False, False]	0.375	6			
22.375	['A#3', 'C3', 'C4', 'D4', 'F4', 'G4']	[True, False, False, False, False, False]	0.375	6			
22.5	['A#3', 'C3', 'C4', 'D4', 'F4', 'G4']	[False, False, False, False, False, False]	0.375	6			
22.625	['C3', 'C4', 'G4']	[False, True, False]	0.125	6			
22.75	['C4', 'G4']	[False, False]	0.125	6			
22.875	['A#3', 'C3', 'C4', 'G4']	[True, True, False, False]	0.125	6			
23.0	['A#3', 'C3']	[False, False]	0.125	6			
23.125	['C3', 'C4']	[False, True]	0.125	6			
23.25	['C4']	[False]	0.125	6			
23.375	['A#3', 'A#4', 'C3', 'D#4', 'G4']	[True, True, True, True, True]	0.125	6			
23.5	['A#3', 'A#4', 'C3', 'C4', 'D#4', 'G4']	[False, False, False, True, False, False]	0.125	6			
23.625	['A#3', 'A#4', 'C3', 'C4', 'G4']	[False, False, False, False, False]	0.125	6			
23.75	['A#3', 'A4', 'D4', 'G4']	[True, True, True, False]	0.125	6			
23.875	['A#3', 'A4', 'C3', 'C4', 'D4', 'G4']	[False, False, True, True, False, False]	0.25	6			
24.0	['A#3', 'A4', 'C3', 'C4', 'D4', 'G4']	[False, False, False, False, False, False]	0.25	7			
24.125	['A#3', 'C3', 'C4', 'G4']	[True, False, True, True]	0.125	7			
24.25	['A#3', 'C4', 'G4']	[False, True, False]	0.125	7			
24.375	['A#3', 'C3', 'C4', 'G4']	[False, True, False, False]	0.5	7			
24.5	['A#3', 'C3', 'C4', 'G4']	[True, False, False, False]	0.5	7			
24.625	['A#3', 'C3', 'C4', 'G4']	[False, False, False, False]	0.5	7			
24.75	['A#3', 'C3', 'C4', 'G4']	[False, False, True, False]	0.5	7			
24.875	['G3', 'G4']	[True, False]	0.125	7			
25.0	['A#3', 'C3', 'G#3']	[True, True, True]	0.125	7			
25.125	['A#3', 'C3']	[True, False]	0.125	7			
25.25	['A3', 'C3', 'C4', 'C5']	[True, False, True, True]	0.125	7			
25.375	['A3', 'C4', 'C5']	[False, False, False]	0.125	7			
25.5	['A#3', 'A3', 'A4', 'C3', 'C4', 'C5', 'F4']	[True, False, True, True, True, False, True]	0.125	7			
25.625	['A3', 'A4', 'C3', 'C4', 'C5', 'F4']	[False, False, False, True, False, False]	0.25	7			
25.75	['A3', 'A4', 'C3', 'C4', 'C5', 'F4']	[False, False, False, False, False, False]	0.25	7			
25.875	['A#3', 'A3', 'A4', 'C4', 'C5', 'F4']	[True, False, False, False, False, False]	0.125	7			
26.0	['A3', 'A4', 'C3', 'C4', 'C5', 'F4']	[False, False, True, True, False, False]	0.25	7			
26.125	['A3', 'A4', 'C3', 'C4', 'C5', 'F4']	[False, False, False, False, False, False]	0.25	7			
26.25	['A#3', 'A3', 'A4', 'C3', 'C4', 'C5', 'F4']	[True, False, False, False, False, False, False]	0.125	7			
26.375	['A3', 'A4', 'C4', 'C5', 'F4']	[False, False, True, False, False]	0.125	7			
26.5	['A3', 'A4', 'C3', 'C4', 'C5', 'F4']	[False, False, True, False, False, False]	0.125	7			
26.625	['A#3', 'A3', 'A4', 'C3', 'C4', 'C5', 'F4']	[True, False, False, False, False, False, False]	0.25	7			
26.75	['A#3', 'A3', 'A4', 'C3', 'C4', 'C5', 'F4']	[False, False, False, False, False, False, False]	0.25	7			
26.875	['A3', 'A4', 'C3', 'C4', 'D#4', 'F4']	[False, False, False, False, True, False]	0.125	7			
27.0	['D#4']	[False]	0.125	7			
27.125	['C3', 'D#4']	[True, False]	0.125	7			
27.25	['C3']	[False]	0.125	7			
27.375	['A#4', 'C3']	[True, False]	0.125	7			
27.5	['B4']	[True]	0.125	7			
27.625	['C3', 'C4', 'C5', 'D#4', 'G4']	[True, True, True, True, True]	0.25	7			
27.75	['C3', 'C4', 'C5', 'D#4', 'G4']	[False, False, False, False, False]	0.25	7			
27.875	['C5']	[False]	0.125	7			
28.0	['C3', 'C4', 'D#4', 'D#5', 'G4']	[True, True, True, True, True]	0.125	8			
28.125	['D#5']	[False]	0.25	8			
28.25	['D#5']	[False]	0.25	8			
28.375	['C3', 'C4', 'D#4', 'D5', 'G4']	[True, True, True, True, True]	0.125	8			
28.5	['C3', 'C4', 'C5', 'D#4', 'G4']	[False, False, True, False, False]	0.125	8			
28.625	['C5', 'D5']	[False, True]	0.25	8			
28.75	['C5', 'D5']	[True, False]	0.25	8			
28.875	['C5']	[False]	0.125	8			
29.0	['C3', 'C4', 'D#4', 'G4']	[True, True, True, True]	0.125	8			
29.125	[]	[]	0.125	8			
29.25	['C3', 'C4', 'D#4', 'G4']	[True, True, True, True]	0.25	8			
29.375	['C3', 'C4', 'D#4', 'G4']	[False, False, False, False]	0.25	8			
29.5	['A#2', 'A#4']	[True, True]	0.125	8			
29.625	['B2', 'B4']	[True, True]	0.125	8			
29.75	['C3', 'C4', 'C5', 'D#4', 'G4']	[True, True, True, True, True]	0.25	8			
29.875	['C3', 'C4', 'C5', 'D#4', 'G4']	[False, False, False, False, False]	0.25	8			
30.0	['D#5']	[True]	0.125	8			
30.125	['C3', 'C4', 'D#4', 'D#5', 'G4']	[True, True, True, False, True]	0.125	8			
30.25	['G5']	[True]	0.25	8			
30.375	['G5']	[False]	0.25	8			
30.5	['C3', 'C4', 'D#4', 'F5', 'G4']	[True, True, True, True, True]	0.25	8			
30.625	['C3', 'C4', 'D#4', 'F5', 'G4']	[False, False, False, True, False]	0.25	8			
30.75	['F5']	[False]	0.25	8			
30.875	['F5']	[False]	0.25	8			
31.0	['C3', 'C4', 'D#4', 'D#5', 'G4']	[True, True, True, True, True]	0.25	8			
31.125	['C3', 'C4', 'D#4', 'D#5', 'G4']	[False, False, False, False, False]	0.25	8			
31.25	[]	[]	0.125	8			
31.375	['C3', 'C4', 'D#4', 'G4']	[True, True, True, True]	0.25	8			
31.5	['C3', 'C4', 'D#4', 'G4']	[False, False, False, False]	0.25	8			
31.625	['A#4', 'D#3']	[True, True]	0.125	8			
31.75	['B4', 'E3']	[True, True]	0.125	8			
31.875	['C5', 'D#4', 'F3', 'F4', 'G#4']	[True, True, True, True, True]	0.25	8			
32.0	['C5', 'D#4', 'F3', 'F4', 'G#4']	[False, False, False, False, False]	0.25	9			
32.125	['D#5']	[True]	0.125	9			
32.25	['C5', 'D#4', 'D#5', 'F3', 'F4', 'G#4']	[True, True, False, True, True, True]	0.125	9			
32.375	['D#5']	[False]	0.25	9			
32.5	['D#5']	[False]	0.25	9			
32.625	['C5', 'D#4', 'D5', 'F3', 'F4', 'G#4']	[True, True, True, True, True, True]	0.125	9			
32.75	['C5', 'D#4', 'F3', 'F4', 'G#4']	[True, False, False, False, False]	0.125	9			
32.875	['C5', 'D5']	[False, True]	0.25	9			
33.0	['C5', 'D5']	[True, False]	0.25	9			
33.125	['C5', 'D#4', 'F3', 'F4', 'G#4']	[True, True, True, True, True]	0.25	9			
33.25	['C5', 'D#4', 'F3', 'F4', 'G#4']	[False, False, False, False, False]	0.25	9			
33.375	[]	[]	0.125	9			
33.5	['C5', 'D#4', 'F2', 'F4', 'G#4']	[True, True, True, True, True]	0.25	9			
33.625	['C5', 'D#4', 'F2', 'F4', 'G#4']	[False, False, False, False, False]	0.25	9			
33.75	['A#2', 'A#4']	[True, True]	0.125	9			
33.875	['B2', 'B4']	[True, True]	0.125	9			
34.0	['C3', 'C4', 'C5', 'D#4', 'G4']	[True, True, True, True, True]	0.25	9			
34.125	['C3', 'C4', 'C5', 'D#4', 'G4']	[False, False, False, False, False]	0.25	9			
34.25	['D#5']	[True]	0.125	9			
34.375	['C3', 'C4', 'D#4', 'D#5', 'G4']	[True, True, True, False, True]	0.125	9			
34.5	['G5']	[True]	0.25	9			
34.625	['G5']	[False]	0.25	9			
34.75	['C3', 'C4', 'D#4', 'F5', 'G4']	[True, True, True, True, True]	0.25	9			
34.875	['C3', 'C4', 'D#4', 'F5', 'G4']	[False, False, False, True, False]	0.25	9			
35.0	['F5']	[False]	0.25	9			
35.125	['F5']	[False]	0.25	9			
35.25	['C3', 'C4', 'D#4', 'D#5', 'G4']	[True, True, True, True, True]	0.25	9			
35.375	['C3', 'C4', 'D#4', 'D#5', 'G4']	[False, False, False, False, False]	0.25	9			
35.5	[]	[]	0.125	9			
35.625	['C3', 'C4', 'D#4', 'G4']	[True, True, True, True]	0.25	9			
35.75	['C3', 'C4', 'D#4', 'G4']	[False, False, False, False]	0.25	9			
35.875	['A#3', 'A#4', 'F3']	[True, True, True]	0.125	9			
36.0	['B3', 'B4', 'F#3']	[True, True, True]	0.125	10			
36.125	['C4', 'C5', 'G3']	[True, True, True]	0.25	10			
36.25	['C4', 'C5', 'G3']	[False, False, False]	0.25	10			
36.375	['A#3', 'D#4', 'D#5', 'G2']	[True, True, True, True]	0.5	10			
36.5	['A#3', 'D#4', 'D#5', 'G2']	[False, False, False, False]	0.5	10			
36.625	['A#3', 'D#4', 'D#5', 'G2']	[False, False, False, False]	0.5	10			
36.75	['A#3', 'D#4', 'D#5', 'G2']	[False, False, False, False]	0.5	10			
36.875	['A3', 'D4', 'D5', 'G2']	[True, True, True, False]	0.125	10			
37.0	['C4', 'C5', 'G3']	[True, True, True]	0.125	10			
37.125	['A3', 'D4', 'D5', 'F2']	[True, True, True, True]	0.125	10			
37.25	['A3', 'C4', 'C5', 'D4', 'D5', 'F2']	[False, True, True, False, False, False]	0.125	10			
37.375	['A3', 'C4', 'C5', 'F2']	[False, False, False, False]	0.625	10			
37.5	['A3', 'C4', 'C5', 'F2']	[False, False, False, False]	0.625	10			
37.625	['A3', 'C4', 'C5', 'F2']	[False, False, False, False]	0.625	10			
37.75	['A3', 'C4', 'C5', 'F2']	[False, False, False, False]	0.625	10			
37.875	['A3', 'C4', 'C5', 'F2']	[False, False, False, False]	0.625	10			
38.0	['A#4', 'A3', 'C4', 'F2']	[True, False, False, False]	0.125	10			
38.125	['A3', 'B4', 'C4', 'F2']	[False, True, False, False]	0.125	10			
38.25	['A3', 'C4', 'C5', 'F2']	[False, False, True, False]	0.25	10			
38.375	['A3', 'C4', 'C5', 'F2']	[False, False, False, False]	0.25	10			
38.5	['A3', 'C4', 'D#5', 'F2']	[False, False, True, False]	0.25	10			
38.625	['A3', 'C4', 'D#5', 'F2']	[False, False, False, False]	0.25	10			
38.75	['A3', 'C4', 'F2', 'G5']	[False, False, False, True]	0.25	10			
38.875	['A3', 'C4', 'F2', 'G5']	[False, False, False, False]	0.25	10			
39.0	['A3', 'C4', 'F2', 'F5']	[False, False, False, True]	0.125	10			
39.125	['A3', 'C4', 'D#5', 'F2']	[False, False, True, False]	0.25	10			
39.25	['A3', 'C4', 'D#5', 'F2']	[False, False, False, False]	0.25	10			
39.375	['A#4', 'A3', 'C4']	[True, False, False]	0.25	10			
39.5	['A#4', 'A3', 'C4']	[False, False, False]	0.25	10			
39.625	['A3', 'C4']	[False, False]	0.125	10			
39.75	['A#4']	[True]	0.375	10			
39.875	['A#4']	[False]	0.375	10			
40.0	['A#4']	[True]	0.375	11			
40.125	['A#2', 'A#4']	[True, True]	0.125	11			
40.25	['B2']	[True]	0.125	11			
40.375	['A#4', 'C3', 'C4', 'D#4', 'G4']	[True, True, True, True, True]	0.125	11			
40.5	['C3', 'C4', 'C5', 'D#4', 'G4']	[False, False, True, False, False]	0.125	11			
40.625	['C3', 'C4', 'G4']	[False, False, False]	0.125	11			
40.75	['A4', 'C4', 'D4', 'G4']	[True, False, True, False]	0.125	11			
40.875	['A4', 'C3', 'C4', 'D4', 'G4']	[False, True, False, False, False]	0.25	11			
41.0	['A4', 'C3', 'C4', 'D4', 'G4']	[False, False, False, False, False]	0.25	11			
41.125	['C3', 'C4', 'G4']	[False, True, True]	0.125	11			
41.25	['C4', 'G4']	[False, False]	0.125	11			
41.375	['C3', 'C4', 'G4']	[True, False, False]	0.5	11			
41.5	['C3', 'C4', 'G4']	[False, False, False]	0.5	11			
41.625	['C3', 'C4', 'G4']	[False, False, False]	0.5	11			
41.75	['C3', 'C4', 'G4']	[False, False, False]	0.5	11			
41.875	['C4', 'G4']	[False, False]	0.125	11			
42.0	['C3', 'C4', 'G4']	[True, False, False]	0.125	11			
42.125	['C3']	[False]	0.25	11			
42.25	['C3']	[False]	0.25	11			
42.375	[]	[]	0.125	11			
42.5	['A#3', 'A#4', 'C3', 'D#4', 'D4', 'F4']	[True, True, True, True, True, True]	0.25	11			
42.625	['A#3', 'A#4', 'C3', 'D#4', 'D4', 'F4']	[False, False, False, False, False, False]	0.25	11			
42.75	['A#3', 'C3', 'D4', 'F4']	[False, False, False, False]	0.125	11			
42.875	['A#3', 'A4', 'D4', 'F4']	[False, True, True, False]	0.125	11			
43.0	['A#3', 'A4', 'C3', 'D4', 'F4']	[False, False, True, False, False]	0.25	11			
43.125	['A#3', 'A4', 'C3', 'D4', 'F4']	[False, False, False, False, False]	0.25	11			
43.25	['A#3', 'C3', 'C4', 'D4', 'F4', 'G4']	[False, False, True, False, False, True]	0.125	11			
43.375	['A#3', 'C4', 'D4', 'F4', 'G4']	[False, False, False, False, False]	0.125	11			
43.5	['A#3', 'C3', 'C4', 'D4', 'F4', 'G4']	[False, True, False, False, False, False]	0.5	11			
43.625	['A#3', 'C3', 'C4', 'D4', 'F4', 'G4']	[False, False, False, False, False, False]	0.5	11			
43.75	['A#3', 'C3', 'C4', 'D4', 'F4', 'G4']	[False, False, False, False, False, False]	0.5	11			
43.875	['A#3', 'C3', 'C4', 'D4', 'F4', 'G4']	[False, False, False, False, False, False]	0.5	11			
44.0	['C4', 'G4']	[False, False]	0.125	12			
44.125	['C3', 'C4', 'G4']	[True, False, False]	0.125	12			
44.25	['C3']	[False]	0.25	12			
44.375	['C3']	[False]	0.25	12			
44.5	[]	[]	0.125	12			
44.625	['A#3', 'A#4', 'C3', 'D#4', 'G4']	[True, True, True, True, True]	0.25	12			
44.75	['A#3', 'A#4', 'C3', 'D#4', 'G4']	[False, False, False, False, False]	0.25	12			
44.875	['A#3', 'C3', 'G4']	[False, False, False]	0.125	12			
45.0	['A#3', 'A4', 'D4', 'G4']	[False, True, True, False]	0.125	12			
45.125	['A#3', 'A4', 'C3', 'D4', 'G4']	[False, False, True, False, False]	0.25	12			
45.25	['A#3', 'A4', 'C3', 'D4', 'G4']	[False, False, False, False, False]	0.25	12			
45.375	['A#3', 'C3', 'C4', 'G4']	[False, False, True, True]	0.125	12			
45.5	['A#3', 'C4', 'G4']	[False, False, False]	0.125	12			
45.625	['A#3', 'C3', 'C4', 'G4']	[False, True, False, False]	0.375	12			
45.75	['A#3', 'C3', 'C4', 'G4']	[False, False, False, False]	0.375	12			
45.875	['A#3', 'C3', 'C4', 'G4']	[False, False, False, False]	0.375	12			
46.0	['A#3', 'C3', 'G3', 'G4']	[False, False, True, False]	0.125	12			
46.125	['G3', 'G4']	[False, False]	0.125	12			
46.25	['C3', 'G#3']	[True, True]	0.125	12			
46.375	['A#3', 'C3']	[True, False]	0.125	12			
46.5	['A3', 'C3', 'C5']	[True, False, True]	0.125	12			
46.625	['A3', 'C5']	[False, False]	0.125	12			
46.75	['A3', 'A4', 'C3', 'C4', 'C5', 'F4']	[False, True, True, True, False, True]	0.375	12			
46.875	['A3', 'A4', 'C3', 'C4', 'C5', 'F4']	[False, False, False, False, False, False]	0.375	12			
47.0	['A3', 'A4', 'C3', 'C4', 'C5', 'F4']	[False, False, False, False, False, False]	0.375	12			
47.125	['A3', 'A4', 'C4', 'C5', 'F4']	[False, False, False, False, False]	0.125	12			
47.25	['A3', 'A4', 'C3', 'C4', 'C5', 'F4']	[False, False, True, False, False, False]	0.375	12			
47.375	['A3', 'A4', 'C3', 'C4', 'C5', 'F4']	[False, False, False, False, False, False]	0.375	12			
47.5	['A3', 'A4', 'C3', 'C4', 'C5', 'F4']	[False, False, False, False, False, False]	0.375	12			
47.625	['A3', 'A4', 'C4', 'C5', 'F4']	[False, False, False, False, False]	0.125	12			
47.75	['A3', 'A4', 'C3', 'C4', 'C5', 'F4']	[False, False, True, False, False, False]	0.5	12			
47.875	['A3', 'A4', 'C3', 'C4', 'C5', 'F4']	[False, False, False, False, False, False]	0.5	12			
48.0	['A3', 'A4', 'C3', 'C4', 'C5', 'F4']	[False, False, False, False, False, False]	0.5	13			
48.125	['A3', 'A4', 'C3', 'C4', 'C5', 'F4']	[False, False, False, False, False, False]	0.5	13			
48.25	[]	[]	0.125	13			
48.375	['C3']	[True]	0.375	13			
48.5	['C3']	[False]	0.375	13			
48.625	['C3']	[False]	0.375	13			
48.75	[]	[]	0.125	13			
48.875	['A#3', 'A#4', 'C3', 'C4', 'D#4', 'G4']	[True, True, True, True, True, True]	0.125	13			
49.0	['A#4', 'C3', 'C4', 'D#4', 'G4']	[False, False, True, False, False]	0.125	13			
49.125	['C3', 'C4', 'G4']	[False, False, False]	0.125	13			
49.25	['A#3', 'A4', 'C4', 'D4', 'G4']	[True, True, False, True, False]	0.125	13			
49.375	['A4', 'C3', 'C4', 'D4', 'G4']	[False, True, True, False, False]	0.25	13			
49.5	['A4', 'C3', 'C4', 'D4', 'G4']	[False, False, False, False, False]	0.25	13			
49.625	['A#3', 'C3', 'C4', 'G4']	[True, False, True, True]	0.125	13			
49.75	['C4', 'G4']	[True, False]	0.125	13			
49.875	['C3', 'C4', 'G4']	[True, False, False]	0.125	13			
50.0	['A#3', 'C3', 'C4', 'G4']	[True, False, False, False]	0.25	13			
50.125	['A#3', 'C3', 'C4', 'G4']	[False, False, True, False]	0.25	13			
50.25	['C3', 'C4', 'G4']	[False, False, False]	0.125	13			
50.375	['C4', 'G4']	[False, False]	0.125	13			
50.5	['A#3', 'C3', 'C4', 'G4']	[True, True, False, False]	0.125	13			
50.625	['C3']	[False]	0.125	13			
50.75	['C3', 'C4']	[False, True]	0.125	13			
50.875	['C4']	[False]	0.125	13			
51.0	['A#3', 'A#4', 'C3', 'D#4', 'D4', 'F4']	[True, True, True, True, True, True]	0.125	13			
51.125	['A#3', 'A#4', 'C3', 'C4', 'D#4', 'D4', 'F4']	[False, False, False, True, False, False, False]	0.125	13			
51.25	['A#3', 'C3', 'C4', 'D4', 'F4']	[False, False, False, False, False]	0.125	13			
51.375	['A#3', 'A4', 'D4', 'F4']	[True, True, True, False]	0.125	13			
51.5	['A#3', 'A4', 'C3', 'C4', 'D4', 'F4']	[False, False, True, True, False, False]	0.25	13			
51.625	['A#3', 'A4', 'C3', 'C4', 'D4', 'F4']	[False, False, False, False, False, False]	0.25	13			
51.75	['A#3', 'C3', 'C4', 'D4', 'F4', 'G4']	[True, False, True, False, False, True]	0.125	13			
51.875	['A#3', 'C4', 'D4', 'F4', 'G4']	[False, True, False, False, False]	0.125	13			
52.0	['A#3', 'C3', 'C4', 'D4', 'F4', 'G4']	[False, True, False, False, False, False]	0.375	14			
52.125	['A#3', 'C3', 'C4', 'D4', 'F4', 'G4']	[True, False, False, False, False, False]	0.375	14			
52.25	['A#3', 'C3', 'C4', 'D4', 'F4', 'G4']	[False, False, True, False, False, False]	0.375	14			
52.375	['C3', 'C4', 'G4']	[False, False, False]	0.125	14			
52.5	['C4', 'G4']	[False, False]	0.125	14			
52.625	['A#3', 'C3', 'C4', 'G4']	[True, True, False, False]	0.125	14			
52.75	['C3']	[False]	0.125	14			
52.875	['C3', 'C4']	[False, True]	0.125	14			
53.0	['C4']	[False]	0.125	14			
53.125	['A#3', 'A#4', 'C3', 'D#4', 'G4']	[True, True, True, True, True]	0.125	14			
53.25	['A#3', 'A#4', 'C3', 'C4', 'D#4', 'G4']	[False, False, False, True, False, False]	0.125	14			
53.375	['A#3', 'C3', 'C4', 'G4']	[False, False, False, False]	0.125	14			
53.5	['A#3', 'A4', 'D4', 'G4']	[True, True, True, False]	0.125	14			
53.625	['A#3', 'A4', 'C3', 'C4', 'D4', 'G4']	[False, False, True, True, False, False]	0.25	14			
53.75	['A#3', 'A4', 'C3', 'C4', 'D4', 'G4']	[False, False, False, False, False, False]	0.25	14			
53.875	['A#3', 'C3', 'C4', 'G4']	[True, False, True, True]	0.125	14			
54.0	['A#3', 'C4', 'G4']	[False, True, False]	0.125	14			
54.125	['A#3', 'C3', 'C4', 'G4']	[False, True, False, False]	0.375	14			
54.25	['A#3', 'C3', 'C4', 'G4']	[True, False, False, False]	0.375	14			
54.375	['A#3', 'C3', 'C4', 'G4']	[False, False, True, False]	0.375	14			
54.5	['A#3', 'C3', 'C4', 'G3', 'G4']	[False, False, False, True, False]	0.125	14			
54.625	['G3', 'G4']	[False, False]	0.125	14			
54.75	['A#3', 'C3', 'G#3']	[True, True, True]	0.125	14			
54.875	['A#3', 'C3']	[True, False]	0.125	14			
55.0	['A3', 'C3', 'C4', 'C5']	[True, False, True, True]	0.125	14			
55.125	['A3', 'C4', 'C5']	[False, False, False]	0.125	14			
55.25	['A#3', 'A3', 'A4', 'C3', 'C4', 'C5', 'F4']	[True, False, True, True, True, False, True]	0.125	14			
55.375	['A3', 'A4', 'C3', 'C4', 'C5', 'F4']	[False, False, False, True, False, False]	0.25	14			
55.5	['A3', 'A4', 'C3', 'C4', 'C5', 'F4']	[False, False, False, False, False, False]	0.25	14			
55.625	['A#3', 'A3', 'A4', 'C4', 'C5', 'F4']	[True, False, False, False, False, False]	0.125	14			
55.75	['A3', 'A4', 'C3', 'C4', 'C5', 'F4']	[False, False, True, True, False, False]	0.25	14			
55.875	['A3', 'A4', 'C3', 'C4', 'C5', 'F4']	[False, False, False, False, False, False]	0.25	14			
56.0	['A#3', 'A3', 'A4', 'C3', 'C4', 'C5', 'F4']	[True, False, False, False, False, False, False]	0.125	15			
56.125	['A3', 'A4', 'C4', 'C5', 'F4']	[False, False, True, False, False]	0.125	15			
56.25	['A3', 'A4', 'C3', 'C4', 'C5', 'F4']	[False, False, True, False, False, False]	0.125	15			
56.375	['A#3', 'A3', 'A4', 'C3', 'C4', 'C5', 'F4']	[True, False, False, False, False, False, False]	0.125	15			
56.5	['A#3', 'A3', 'A4', 'C3', 'C4', 'C5', 'D#4', 'F4']	[False, False, False, False, False, False, True, False]	0.125	15			
56.625	['A3', 'A4', 'C3', 'C4', 'D#4', 'F4']	[False, False, False, False, False, False]	0.125	15			
56.75	['D#4']	[False]	0.125	15			
56.875	['C3', 'D#4']	[True, False]	0.125	15			
57.0	['C3']	[False]	0.125	15			
57.125	['A#4', 'C3']	[True, False]	0.125	15			
57.25	['B4']	[True]	0.125	15			
57.375	['C3', 'C4', 'C5', 'D#4', 'G4']	[True, True, True, True, True]	0.25	15			
57.5	['C3', 'C4', 'C5', 'D#4', 'G4']	[False, False, False, False, False]	0.25	15			
57.625	[]	[]	0.125	15			
57.75	['C3', 'C4', 'D#4', 'D#5', 'G4']	[True, True, True, True, True]	0.125	15			
57.875	['D#5']	[False]	0.25	15			
58.0	['D#5']	[False]	0.25	15			
58.125	['C3', 'C4', 'D#4', 'D5', 'G4']	[True, True, True, True, True]	0.125	15			
58.25	['C3', 'C4', 'C5', 'D#4', 'G4']	[False, False, True, False, False]	0.125	15			
58.375	['D5']	[True]	0.125	15			
58.5	['C5']	[True]	0.125	15			
58.625	['C3', 'C4', 'C5', 'D#4', 'G4']	[True, True, False, True, True]	0.125	15			
58.75	['C3', 'C4', 'D#4', 'G4']	[False, False, False, False]	0.125	15			
58.875	[]	[]	0.125	15			
59.0	['C3', 'C4', 'D#4', 'G4']	[True, True, True, True]	0.125	15			
59.125	[]	[]	0.125	15			
59.25	['A#2', 'A#4']	[True, True]	0.125	15			
59.375	['B2', 'B4']	[True, True]	0.125	15			
59.5	['C3', 'C4', 'C5', 'D#4', 'G4']	[True, True, True, True, True]	0.25	15			
59.625	['C3', 'C4', 'C5', 'D#4', 'G4']	[False, False, False, False, False]	0.25	15			
59.75	['D#5']	[True]	0.125	15			
59.875	['C3', 'C4', 'D#4', 'D#5', 'G4']	[True, True, True, False, True]	0.125	15			
60.0	['G5']	[True]	0.25	16			
60.125	['G5']	[False]	0.25	16			
60.25	['C3', 'C4', 'D#4', 'F5', 'G4']	[True, True, True, True, True]	0.25	16			
60.375	['C3', 'C4', 'D#4', 'F5', 'G4']	[False, False, False, True, False]	0.25	16			
60.5	['F5']	[False]	0.25	16			
60.625	['F5']	[False]	0.25	16			
60.75	['C3', 'C4', 'D#4', 'D#5', 'G4']	[True, True, True, True, True]	0.25	16			
60.875	['C3', 'C4', 'D#4', 'D#5', 'G4']	[False, False, False, False, False]	0.25	16			
61.0	['C3', 'C4', 'D#4', 'G4']	[True, True, True, True]	0.25	16			
61.125	['C3', 'C4', 'D#4', 'G4']	[False, False, False, False]	0.25	16			
61.25	[]	[]	0.125	16			
61.375	['A#4', 'D#3']	[True, True]	0.125	16			
61.5	['B4', 'E3']	[True, True]	0.125	16			
61.625	['C5', 'D#4', 'F3', 'F4', 'G#4']	[True, True, True, True, True]	0.25	16			
61.75	['C5', 'D#4', 'F3', 'F4', 'G#4']	[False, False, False, False, False]	0.25	16			
61.875	['D#5']	[True]	0.125	16			
62.0	['C5', 'D#4', 'D#5', 'F3', 'F4', 'G#4']	[True, True, False, True, True, True]	0.125	16			
62.125	['D#5']	[False]	0.25	16			
62.25	['D#5']	[False]	0.25	16			
62.375	['C5', 'D#4', 'D5', 'F3', 'F4', 'G#4']	[True, True, True, True, True, True]	0.125	16			
62.5	['C5', 'D#4', 'F3', 'F4', 'G#4']	[True, False, False, False, False]	0.125	16			
62.625	['D5']	[True]	0.125	16			
62.75	['C5']	[True]	0.125	16			
62.875	['C5', 'D#4', 'F3', 'F4', 'G#4']	[True, True, True, True, True]	0.25	16			
63.0	['C5', 'D#4', 'F3', 'F4', 'G#4']	[False, False, False, False, False]	0.25	16			
63.125	['C5', 'D#4', 'F2', 'F4', 'G#4']	[True, True, True, True, True]	0.25	16			
63.25	['C5', 'D#4', 'F2', 'F4', 'G#4']	[False, False, False, False, False]	0.25	16			
63.375	[]	[]	0.125	16			
63.5	['A#2', 'A#4']	[True, True]	0.125	16			
63.625	['B2', 'B4']	[True, True]	0.125	16			
63.75	['C3', 'C4', 'C5', 'D#4', 'G4']	[True, True, True, True, True]	0.25	16			
63.875	['C3', 'C4', 'C5', 'D#4', 'G4']	[False, False, False, False, False]	0.25	16			
64.0	['D#5']	[True]	0.125	17			
64.125	['C3', 'C4', 'D#4', 'D#5', 'G4']	[True, True, True, False, True]	0.125	17			
64.25	['G5']	[True]	0.25	17			
64.375	['G5']	[False]	0.25	17			
64.5	['C3', 'C4', 'D#4', 'F5', 'G4']	[True, True, True, True, True]	0.25	17			
64.625	['C3', 'C4', 'D#4', 'F5', 'G4']	[False, False, False, True, False]	0.25	17			
64.75	['F5']	[False]	0.25	17			
64.875	['F5']	[False]	0.25	17			
65.0	['C3', 'C4', 'D#4', 'D#5', 'G4']	[True, True, True, True, True]	0.25	17			
65.125	['C3', 'C4', 'D#4', 'D#5', 'G4']	[False, False, False, False, False]	0.25	17			
65.25	['C3', 'C4', 'D#4', 'G4']	[True, True, True, True]	0.25	17			
65.375	['C3', 'C4', 'D#4', 'G4']	[False, False, False, False]	0.25	17			
65.5	[]	[]	0.125	17			
65.625	['A#3', 'A#4', 'F3']	[True, True, True]	0.125	17			
65.75	['B3', 'B4', 'F#3']	[True, True, True]	0.125	17			
65.875	['B3', 'C4', 'C5', 'D4', 'G3']	[True, True, True, True, True]	0.25	17			
66.0	['B3', 'C4', 'C5', 'D4', 'G3']	[False, False, False, False, False]	0.25	17			
66.125	['A#3', 'B3', 'D#4', 'D#5', 'D4', 'G2']	[True, False, True, True, False, True]	0.5	17			
66.25	['A#3', 'B3', 'D#4', 'D#5', 'D4', 'G2']	[False, False, False, False, False, False]	0.5	17			
66.375	['A#3', 'B3', 'D#4', 'D#5', 'D4', 'G2']	[False, False, False, False, False, False]	0.5	17			
66.5	['A#3', 'B3', 'D#4', 'D#5', 'D4', 'G2']	[False, False, False, False, False, False]	0.5	17			
66.625	['A3', 'D4', 'D5', 'G2']	[True, True, True, False]	0.125	17			
66.75	['C4', 'C5', 'G3']	[True, True, True]	0.125	17			
66.875	['A3', 'C4', 'D4', 'D5', 'F2', 'F4']	[True, True, True, True, True, True]	0.125	17			
67.0	['A3', 'C4', 'C5', 'F2', 'F4']	[False, True, True, False, False]	0.625	17			
67.125	['A3', 'C4', 'C5', 'F2', 'F4']	[False, False, False, False, False]	0.625	17			
67.25	['A3', 'C4', 'C5', 'F2', 'F4']	[False, False, False, False, False]	0.625	17			
67.375	['A3', 'C4', 'C5', 'F2', 'F4']	[False, False, False, False, False]	0.625	17			
67.5	['A3', 'C4', 'C5', 'F2', 'F4']	[False, False, False, False, False]	0.625	17			
67.625	['A3', 'C4', 'F2', 'F4']	[False, False, False, False]	0.125	17			
67.75	['A#4', 'A3', 'C4', 'F2', 'F4']	[True, False, False, False, False]	0.125	17			
67.875	['A3', 'B4', 'C4', 'F2', 'F4']	[False, True, False, False, False]	0.125	17			
68.0	['A3', 'C4', 'C5', 'F2', 'F4']	[False, False, True, False, False]	0.25	18			
68.125	['A3', 'C4', 'C5', 'F2', 'F4']	[False, False, False, False, False]	0.25	18			
68.25	['A3', 'C4', 'D#5', 'F2', 'F4']	[False, False, True, False, False]	0.25	18			
68.375	['A3', 'C4', 'D#5', 'F2', 'F4']	[False, False, False, False, False]	0.25	18			
68.5	['A3', 'C4', 'F2', 'F4', 'G5']	[False, False, False, False, True]	0.25	18			
68.625	['A3', 'C4', 'F2', 'F4', 'G5']	[False, False, False, False, False]	0.25	18			
68.75	['A3', 'C4', 'F2', 'F4', 'F5']	[False, False, False, False, True]	0.125	18			
68.875	['A3', 'C4', 'D#5', 'F2', 'F4']	[False, False, True, False, False]	0.25	18			
69.0	['A3', 'C4', 'D#5', 'F2', 'F4']	[False, False, False, False, False]	0.25	18			
69.125	['A#4', 'A3', 'C4', 'F4']	[True, False, False, False]	0.25	18			
69.25	['A#4', 'A3', 'C4', 'F4']	[False, False, False, False]	0.25	18			
69.375	['A#4']	[True]	0.5	18			
69.5	['A#4']	[False]	0.5	18			
69.625	['A#4']	[False]	0.5	18			
69.75	['A#4']	[True]	0.5	18			
69.875	['A#2', 'A#4']	[True, True]	0.125	18			
70.0	['B2']	[True]	0.125	18			
70.125	['A#4', 'C3', 'C4', 'D#4', 'G4']	[True, True, True, True, True]	0.125	18			
70.25	['C3', 'C4', 'C5', 'D#4', 'G4']	[False, False, True, False, False]	0.125	18			
70.375	['C3', 'C4', 'G4']	[False, False, False]	0.125	18			
70.5	['A4', 'C4', 'D4', 'G4']	[True, False, True, False]	0.125	18			
70.625	['A4', 'C3', 'C4', 'D4', 'G4']	[False, True, False, False, False]	0.25	18			
70.75	['A4', 'C3', 'C4', 'D4', 'G4']	[False, False, False, False, False]	0.25	18			
70.875	['C3', 'C4', 'G4']	[False, True, True]	0.125	18			
71.0	['C4', 'G4']	[False, False]	0.125	18			
71.125	['C3', 'C4', 'G4']	[True, False, False]	0.75	18			
71.25	['C3', 'C4', 'G4']	[False, False, False]	0.75	18			
71.375	['C3', 'C4', 'G4']	[False, False, False]	0.75	18			
71.5	['C3', 'C4', 'G4']	[False, False, False]	0.75	18			
71.625	['C3', 'C4', 'G4']	[True, False, False]	0.75	18			
71.75	['C3', 'C4', 'G4']	[False, False, False]	0.75	18			
71.875	['C3']	[False]	0.25	18			
72.0	['C3']	[False]	0.25	19			
72.125	[]	[]	0.125	19			
72.25	['A#3', 'A#4', 'C3', 'D#4', 'D4', 'F4']	[True, True, True, True, True, True]	0.25	19			
72.375	['A#3', 'A#4', 'C3', 'D#4', 'D4', 'F4']	[False, False, False, False, False, False]	0.25	19			
72.5	['A#3', 'C3', 'D4', 'F4']	[False, False, False, False]	0.125	19			
72.625	['A#3', 'A4', 'D4', 'F4']	[False, True, True, False]	0.125	19			
72.75	['A#3', 'A4', 'C3', 'D4', 'F4']	[False, False, True, False, False]	0.25	19			
72.875	['A#3', 'A4', 'C3', 'D4', 'F4']	[False, False, False, False, False]	0.25	19			
73.0	['A#3', 'C3', 'C4', 'D4', 'F4', 'G4']	[False, False, True, False, False, True]	0.125	19			
73.125	['A#3', 'C4', 'D4', 'F4', 'G4']	[False, False, False, False, False]	0.125	19			
73.25	['A#3', 'C3', 'C4', 'D4', 'F4', 'G4']	[False, True, False, False, False, False]	0.375	19			
73.375	['A#3', 'C3', 'C4', 'D4', 'F4', 'G4']	[False, False, False, False, False, False]	0.375	19			
73.5	['A#3', 'C3', 'C4', 'D4', 'F4', 'G4']	[False, False, False, False, False, False]	0.375	19			
73.625	['C3', 'C4', 'G4']	[False, False, False]	0.375	19			
73.75	['C3', 'C4', 'G4']	[True, False, False]	0.375	19			
73.875	['C3', 'C4', 'G4']	[False, False, False]	0.375	19			
74.0	['C3']	[False]	0.25	19			
74.125	['C3']	[False]	0.25	19			
74.25	[]	[]	0.125	19			
74.375	['F2', 'F3', 'F5']	[True, True, True]	0.25	19			
74.5	['F2', 'F3', 'F5']	[False, False, False]	0.25	19			
74.625	['F3', 'F5']	[False, True]	0.125	19			
74.75	['F2', 'F3', 'F5']	[True, False, False]	0.25	19			
74.875	['F2', 'F3', 'F5']	[True, False, True]	0.25	19			
75.0	['D#5', 'F2', 'F3']	[True, False, False]	0.125	19			
75.125	['F3', 'F5']	[False, True]	0.125	19			
75.25	['F3', 'G#5']	[False, True]	0.375	19			
75.375	['F3', 'G#5']	[False, False]	0.375	19			
75.5	['F3', 'G#5']	[True, False]	0.375	19			
75.625	['F2', 'F4', 'F5']	[True, True, True]	0.375	19			
75.75	['F2', 'F4', 'F5']	[False, False, False]	0.375	19			
75.875	['F2', 'F4', 'F5']	[False, False, False]	0.375	19			
76.0	['F2', 'F4', 'F5', 'G2']	[False, False, False, True]	0.125	20			
76.125	['F5', 'G2']	[False, False]	0.125	20			
76.25	['C4', 'F5', 'G2']	[True, False, False]	0.125	20			
76.375	[]	[]	0.125	20			
76.5	['F5', 'G#2', 'G#3']	[True, True, True]	0.25	20			
76.625	['F5', 'G#2', 'G#3']	[False, False, False]	0.25	20			
76.75	['F5', 'G#3']	[True, False]	0.125	20			
76.875	['F5', 'G#2', 'G#3']	[False, True, False]	0.25	20			
77.0	['F5', 'G#2', 'G#3']	[True, True, False]	0.25	20			
77.125	['D#5', 'G#2', 'G#3']	[True, False, False]	0.125	20			
77.25	['F5', 'G#3']	[True, False]	0.125	20			
77.375	['G#3', 'G#5']	[False, True]	0.25	20			
77.5	['G#3', 'G#5']	[True, False]	0.25	20			
77.625	['G#2', 'G#3', 'G#5']	[True, False, False]	0.125	20			
77.75	['F4', 'F5', 'G#2']	[True, True, False]	0.5	20			
77.875	['F4', 'F5', 'G#2']	[False, False, False]	0.5	20			
78.0	['F4', 'F5', 'G#2']	[False, False, False]	0.5	20			
78.125	['F4', 'F5', 'G#2']	[False, False, True]	0.5	20			
78.25	['F5', 'G#2']	[False, False]	0.125	20			
78.375	['C4', 'F5', 'G#2']	[True, False, False]	0.125	20			
78.5	[]	[]	0.125	20			
78.625	['A#2', 'A#3', 'F5']	[True, True, True]	0.25	20			
78.75	['A#2', 'A#3', 'F5']	[False, False, False]	0.25	20			
78.875	['A#3', 'F5']	[False, True]	0.125	20			
79.0	['A#2', 'A#3', 'F5']	[True, False, False]	0.25	20			
79.125	['A#2', 'A#3', 'F5']	[True, False, True]	0.25	20			
79.25	['A#2', 'A#3', 'D#5']	[False, False, True]	0.125	20			
79.375	['A#3', 'F5']	[False, True]	0.125	20			
79.5	['A#3', 'G#5']	[False, True]	0.375	20			
79.625	['A#3', 'G#5']	[False, False]	0.375	20			
79.75	['A#3', 'G#5']	[True, False]	0.375	20			
79.875	['A#2', 'F4', 'F5']	[True, True, True]	0.375	20			
80.0	['A#2', 'F4', 'F5']	[False, False, False]	0.375	21			
80.125	['A#2', 'F4', 'F5']	[False, False, False]	0.375	21			
80.25	['A#2', 'C3', 'F4', 'F5']	[False, True, False, False]	0.125	21			
80.375	['C3', 'F5']	[False, False]	0.125	21			
80.5	['C3', 'C4', 'F5']	[False, True, False]	0.125	21			
80.625	[]	[]	0.125	21			
80.75	['A#3', 'C#3', 'D#4', 'D#5']	[True, True, True, True]	0.125	21			
80.875	['C#3', 'C4', 'F4', 'F5']	[True, True, True, True]	0.25	21			
81.0	['C#3', 'C4', 'F4', 'F5']	[False, False, False, False]	0.25	21			
81.125	['A#3', 'C#3', 'D#4', 'D#5']	[True, True, True, True]	0.125	21			
81.25	['C#3', 'C4', 'F4', 'F5']	[True, True, True, True]	0.25	21			
81.375	['C#3', 'C4', 'F4', 'F5']	[False, False, False, False]	0.25	21			
81.5	['A#3', 'C#3', 'D#4', 'D#5']	[True, True, True, True]	0.125	21			
81.625	['C#3', 'C4', 'F4', 'F5']	[True, True, True, True]	0.25	21			
81.75	['C#3', 'C4', 'F4', 'F5']	[False, False, False, False]	0.25	21			
81.875	['A#3', 'C#3', 'D#4', 'D#5']	[True, True, True, True]	0.125	21			
82.0	['C#3', 'C4', 'F4', 'F5']	[True, True, True, True]	0.25	21			
82.125	['C#3', 'C4', 'F4', 'F5']	[False, False, False, False]	0.25	21			
82.25	['A#3', 'C#3', 'D#4', 'D#5']	[True, True, True, True]	0.25	21			
82.375	['A#3', 'C#3', 'D#4', 'D#5']	[False, False, False, False]	0.25	21			
82.5	[]	[]	0.125	21			
82.625	['C#3', 'C4', 'F4', 'F5']	[True, True, True, True]	0.125	21			
82.75	['F5']	[False]	0.125	21			
82.875	['A#4', 'C3', 'C4', 'D#4', 'G4', 'G5']	[True, True, True, True, True, True]	0.25	21			
83.0	['A#4', 'C3', 'C4', 'D#4', 'G4', 'G5']	[False, False, False, False, False, False]	0.25	21			
83.125	['C3', 'C4', 'G4', 'G5']	[False, False, False, False]	0.125	21			
83.25	['A4', 'C4', 'D4', 'G4', 'G5']	[True, False, True, False, False]	0.125	21			
83.375	['A4', 'C3', 'C4', 'D4', 'G4', 'G5']	[False, True, False, False, False, False]	0.25	21			
83.5	['A4', 'C3', 'C4', 'D4', 'G4', 'G5']	[False, False, False, False, False, False]	0.25	21			
83.625	['C3', 'C4', 'G4', 'G5']	[False, True, True, False]	0.125	21			
83.75	['C4', 'G4', 'G5']	[False, False, False]	0.125	21			
83.875	['C3', 'C4', 'G4', 'G5']	[True, False, False, False]	0.375	21			
84.0	['C3', 'C4', 'G4', 'G5']	[False, False, False, False]	0.375	22			
84.125	['C3', 'C4', 'G4', 'G5']	[False, False, False, False]	0.375	22			
84.25	['C4', 'G4', 'G5']	[False, False, False]	0.125	22			
84.375	['C3', 'C4', 'G4', 'G5']	[True, False, False, False]	0.25	22			
84.5	['C3', 'C4', 'G4', 'G5']	[False, False, False, False]	0.25	22			
84.625	['C3', 'G5']	[False, False]	0.25	22			
84.75	['C3', 'G5']	[False, False]	0.25	22			
84.875	['G5']	[False]	0.125	22			
85.0	['A#3', 'A#4', 'C3', 'D#4', 'D4', 'F4', 'G5']	[True, True, True, True, True, True, False]	0.25	22			
85.125	['A#3', 'A#4', 'C3', 'D#4', 'D4', 'F4', 'G5']	[False, False, False, False, False, False, False]	0.25	22			
85.25	['A#3', 'C3', 'D4', 'F4', 'G5']	[False, False, False, False, False]	0.125	22			
85.375	['A#3', 'A4', 'D4', 'F4', 'G5']	[False, True, True, False, False]	0.125	22			
85.5	['A#3', 'A4', 'C3', 'D4', 'F4', 'G5']	[False, False, True, False, False, False]	0.25	22			
85.625	['A#3', 'A4', 'C3', 'D4', 'F4', 'G5']	[False, False, False, False, False, False]	0.25	22			
85.75	['A#3', 'C3', 'C4', 'D4', 'F4', 'G4', 'G5']	[False, False, True, False, False, True, False]	0.125	22			
85.875	['A#3', 'C4', 'D4', 'F4', 'G4', 'G5']	[False, False, False, False, False, False]	0.125	22			
86.0	['A#3', 'C3', 'C4', 'D4', 'F4', 'G4', 'G5']	[False, True, False, False, False, False, False]	0.375	22			
86.125	['A#3', 'C3', 'C4', 'D4', 'F4', 'G4', 'G5']	[False, False, False, False, False, False, False]	0.375	22			
86.25	['A#3', 'C3', 'C4', 'D4', 'F4', 'G4', 'G5']	[False, False, False, False, False, False, False]	0.375	22			
86.375	['C4', 'G4', 'G5']	[False, False, False]	0.125	22			
86.5	['C3', 'C4', 'G4', 'G5']	[True, False, False, False]	0.25	22			
86.625	['C3', 'C4', 'G4', 'G5']	[False, False, False, False]	0.25	22			
86.75	['C3', 'G5']	[False, False]	0.25	22			
86.875	['C3', 'G5']	[False, False]	0.25	22			
87.0	['G5']	[False]	0.125	22			
87.125	['A#3', 'A#4', 'C3', 'D#4', 'G4']	[True, True, True, True, True]	0.125	22			
87.25	['A#3', 'A#4', 'C3', 'C4', 'D#4', 'G4']	[False, False, False, True, False, False]	0.125	22			
87.375	['A#3', 'C3', 'C4', 'G4']	[False, False, False, False]	0.125	22			
87.5	['A#3', 'A4', 'D4', 'G4']	[True, True, True, False]	0.125	22			
87.625	['A#3', 'A4', 'C3', 'C4', 'D4', 'G4']	[False, False, True, True, False, False]	0.25	22			
87.75	['A#3', 'A4', 'C3', 'C4', 'D4', 'G4']	[False, False, False, False, False, False]	0.25	22			
87.875	['A#3', 'C3', 'C4', 'G4']	[True, False, True, True]	0.125	22			
88.0	['A#3', 'C4', 'G4']	[False, True, False]	0.125	23			
88.125	['A#3', 'C3', 'C4', 'G4']	[False, True, False, False]	0.375	23			
88.25	['A#3', 'C3', 'C4', 'G4']	[True, False, False, False]	0.375	23			
88.375	['A#3', 'C3', 'C4', 'G4']	[False, False, True, False]	0.375	23			
88.5	['C4', 'G3', 'G4']	[False, True, False]	0.125	23			
88.625	['A#3', 'C3', 'G#3', 'G3', 'G4']	[True, True, True, False, False]	0.125	23			
88.75	['A#3', 'C3', 'G#3']	[True, False, False]	0.125	23			
88.875	['A#3', 'C3']	[False, False]	0.125	23			
89.0	['A3', 'C3', 'C4']	[True, False, True]	0.125	23			
89.125	['A3', 'C4']	[False, False]	0.125	23			
89.25	['A#3', 'A3', 'C3', 'C4']	[True, False, True, False]	0.125	23			
89.375	['A3', 'C3', 'C4']	[False, False, True]	0.25	23			
89.5	['A3', 'C3', 'C4']	[False, False, False]	0.25	23			
89.625	['A#3', 'A3', 'C4']	[True, False, False]	0.125	23			
89.75	['A3', 'C3', 'C4']	[False, True, True]	0.25	23			
89.875	['A3', 'C3', 'C4']	[False, False, False]	0.25	23			
90.0	['A#3', 'A3', 'C3']	[True, False, False]	0.125	23			
90.125	['A3', 'C4']	[False, True]	0.125	23			
90.25	['A3', 'C3', 'C4']	[False, True, False]	0.125	23			
90.375	['A#3', 'A3', 'C3']	[True, False, False]	0.125	23			
90.5	['A3', 'C3', 'C4']	[False, False, True]	0.125	23			
90.625	['C4']	[False]	0.125	23			
90.75	['A#3', 'C3']	[True, True]	0.25	23			
90.875	['A#3', 'C3']	[False, False]	0.25	23			
91.0	['C3', 'C4']	[False, True]	0.25	23			
91.125	['C3', 'C4']	[False, False]	0.25	23			
91.25	[]	[]	0.125	23			
91.375	['C3', 'C4', 'C5', 'D#4', 'G4']	[True, True, True, True, True]	0.25	23			
91.5	['C3', 'C4', 'C5', 'D#4', 'G4']	[False, False, False, False, False]	0.25	23			
91.625	['C5']	[False]	0.125	23			
91.75	['C3', 'C4', 'C5', 'D#4', 'G4']	[True, True, False, True, True]	0.125	23			
91.875	['C5']	[False]	0.25	23			
92.0	['C5']	[False]	0.25	24			
92.125	['C3', 'C4', 'C5', 'D#4', 'G4']	[True, True, False, True, True]	0.25	24			
92.25	['C3', 'C4', 'C5', 'D#4', 'G4']	[False, False, False, False, False]	0.25	24			
92.375	['C5']	[False]	0.125	24			
92.5	[]	[]	0.125	24			
92.625	['C3', 'C4', 'D#4', 'G4']	[True, True, True, True]	0.5	24			
92.75	['C3', 'C4', 'D#4', 'G4']	[False, False, False, False]	0.5	24			
92.875	['C3', 'C4', 'D#4', 'G4']	[True, True, True, True]	0.5	24			
93.0	['C3', 'C4', 'D#4', 'G4']	[False, False, False, False]	0.5	24			
93.125	['A#2', 'A#4']	[True, True]	0.25	24			
93.25	['A#2', 'A#4']	[False, False]	0.25	24			
93.375	['B2', 'G4']	[True, True]	0.125	24			
93.5	['C3', 'C4', 'D#4', 'F4', 'G4']	[True, True, True, True, True]	0.125	24			
93.625	['C3', 'C4', 'D#4', 'G4']	[False, False, True, False]	0.125	24			
93.75	['C4']	[True]	0.125	24			
93.875	['C3', 'C4', 'D#4', 'G4']	[True, True, True, True]	0.125	24			
94.0	['C4']	[False]	0.25	24			
94.125	['C4']	[False]	0.25	24			
94.25	['C3', 'C4', 'D#4', 'G4']	[True, True, True, True]	0.25	24			
94.375	['C3', 'C4', 'D#4', 'G4']	[False, False, False, False]	0.25	24			
94.5	['C4']	[True]	0.25	24			
94.625	['C4']	[False]	0.25	24			
94.75	['C3', 'C4', 'D#4', 'G4']	[True, True, True, True]	0.5	24			
94.875	['C3', 'C4', 'D#4', 'G4']	[False, False, False, False]	0.5	24			
95.0	['C3', 'C4', 'D#4', 'G4']	[True, True, True, True]	0.5	24			
95.125	['C3', 'C4', 'D#4', 'G4']	[False, False, False, False]	0.5	24			
95.25	['D#3']	[True]	0.25	24			
95.375	['D#3']	[False]	0.25	24			
95.5	['E3']	[True]	0.125	24			
95.625	['C4', 'F3', 'F4', 'G#4']	[True, True, True, True]	0.25	24			
95.75	['C4', 'F3', 'F4', 'G#4']	[False, False, False, False]	0.25	24			
95.875	['F4']	[True]	0.125	24			
96.0	['C4', 'F3', 'F4', 'G#4']	[True, True, True, True]	0.125	25			
96.125	['D#4']	[True]	0.125	25			
96.25	['F4']	[True]	0.125	25			
96.375	['C4', 'F3', 'F4', 'G#4']	[True, True, True, True]	0.125	25			
96.5	['C4', 'D#4', 'F3', 'F4', 'G#4']	[False, True, False, False, False]	0.125	25			
96.625	['F4']	[True]	0.25	25			
96.75	['F4']	[True]	0.25	25			
96.875	['C4', 'D#4', 'F3', 'F4', 'G#4']	[True, True, True, True, True]	0.125	25			
97.0	['C4', 'F3', 'F4', 'G#4']	[False, False, True, False]	0.125	25			
97.125	['C4', 'F2', 'F4', 'G#4']	[True, True, True, True]	0.25	25			
97.25	['C4', 'F2', 'F4', 'G#4']	[False, False, False, False]	0.25	25			
97.375	['A#2', 'F4']	[True, False]	0.25	25			
97.5	['A#2', 'F4']	[False, False]	0.25	25			
97.625	['B2']	[True]	0.125	25			
97.75	['C3', 'C4', 'D#4', 'G4']	[True, True, True, True]	0.25	25			
97.875	['C3', 'C4', 'D#4', 'G4']	[False, False, False, False]	0.25	25			
98.0	['C4']	[True]	0.125	25			
98.125	['C3', 'C4', 'D#4', 'D4', 'G4']	[True, True, True, True, True]	0.125	25			
98.25	['D#4']	[True]	0.25	25			
98.375	['D#4']	[False]	0.25	25			
98.5	['C3', 'C4', 'D#4', 'D4', 'G4']	[True, True, True, True, True]	0.125	25			
98.625	['C3', 'C4', 'D#4', 'G4']	[False, True, False, False]	0.125	25			
98.75	['D#4']	[True]	0.125	25			
98.875	['C4']	[True]	0.125	25			
99.0	['C3', 'C4', 'D#4', 'G4']	[True, True, True, True]	0.5	25			
99.125	['C3', 'C4', 'D#4', 'G4']	[False, False, False, False]	0.5	25			
99.25	['C3', 'C4', 'D#4', 'G4']	[True, True, True, True]	0.5	25			
99.375	['C3', 'C4', 'D#4', 'G4']	[False, False, False, False]	0.5	25			
99.5	['A#4', 'C4']	[True, False]	0.25	25			
99.625	['A#4', 'C4']	[False, False]	0.25	25			
99.75	['B4']	[True]	0.125	25			
99.875	['B3', 'C4', 'C5', 'D4', 'G3']	[True, True, True, True, True]	0.125	25			
100.0	['B3', 'D4']	[False, False]	0.125	26			
100.125	['A#3', 'B3', 'D#4', 'D#5', 'D4', 'G2']	[True, False, True, True, False, True]	0.5	26			
100.25	['A#3', 'B3', 'D#4', 'D#5', 'D4', 'G2']	[False, False, False, False, False, False]	0.5	26			
100.375	['A#3', 'B3', 'D#4', 'D#5', 'D4', 'G2']	[False, False, False, False, False, False]	0.5	26			
100.5	['A#3', 'B3', 'D#4', 'D#5', 'D4', 'G2']	[False, False, False, False, False, False]	0.5	26			
100.625	['A3', 'D4', 'D5', 'G2']	[True, True, True, False]	0.125	26			
100.75	['C4', 'C5', 'G3']	[True, True, True]	0.125	26			
100.875	['A3', 'C4', 'D4', 'D5', 'F2', 'F4']	[True, True, True, True, True, True]	0.125	26			
101.0	['A3', 'C4', 'C5', 'F2', 'F4']	[False, True, True, False, False]	0.625	26			
101.125	['A3', 'C4', 'C5', 'F2', 'F4']	[False, False, False, False, False]	0.625	26			
101.25	['A3', 'C4', 'C5', 'F2', 'F4']	[False, False, False, False, False]	0.625	26			
101.375	['A3', 'C4', 'C5', 'F2', 'F4']	[False, False, False, False, False]	0.625	26			
101.5	['A3', 'C4', 'C5', 'F2', 'F4']	[False, False, False, False, False]	0.625	26			
101.625	['A#4', 'A3', 'C4', 'F2', 'F4']	[True, False, False, False, False]	0.25	26			
101.75	['A#4', 'A3', 'C4', 'F2', 'F4']	[False, False, False, False, False]	0.25	26			
101.875	['A3', 'B4', 'C4', 'F2', 'F4']	[False, True, False, False, False]	0.125	26			
102.0	['A3', 'C4', 'C5', 'F2', 'F4']	[False, False, True, False, False]	0.125	26			
102.125	['A3', 'C4', 'F2', 'F4']	[False, False, False, False]	0.125	26			
102.25	['A3', 'C4', 'D#5', 'F2', 'F4']	[False, False, True, False, False]	0.25	26			
102.375	['A3', 'C4', 'D#5', 'F2', 'F4']	[False, False, False, False, False]	0.25	26			
102.5	['A3', 'C4', 'F2', 'F4', 'G5']	[False, False, False, False, True]	0.25	26			
102.625	['A3', 'C4', 'F2', 'F4', 'G5']	[False, False, False, False, False]	0.25	26			
102.75	['A3', 'C4', 'F2', 'F4', 'F5']	[False, False, False, False, True]	0.125	26			
102.875	['A3', 'C4', 'D#5', 'F2', 'F4']	[False, False, True, False, False]	0.125	26			
103.0	['A3', 'C4', 'D#5', 'F4']	[False, False, False, False]	0.125	26			
103.125	['A#4', 'A3', 'C4', 'F4']	[True, False, False, False]	0.25	26			
103.25	['A#4', 'A3', 'C4', 'F4']	[False, False, False, False]	0.25	26			
103.375	['A#4']	[True]	0.375	26			
103.5	['A#4']	[False]	0.375	26			
103.625	['A#4']	[True]	0.375	26			
103.75	['A#2', 'A#4']	[True, True]	0.25	26			
103.875	['A#2', 'A#4']	[False, False]	0.25	26			
104.0	['B2']	[True]	0.125	27			
104.125	['A#4', 'C3', 'C4', 'D#4', 'G4']	[True, True, True, True, True]	0.125	27			
104.25	['C3', 'C4', 'C5', 'D#4', 'G4']	[False, False, True, False, False]	0.125	27			
104.375	['C3', 'C4', 'G4']	[False, False, False]	0.125	27			
104.5	['A4', 'C4', 'D4', 'G4']	[True, False, True, False]	0.125	27			
104.625	['A4', 'C3', 'C4', 'D4', 'G4']	[False, True, False, False, False]	0.25	27			
104.75	['A4', 'C3', 'C4', 'D4', 'G4']	[False, False, False, False, False]	0.25	27			
104.875	['C3', 'C4', 'G4']	[False, True, True]	0.125	27			
105.0	['C4', 'G4']	[False, False]	0.125	27			
105.125	['C3', 'C4', 'G4']	[True, False, False]	0.375	27			
105.25	['C3', 'C4', 'G4']	[False, False, False]	0.375	27			
105.375	['C3', 'C4', 'G4']	[False, False, False]	0.375	27			
105.5	['C4', 'G4']	[False, False]	0.125	27			
105.625	['C3', 'C4', 'G4']	[True, False, False]	0.25	27			
105.75	['C3', 'C4', 'G4']	[False, False, False]	0.25	27			
105.875	['C3']	[False]	0.25	27			
106.0	['C3']	[False]	0.25	27			
106.125	[]	[]	0.125	27			
106.25	['A#3', 'A#4', 'C3', 'D#4', 'D4', 'F4']	[True, True, True, True, True, True]	0.25	27			
106.375	['A#3', 'A#4', 'C3', 'D#4', 'D4', 'F4']	[False, False, False, False, False, False]	0.25	27			
106.5	['A#3', 'C3', 'D4', 'F4']	[False, False, False, False]	0.125	27			
106.625	['A#3', 'A4', 'D4', 'F4']	[False, True, True, False]	0.125	27			
106.75	['A#3', 'A4', 'C3', 'D4', 'F4']	[False, False, True, False, False]	0.25	27			
106.875	['A#3', 'A4', 'C3', 'D4', 'F4']	[False, False, False, False, False]	0.25	27			
107.0	['A#3', 'C3', 'C4', 'D4', 'F4', 'G4']	[False, False, True, False, False, True]	0.125	27			
107.125	['A#3', 'C4', 'D4', 'F4', 'G4']	[False, False, False, False, False]	0.125	27			
107.25	['A#3', 'C3', 'C4', 'D4', 'F4', 'G4']	[False, True, False, False, False, False]	0.375	27			
107.375	['A#3', 'C3', 'C4', 'D4', 'F4', 'G4']	[False, False, False, False, False, False]	0.375	27			
107.5	['A#3', 'C3', 'C4', 'D4', 'F4', 'G4']	[False, False, False, False, False, False]	0.375	27			
107.625	['C4', 'G4']	[False, False]	0.125	27			
107.75	['C3', 'C4', 'G4']	[True, False, False]	0.25	27			
107.875	['C3', 'C4', 'G4']	[False, False, False]	0.25	27			
108.0	['C3']	[False]	0.25	28			
108.125	['C3']	[False]	0.25	28			
108.25	[]	[]	0.125	28			
108.375	['F2', 'F3', 'F5']	[True, True, True]	0.125	28			
108.5	['F2', 'F3']	[False, False]	0.125	28			
108.625	['F3', 'F5']	[False, True]	0.125	28			
108.75	['F2', 'F3', 'F5']	[True, False, False]	0.25	28			
108.875	['F2', 'F3', 'F5']	[True, False, True]	0.25	28			
109.0	['D#5', 'F2', 'F3']	[True, False, False]	0.125	28			
109.125	['F3', 'F5']	[False, True]	0.125	28			
109.25	['F3', 'G#5']	[False, True]	0.375	28			
109.375	['F3', 'G#5']	[False, False]	0.375	28			
109.5	['F3', 'G#5']	[True, False]	0.375	28			
109.625	['F2', 'F4', 'F5']	[True, True, True]	0.375	28			
109.75	['F2', 'F4', 'F5']	[False, False, False]	0.375	28			
109.875	['F2', 'F4', 'F5']	[False, False, False]	0.375	28			
110.0	['F4', 'F5', 'G2']	[False, False, True]	0.125	28			
110.125	['C4', 'F5', 'G2']	[True, False, False]	0.25	28			
110.25	['C4', 'F5', 'G2']	[False, False, False]	0.25	28			
110.375	[]	[]	0.125	28			
110.5	['F5', 'G#2', 'G#3']	[True, True, True]	0.125	28			
110.625	['G#2', 'G#3']	[False, False]	0.125	28			
110.75	['F5', 'G#3']	[True, False]	0.125	28			
110.875	['F5', 'G#2', 'G#3']	[False, True, False]	0.25	28			
111.0	['F5', 'G#2', 'G#3']	[True, True, False]	0.25	28			
111.125	['D#5', 'G#2', 'G#3']	[True, False, False]	0.125	28			
111.25	['F5', 'G#3']	[True, False]	0.125	28			
111.375	['G#3', 'G#5']	[False, True]	0.25	28			
111.5	['G#3', 'G#5']	[True, False]	0.25	28			
111.625	['G#2', 'G#3', 'G#5']	[True, False, False]	0.125	28			
111.75	['F4', 'F5', 'G#2']	[True, True, False]	0.5	28			
111.875	['F4', 'F5', 'G#2']	[False, False, False]	0.5	28			
112.0	['F4', 'F5', 'G#2']	[False, False, False]	0.5	29			
112.125	['F4', 'F5', 'G#2']	[False, False, True]	0.5	29			
112.25	['C4', 'F5', 'G#2']	[True, False, False]	0.25	29			
112.375	['C4', 'F5', 'G#2']	[False, False, False]	0.25	29			
112.5	[]	[]	0.125	29			
112.625	['A#2', 'A#3', 'F5']	[True, True, True]	0.125	29			
112.75	['A#2', 'A#3']	[False, False]	0.125	29			
112.875	['A#3', 'F5']	[False, True]	0.125	29			
113.0	['A#2', 'A#3', 'F5']	[True, False, False]	0.25	29			
113.125	['A#2', 'A#3', 'F5']	[True, False, True]	0.25	29			
113.25	['A#2', 'A#3', 'D#5']	[False, False, True]	0.125	29			
113.375	['A#3', 'F5']	[False, True]	0.125	29			
113.5	['A#3', 'G#5']	[False, True]	0.375	29			
113.625	['A#3', 'G#5']	[False, False]	0.375	29			
113.75	['A#3', 'G#5']	[True, False]	0.375	29			
113.875	['A#2', 'F4', 'F5']	[True, True, True]	0.375	29			
114.0	['A#2', 'F4', 'F5']	[False, False, False]	0.375	29			
114.125	['A#2', 'F4', 'F5']	[False, False, False]	0.375	29			
114.25	['C3', 'F4', 'F5']	[True, False, False]	0.125	29			
114.375	['C3', 'C4', 'F5']	[False, True, False]	0.25	29			
114.5	['C3', 'C4', 'F5']	[False, False, False]	0.25	29			
114.625	[]	[]	0.125	29			
114.75	['A#3', 'C#3', 'D#4', 'D#5']	[True, True, True, True]	0.125	29			
114.875	['C#3', 'C4', 'F4', 'F5']	[True, True, True, True]	0.125	29			
115.0	[]	[]	0.125	29			
115.125	['A#3', 'C#3', 'D#4', 'D#5']	[True, True, True, True]	0.125	29			
115.25	['C#3', 'C4', 'F4', 'F5']	[True, True, True, True]	0.25	29			
115.375	['C#3', 'C4', 'F4', 'F5']	[False, False, False, False]	0.25	29			
115.5	['A#3', 'C#3', 'D#4', 'D#5']	[True, True, True, True]	0.125	29			
115.625	['C#3', 'C4', 'F4', 'F5']	[True, True, True, True]	0.25	29			
115.75	['C#3', 'C4', 'F4', 'F5']	[False, False, False, False]	0.25	29			
115.875	['A#3', 'C#3', 'D#4', 'D#5']	[True, True, True, True]	0.125	29			
116.0	['C#3', 'C4', 'F4', 'F5']	[True, True, True, True]	0.25	30			
116.125	['C#3', 'C4', 'F4', 'F5']	[False, False, False, False]	0.25	30			
116.25	['A#3', 'C#3', 'D#4', 'D#5']	[True, True, True, True]	0.25	30			
116.375	['A#3', 'C#3', 'D#4', 'D#5']	[False, False, False, False]	0.25	30			
116.5	['C#3', 'C4', 'F4', 'F5']	[True, True, True, True]	0.25	30			
116.625	['C#3', 'C4', 'F4', 'F5']	[False, False, False, False]	0.25	30			
116.75	['F5']	[False]	0.125	30			
116.875	['F2', 'F3', 'F5']	[True, True, True]	0.125	30			
117.0	['F2', 'F3']	[False, False]	0.125	30			
117.125	['F3', 'F5']	[False, True]	0.125	30			
117.25	['F2', 'F3', 'F5']	[True, False, False]	0.25	30			
117.375	['F2', 'F3', 'F5']	[True, False, True]	0.25	30			
117.5	['D#5', 'F2', 'F3']	[True, False, False]	0.125	30			
117.625	['F3', 'F5']	[False, True]	0.125	30			
117.75	['F3', 'G#5']	[False, True]	0.375	30			
117.875	['F3', 'G#5']	[False, False]	0.375	30			
118.0	['F3', 'G#5']	[True, False]	0.375	30			
118.125	['F3', 'F4', 'F5']	[False, True, True]	0.125	30			
118.25	['F2', 'F4', 'F5']	[True, False, False]	0.25	30			
118.375	['F2', 'F4', 'F5']	[False, False, False]	0.25	30			
118.5	['F4', 'F5', 'G2']	[False, False, True]	0.125	30			
118.625	['C4', 'F5', 'G2']	[True, False, False]	0.125	30			
118.75	['C4', 'G2']	[False, False]	0.125	30			
118.875	[]	[]	0.125	30			
119.0	['F5', 'G#2', 'G#3']	[True, True, True]	0.125	30			
119.125	['G#2', 'G#3']	[False, False]	0.125	30			
119.25	['F5', 'G#3']	[True, False]	0.125	30			
119.375	['G#2', 'G#3']	[True, False]	0.125	30			
119.5	['F5', 'G#2', 'G#3']	[True, True, False]	0.125	30			
119.625	['D#5', 'G#2', 'G#3']	[True, False, False]	0.125	30			
119.75	['F5', 'G#3']	[True, False]	0.125	30			
119.875	['G#3', 'G#5']	[False, True]	0.25	30			
120.0	['G#3', 'G#5']	[True, False]	0.25	31			
120.125	['G#2', 'G#3', 'G#5']	[True, False, False]	0.125	31			
120.25	['F4', 'F5', 'G#2']	[True, True, False]	0.5	31			
120.375	['F4', 'F5', 'G#2']	[False, False, False]	0.5	31			
120.5	['F4', 'F5', 'G#2']	[False, False, False]	0.5	31			
120.625	['F4', 'F5', 'G#2']	[False, False, True]	0.5	31			
120.75	['C4', 'F5', 'G#2']	[True, False, False]	0.125	31			
120.875	['C4', 'G#2']	[False, False]	0.125	31			
121.0	['A#2', 'A#3', 'F5']	[True, True, True]	0.25	31			
121.125	['A#2', 'A#3', 'F5']	[False, False, False]	0.25	31			
121.25	['A#2', 'A#3']	[False, False]	0.125	31			
121.375	['A#3', 'F5']	[False, True]	0.125	31			
121.5	['A#2', 'A#3']	[True, False]	0.125	31			
121.625	['A#2', 'A#3', 'F5']	[True, False, True]	0.125	31			
121.75	['A#2', 'A#3', 'D#5']	[False, False, True]	0.125	31			
121.875	['A#3', 'F5']	[False, True]	0.125	31			
122.0	['A#3', 'G#5']	[False, True]	0.375	31			
122.125	['A#3', 'G#5']	[False, False]	0.375	31			
122.25	['A#3', 'G#5']	[True, False]	0.375	31			
122.375	['A#2', 'F4', 'F5']	[True, True, True]	0.375	31			
122.5	['A#2', 'F4', 'F5']	[False, False, False]	0.375	31			
122.625	['A#2', 'F4', 'F5']	[False, False, False]	0.375	31			
122.75	['C3', 'F4', 'F5']	[True, False, False]	0.125	31			
122.875	['C3', 'C4', 'F5']	[False, True, False]	0.25	31			
123.0	['C3', 'C4', 'F5']	[False, False, False]	0.25	31			
123.125	['A#3', 'C#3', 'D#4', 'D#5']	[True, True, True, True]	0.25	31			
123.25	['A#3', 'C#3', 'D#4', 'D#5']	[False, False, False, False]	0.25	31			
123.375	['C#3', 'C4', 'F4', 'F5']	[True, True, True, True]	0.125	31			
123.5	[]	[]	0.125	31			
123.625	['A#3', 'C#3', 'D#4', 'D#5']	[True, True, True, True]	0.125	31			
123.75	['C#3', 'C4', 'F4', 'F5']	[True, True, True, True]	0.25	31			
123.875	['C#3', 'C4', 'F4', 'F5']	[False, False, False, False]	0.25	31			
124.0	['A#3', 'C#3', 'D#4', 'D#5']	[True, True, True, True]	0.125	32			
124.125	['C#3', 'C4', 'F4', 'F5']	[True, True, True, True]	0.25	32			
124.25	['C#3', 'C4', 'F4', 'F5']	[False, False, False, False]	0.25	32			
124.375	['A#3', 'C#3', 'D#4', 'D#5']	[True, True, True, True]	0.125	32			
124.5	['C#3', 'C4', 'F4', 'F5']	[True, True, True, True]	0.25	32			
124.625	['C#3', 'C4', 'F4', 'F5']	[False, False, False, False]	0.25	32			
124.75	['A#3', 'C#3', 'D#4', 'D#5']	[True, True, True, True]	0.25	32			
124.875	['A#3', 'C#3', 'D#4', 'D#5']	[False, False, False, False]	0.25	32			
125.0	['C#3', 'C4', 'F4', 'F5']	[True, True, True, True]	0.25	32			
125.125	['C#3', 'C4', 'F4', 'F5']	[False, False, False, False]	0.25	32			
125.25	['A#4', 'C3', 'C4', 'D#4', 'G4', 'G5']	[True, True, True, True, True, True]	0.375	32			
125.375	['A#4', 'C3', 'C4', 'D#4', 'G4', 'G5']	[False, False, False, False, False, False]	0.375	32			
125.5	['A#4', 'C3', 'C4', 'D#4', 'G4', 'G5']	[False, False, False, False, False, False]	0.375	32			
125.625	['C3', 'C4', 'G4', 'G5']	[False, False, False, False]	0.125	32			
125.75	['A4', 'C4', 'D4', 'G4', 'G5']	[True, False, True, False, False]	0.125	32			
125.875	['A4', 'C3', 'C4', 'D4', 'G4', 'G5']	[False, True, False, False, False, False]	0.25	32			
126.0	['A4', 'C3', 'C4', 'D4', 'G4', 'G5']	[False, False, False, False, False, False]	0.25	32			
126.125	['C3', 'C4', 'G4', 'G5']	[False, True, True, False]	0.125	32			
126.25	['C4', 'G4', 'G5']	[False, False, False]	0.125	32			
126.375	['C3', 'C4', 'G4', 'G5']	[True, False, False, False]	0.375	32			
126.5	['C3', 'C4', 'G4', 'G5']	[False, False, False, False]	0.375	32			
126.625	['C3', 'C4', 'G4', 'G5']	[False, False, False, False]	0.375	32			
126.75	['C4', 'G4', 'G5']	[False, False, False]	0.125	32			
126.875	['C3', 'C4', 'G4', 'G5']	[True, False, False, False]	0.25	32			
127.0	['C3', 'C4', 'G4', 'G5']	[False, False, False, False]	0.25	32			
127.125	['C3', 'G5']	[False, False]	0.25	32			
127.25	['C3', 'G5']	[False, False]	0.25	32			
127.375	['A#3', 'A#4', 'C3', 'D#4', 'D4', 'F4', 'G5']	[True, True, True, True, True, True, True]	0.375	32			
127.5	['A#3', 'A#4', 'C3', 'D#4', 'D4', 'F4', 'G5']	[False, False, False, False, False, False, False]	0.375	32			
127.625	['A#3', 'A#4', 'C3', 'D#4', 'D4', 'F4', 'G5']	[False, False, False, False, False, False, False]	0.375	32			
127.75	['A#3', 'C3', 'D4', 'F4', 'G5']	[False, False, False, False, False]	0.125	32			
127.875	['A#3', 'A4', 'D4', 'F4', 'G5']	[False, True, True, False, False]	0.125	32			
128.0	['A#3', 'A4', 'C3', 'D4', 'F4', 'G5']	[False, False, True, False, False, False]	0.25	33			
128.125	['A#3', 'A4', 'C3', 'D4', 'F4', 'G5']	[False, False, False, False, False, False]	0.25	33			
128.25	['A#3', 'C3', 'C4', 'D4', 'F4', 'G4', 'G5']	[False, False, True, False, False, True, False]	0.125	33			
128.375	['A#3', 'C4', 'D4', 'F4', 'G4', 'G5']	[False, False, False, False, False, False]	0.125	33			
128.5	['A#3', 'C3', 'C4', 'D4', 'F4', 'G4', 'G5']	[False, True, False, False, False, False, False]	0.375	33			
128.625	['A#3', 'C3', 'C4', 'D4', 'F4', 'G4', 'G5']	[False, False, False, False, False, False, False]	0.375	33			
128.75	['A#3', 'C3', 'C4', 'D4', 'F4', 'G4', 'G5']	[False, False, False, False, False, False, False]	0.375	33			
128.875	['C4', 'G4', 'G5']	[False, False, False]	0.125	33			
129.0	['C3', 'C4', 'G4', 'G5']	[True, False, False, False]	0.25	33			
129.125	['C3', 'C4', 'G4', 'G5']	[False, False, False, False]	0.25	33			
129.25	['C3', 'G5']	[False, False]	0.25	33			
129.375	['C3', 'G5']	[False, False]	0.25	33			
129.5	['A#3', 'A#4', 'C3', 'D#4', 'G4', 'G5']	[True, True, True, True, True, True]	0.375	33			
129.625	['A#3', 'A#4', 'C3', 'D#4', 'G4', 'G5']	[False, False, False, False, False, False]	0.375	33			
129.75	['A#3', 'A#4', 'C3', 'D#4', 'G4', 'G5']	[False, False, False, False, False, False]	0.375	33			
129.875	['A#3', 'C3', 'G4', 'G5']	[False, False, False, False]	0.125	33			
130.0	['A#3', 'A4', 'D4', 'G4', 'G5']	[False, True, True, False, False]	0.125	33			
130.125	['A#3', 'A4', 'C3', 'D4', 'G4', 'G5']	[False, False, True, False, False, False]	0.25	33			
130.25	['A#3', 'A4', 'C3', 'D4', 'G4', 'G5']	[False, False, False, False, False, False]	0.25	33			
130.375	['A#3', 'C3', 'C4', 'G4', 'G5']	[False, False, True, True, False]	0.125	33			
130.5	['A#3', 'C4', 'G4', 'G5']	[False, False, False, False]	0.125	33			
130.625	['A#3', 'C3', 'C4', 'G4', 'G5']	[False, True, False, False, False]	0.375	33			
130.75	['A#3', 'C3', 'C4', 'G4', 'G5']	[False, False, False, False, False]	0.375	33			
130.875	['A#3', 'C3', 'C4', 'G4', 'G5']	[False, False, False, False, False]	0.375	33			
131.0	['G3', 'G4']	[True, False]	0.125	33			
131.125	['C3', 'G#3', 'G4']	[True, True, False]	0.125	33			
131.25	['A#3', 'C3']	[True, False]	0.125	33			
131.375	['A3', 'C3', 'C4']	[True, False, True]	0.75	33			
131.5	['A3', 'C3', 'C4']	[False, False, False]	0.75	33			
131.625	['A3', 'C3', 'C4']	[False, True, False]	0.75	33			
131.75	['A3', 'C3', 'C4']	[False, False, False]	0.75	33			
131.875	['A3', 'C3', 'C4']	[False, False, False]	0.75	33			
132.0	['A3', 'C3', 'C4']	[False, False, False]	0.75	34			
132.125	['A3', 'C4']	[False, False]	0.125	34			
132.25	['A3', 'C3', 'C4']	[False, True, False]	0.25	34			
132.375	['A3', 'C3', 'C4']	[False, False, False]	0.25	34			
132.5	['A3', 'C3']	[False, False]	0.125	34			
132.625	['A3']	[False]	0.125	34			
132.75	['A3', 'C3', 'C5']	[False, True, True]	0.375	34			
132.875	['A3', 'C3', 'C5']	[False, False, False]	0.375	34			
133.0	['A3', 'C3', 'C5']	[False, False, False]	0.375	34			
133.125	['C5']	[False]	0.125	34			
133.25	['C3', 'C5']	[True, False]	0.25	34			
133.375	['C3', 'C5']	[False, False]	0.25	34			
133.5	['C3']	[False]	0.25	34			
133.625	['C3']	[False]	0.25	34			
133.75	['A4', 'D3', 'D4', 'E5', 'F4']	[True, True, True, True, True]	0.375	34			
133.875	['A4', 'D3', 'D4', 'E5', 'F4']	[False, False, False, False, False]	0.375	34			
134.0	['A4', 'D3', 'D4', 'E5', 'F4']	[False, False, False, False, False]	0.375	34			
134.125	['A4', 'D4', 'E5', 'F4']	[False, False, False, False]	0.125	34			
134.25	['D3']	[True]	0.125	34			
134.375	['A4', 'D3', 'D4', 'E5', 'F4']	[True, True, True, True, True]	0.25	34			
134.5	['A4', 'D3', 'D4', 'E5', 'F4']	[False, False, False, False, False]	0.25	34			
134.625	['E5']	[False]	0.125	34			
134.75	['A4', 'D3', 'D4', 'F4']	[True, True, True, True]	0.125	34			
134.875	['A4', 'D3', 'D4', 'D5', 'F4']	[False, False, False, True, False]	0.375	34			
135.0	['A4', 'D3', 'D4', 'D5', 'F4']	[False, False, False, False, False]	0.375	34			
135.125	['A4', 'D3', 'D4', 'D5', 'F4']	[True, True, True, False, True]	0.375	34			
135.25	['A4', 'D3', 'D4', 'F4']	[False, True, False, False]	0.125	34			
135.375	['A4', 'C5', 'D3', 'D4', 'F4']	[True, True, False, True, True]	0.375	34			
135.5	['A4', 'C5', 'D3', 'D4', 'F4']	[False, False, False, False, False]	0.375	34			
135.625	['A4', 'C5', 'D3', 'D4', 'F4']	[True, False, True, True, True]	0.375	34			
135.75	['A2', 'A4', 'C5', 'D3', 'D4', 'F4']	[True, False, False, False, False, False]	0.125	34			
135.875	['A2', 'B3', 'D3', 'D4', 'F5', 'G3']	[False, True, True, True, True, True]	0.125	34			
136.0	['B3', 'D3', 'D4', 'F5', 'G3']	[False, False, False, False, False]	0.25	35			
136.125	['B3', 'D3', 'D4', 'F5', 'G3']	[False, False, False, False, False]	0.25	35			
136.25	['B3', 'D4', 'F5', 'G3']	[False, False, False, False]	0.125	35			
136.375	['D3']	[True]	0.125	35			
136.5	['B3', 'D3', 'D4', 'E5', 'G3']	[True, True, True, True, True]	0.25	35			
136.625	['B3', 'D3', 'D4', 'E5', 'G3']	[False, False, False, False, False]	0.25	35			
136.75	['E5']	[False]	0.125	35			
136.875	['B3', 'D3', 'D4', 'G3']	[True, True, True, True]	0.125	35			
137.0	['B3', 'D3', 'D4', 'D5', 'G3']	[False, False, False, True, False]	0.375	35			
137.125	['B3', 'D3', 'D4', 'D5', 'G3']	[False, False, False, False, False]	0.375	35			
137.25	['B3', 'D3', 'D4', 'D5', 'G3']	[True, True, True, False, True]	0.375	35			
137.375	['B3', 'D3', 'D4', 'G3']	[False, True, False, False]	0.125	35			
137.5	['B3', 'C5', 'D3', 'D4', 'G3']	[True, True, True, True, True]	0.375	35			
137.625	['B3', 'C5', 'D3', 'D4', 'G3']	[False, False, False, False, False]	0.375	35			
137.75	['B3', 'C5', 'D3', 'D4', 'G3']	[True, False, True, True, True]	0.375	35			
137.875	['A2', 'B3', 'C5', 'D3', 'D4', 'G3']	[True, False, False, False, False, False]	0.125	35			
138.0	['A2', 'A3', 'C4', 'D3', 'F4', 'F5']	[False, True, True, True, True, True]	0.125	35			
138.125	['A3', 'C4', 'D3', 'F4', 'F5']	[False, False, False, False, False]	0.25	35			
138.25	['A3', 'C4', 'D3', 'F4', 'F5']	[False, False, False, False, False]	0.25	35			
138.375	['A3', 'C4', 'F4', 'F5']	[False, False, False, False]	0.125	35			
138.5	['D3']	[True]	0.125	35			
138.625	['A3', 'C4', 'D3', 'E5', 'F4']	[True, True, True, True, True]	0.25	35			
138.75	['A3', 'C4', 'D3', 'E5', 'F4']	[False, False, False, False, False]	0.25	35			
138.875	['E5']	[False]	0.125	35			
139.0	['A3', 'C4', 'D3', 'F4']	[True, True, True, True]	0.125	35			
139.125	['A3', 'C4', 'D3', 'D5', 'F4']	[False, False, False, True, False]	0.375	35			
139.25	['A3', 'C4', 'D3', 'D5', 'F4']	[False, False, False, False, False]	0.375	35			
139.375	['A3', 'C4', 'D3', 'D5', 'F4']	[True, True, True, False, True]	0.375	35			
139.5	['A3', 'C4', 'D3', 'F4']	[False, False, True, False]	0.125	35			
139.625	['A3', 'C4', 'C5', 'D3', 'F4']	[True, True, True, True, True]	0.375	35			
139.75	['A3', 'C4', 'C5', 'D3', 'F4']	[False, False, False, False, False]	0.375	35			
139.875	['A3', 'C4', 'C5', 'D3', 'F4']	[True, True, False, True, True]	0.375	35			
140.0	['A2', 'A3', 'C4', 'F4']	[True, False, False, False]	0.125	36			
140.125	['A2', 'B3', 'B4', 'D3', 'D4', 'G3']	[False, True, True, True, True, True]	0.125	36			
140.25	['B3', 'B4', 'D3', 'D4', 'G3']	[False, False, False, False, False]	0.25	36			
140.375	['B3', 'B4', 'D3', 'D4', 'G3']	[False, False, False, False, False]	0.25	36			
140.5	['B3', 'B4', 'D4', 'G3']	[False, False, False, False]	0.125	36			
140.625	['B3', 'B4', 'D3', 'D4', 'G3']	[False, False, True, False, False]	0.375	36			
140.75	['B3', 'B4', 'D3', 'D4', 'G3']	[False, False, True, False, False]	0.375	36			
140.875	['B3', 'B4', 'D3', 'D4', 'G3']	[False, False, False, False, False]	0.375	36			
141.0	['B3', 'B4', 'D4', 'G3']	[False, False, False, False]	0.125	36			
141.125	['B3', 'B4', 'D3', 'D4', 'G3']	[False, False, True, False, False]	0.375	36			
141.25	['B3', 'B4', 'D3', 'D4', 'G3']	[False, False, False, False, False]	0.375	36			
141.375	['B3', 'B4', 'D3', 'D4', 'G3']	[False, False, False, False, False]	0.375	36			
141.5	['A4', 'B3', 'B4', 'C5', 'D3', 'D4', 'F4', 'G3']	[True, False, False, True, True, False, True, False]	0.125	36			
141.625	['A4', 'C5', 'D3', 'F4']	[False, False, True, False]	0.5	36			
141.75	['A4', 'C5', 'D3', 'F4']	[True, True, True, True]	0.5	36			
141.875	['A4', 'C5', 'D3', 'F4']	[False, False, False, False]	0.5	36			
142.0	['A4', 'C5', 'D3', 'F4']	[True, True, True, True]	0.5	36			
142.125	['A2', 'A4', 'C5', 'F4']	[True, False, False, False]	0.125	36			
142.25	['A2', 'A3', 'D3', 'D4', 'F4', 'F5']	[False, True, True, True, True, True]	0.125	36			
142.375	['A3', 'D3', 'D4', 'D5', 'F4', 'F5']	[False, False, False, True, False, False]	0.25	36			
142.5	['A3', 'D3', 'D4', 'D5', 'F4', 'F5']	[False, False, False, False, False, False]	0.25	36			
142.625	['A3', 'A4', 'D4', 'F4', 'F5']	[False, True, False, False, False]	0.125	36			
142.75	['A3', 'D3', 'D4', 'F4', 'G5']	[False, True, False, False, True]	0.125	36			
142.875	['A3', 'D3', 'D4', 'D5', 'E5', 'F4']	[False, True, False, True, True, False]	0.125	36			
143.0	['A3', 'A4', 'D3', 'D4', 'E5', 'F4']	[False, True, False, False, False, False]	0.125	36			
143.125	['A3', 'A5', 'D4', 'E5', 'F4']	[False, True, False, False, False]	0.125	36			
143.25	['A3', 'D3', 'D4', 'D5', 'F4']	[False, True, False, True, False]	0.125	36			
143.375	['A3', 'A4', 'D3', 'D4', 'D5', 'F4']	[False, True, False, False, True, False]	0.125	36			
143.5	['A3', 'D3', 'D4', 'D5', 'F4', 'G5']	[False, False, False, False, False, True]	0.125	36			
143.625	['A3', 'D3', 'D4', 'D5', 'F4']	[False, True, False, True, False]	0.125	36			
143.75	['A4', 'D3']	[True, True]	0.125	36			
143.875	['C5', 'D3', 'F5']	[True, False, True]	0.125	36			
144.0	['A4', 'C5', 'D3']	[True, False, False]	0.125	37			
144.125	['C5', 'D3', 'D5']	[False, True, True]	0.125	37			
144.25	['A2', 'A4']	[True, True]	0.125	37			
144.375	['A2', 'A4', 'B3', 'D3', 'D4', 'F5', 'G3']	[False, False, True, True, True, True, True]	0.125	37			
144.5	['B3', 'D3', 'D4', 'D5', 'F5', 'G3']	[False, False, False, True, False, False]	0.25	37			
144.625	['B3', 'D3', 'D4', 'D5', 'F5', 'G3']	[False, False, False, False, False, False]	0.25	37			
144.75	['A4', 'B3', 'D4', 'F5', 'G3']	[True, False, False, False, False]	0.125	37			
144.875	['B3', 'D3', 'D4', 'G3', 'G5']	[False, True, False, False, True]	0.125	37			
145.0	['B3', 'D3', 'D4', 'D5', 'E5', 'G3']	[False, True, False, True, True, False]	0.125	37			
145.125	['A4', 'B3', 'D3', 'D4', 'E5', 'G3']	[True, False, False, False, False, False]	0.125	37			
145.25	['A5', 'B3', 'D4', 'E5', 'G3']	[True, False, False, False, False]	0.125	37			
145.375	['B3', 'D3', 'D4', 'D5', 'G3']	[False, True, False, True, False]	0.125	37			
145.5	['A4', 'B3', 'D3', 'D4', 'D5', 'G3']	[True, False, False, False, True, False]	0.125	37			
145.625	['B3', 'D3', 'D4', 'D5', 'G3', 'G5']	[False, False, False, False, False, True]	0.125	37			
145.75	['B3', 'D3', 'D4', 'D5', 'G3']	[False, True, False, True, False]	0.125	37			
145.875	['A4', 'D3']	[True, True]	0.125	37			
146.0	['C5', 'D3', 'F5']	[True, False, True]	0.125	37			
146.125	['A4', 'C5', 'D3']	[True, False, False]	0.125	37			
146.25	['C5', 'D3', 'D5']	[False, True, True]	0.125	37			
146.375	['A2', 'A4']	[True, True]	0.125	37			
146.5	['A2', 'A3', 'A4', 'C4', 'D3', 'F4', 'F5']	[False, True, False, True, True, True, True]	0.125	37			
146.625	['A3', 'C4', 'D3', 'D5', 'F4', 'F5']	[False, False, False, True, False, False]	0.25	37			
146.75	['A3', 'C4', 'D3', 'D5', 'F4', 'F5']	[False, False, False, False, False, False]	0.25	37			
146.875	['A3', 'A4', 'C4', 'F4', 'F5']	[False, True, False, False, False]	0.125	37			
147.0	['A3', 'C4', 'D3', 'F4', 'G5']	[False, False, True, False, True]	0.125	37			
147.125	['A3', 'C4', 'D3', 'D5', 'E5', 'F4']	[False, False, True, True, True, False]	0.125	37			
147.25	['A3', 'A4', 'C4', 'D3', 'E5', 'F4']	[False, True, False, False, False, False]	0.125	37			
147.375	['A3', 'A5', 'C4', 'E5', 'F4']	[False, True, False, False, False]	0.125	37			
147.5	['A3', 'C4', 'D3', 'D5', 'F4']	[False, False, True, True, False]	0.125	37			
147.625	['A3', 'A4', 'C4', 'D3', 'D5', 'F4']	[False, True, False, False, True, False]	0.125	37			
147.75	['A3', 'C4', 'D3', 'D5', 'F4', 'G5']	[False, False, False, False, False, True]	0.125	37			
147.875	['A3', 'C4', 'D3', 'D5', 'F4']	[False, False, True, True, False]	0.125	37			
148.0	['A4', 'D3']	[True, True]	0.125	38			
148.125	['C5', 'D3', 'F5']	[True, False, True]	0.125	38			
148.25	['A4', 'C5', 'D3']	[True, False, False]	0.125	38			
148.375	['C5', 'D3', 'D5']	[False, True, True]	0.125	38			
148.5	['A2', 'A4']	[True, True]	0.125	38			
148.625	['A2', 'A4', 'B3', 'B4', 'D3', 'D4', 'F5', 'G3']	[False, False, True, True, True, True, True, True]	0.125	38			
148.75	['B3', 'B4', 'D3', 'D4', 'D5', 'F5', 'G3']	[False, False, False, False, True, False, False]	0.125	38			
148.875	['B3', 'B4', 'D3', 'D4', 'D5', 'G3']	[False, False, False, False, False, False]	0.125	38			
149.0	['A4', 'B3', 'B4', 'D4', 'G3']	[True, False, False, False, False]	0.125	38			
149.125	['B3', 'B4', 'D3', 'D4', 'G3', 'G5']	[False, False, True, False, False, True]	0.125	38			
149.25	['B3', 'B4', 'D3', 'D4', 'D5', 'G3']	[False, False, True, False, True, False]	0.125	38			
149.375	['A4', 'B3', 'B4', 'D3', 'D4', 'G3']	[True, False, False, False, False, False]	0.125	38			
149.5	['A5', 'B3', 'B4', 'D4', 'G3']	[True, False, False, False, False]	0.125	38			
149.625	['B3', 'B4', 'D3', 'D4', 'D5', 'G3']	[False, False, True, False, True, False]	0.125	38			
149.75	['A4', 'B3', 'B4', 'D3', 'D4', 'G3']	[True, False, False, False, False, False]	0.125	38			
149.875	['B3', 'B4', 'D3', 'D4', 'G3', 'G5']	[False, False, False, False, False, True]	0.125	38			
150.0	['B3', 'B4', 'D3', 'D4', 'D5', 'G3']	[False, False, True, False, True, False]	0.125	38			
150.125	['A4', 'D3']	[True, True]	0.125	38			
150.25	['D3', 'F5']	[False, True]	0.125	38			
150.375	['A4', 'D3']	[True, False]	0.125	38			
150.5	['D3', 'D5']	[True, True]	0.125	38			
150.625	['A2', 'A4']	[True, True]	0.125	38			
150.75	['A2', 'A3', 'A4', 'D3', 'D4', 'F4', 'F5']	[False, True, False, True, True, True, True]	0.125	38			
150.875	['A3', 'D3', 'D4', 'D5', 'F4', 'F5']	[False, False, False, True, False, False]	0.125	38			
151.0	['A3', 'A4', 'D3', 'D4', 'D5', 'F4', 'F5']	[False, True, False, False, False, False, False]	0.125	38			
151.125	['A3', 'A4', 'D4', 'F4', 'F5']	[False, False, False, False, False]	0.125	38			
151.25	['A3', 'D3', 'D4', 'F4', 'G5']	[False, True, False, False, True]	0.125	38			
151.375	['A3', 'D3', 'D4', 'D5', 'E5', 'F4']	[False, True, False, True, True, False]	0.125	38			
151.5	['A3', 'A4', 'D3', 'D4', 'E5', 'F4']	[False, True, False, False, False, False]	0.125	38			
151.625	['A3', 'A5', 'D4', 'E5', 'F4']	[False, True, False, False, False]	0.125	38			
151.75	['A3', 'D3', 'D4', 'D5', 'F4']	[False, True, False, True, False]	0.125	38			
151.875	['A3', 'A4', 'D3', 'D4', 'D5', 'F4']	[False, True, False, False, True, False]	0.125	38			
152.0	['A3', 'D3', 'D4', 'D5', 'F4', 'G5']	[False, False, False, False, False, True]	0.125	39			
152.125	['A3', 'D3', 'D4', 'D5', 'F4']	[False, True, False, True, False]	0.125	39			
152.25	['A4', 'D3']	[True, True]	0.125	39			
152.375	['C5', 'D3', 'F5']	[True, False, True]	0.125	39			
152.5	['A4', 'C5', 'D3']	[True, False, False]	0.125	39			
152.625	['C5', 'D3', 'D5']	[False, True, True]	0.125	39			
152.75	['A2', 'A4']	[True, True]	0.125	39			
152.875	['A2', 'A4', 'B3', 'D3', 'D4', 'F5', 'G3']	[False, False, True, True, True, True, True]	0.125	39			
153.0	['B3', 'D3', 'D4', 'D5', 'F5', 'G3']	[False, False, False, True, False, False]	0.125	39			
153.125	['A4', 'B3', 'D3', 'D4', 'D5', 'F5', 'G3']	[True, False, False, False, False, False, False]	0.125	39			
153.25	['A4', 'B3', 'D4', 'F5', 'G3']	[False, False, False, False, False]	0.125	39			
153.375	['B3', 'D3', 'D4', 'G3', 'G5']	[False, True, False, False, True]	0.125	39			
153.5	['B3', 'D3', 'D4', 'D5', 'E5', 'G3']	[False, True, False, True, True, False]	0.125	39			
153.625	['A4', 'B3', 'D3', 'D4', 'E5', 'G3']	[True, False, False, False, False, False]	0.125	39			
153.75	['A5', 'B3', 'D4', 'E5', 'G3']	[True, False, False, False, False]	0.125	39			
153.875	['B3', 'D3', 'D4', 'D5', 'G3']	[False, True, False, True, False]	0.125	39			
154.0	['A4', 'B3', 'D3', 'D4', 'D5', 'G3']	[True, False, False, False, True, False]	0.125	39			
154.125	['B3', 'D3', 'D4', 'D5', 'G3', 'G5']	[False, False, False, False, False, True]	0.125	39			
154.25	['B3', 'D3', 'D4', 'D5', 'G3']	[False, True, False, True, False]	0.125	39			
154.375	['A4', 'D3']	[True, True]	0.125	39			
154.5	['C5', 'D3', 'F5']	[True, False, True]	0.125	39			
154.625	['A4', 'C5', 'D3']	[True, False, False]	0.125	39			
154.75	['C5', 'D3', 'D5']	[False, True, True]	0.125	39			
154.875	['A2', 'A4']	[True, True]	0.125	39			
155.0	['A3', 'C4', 'D3', 'F4', 'F5']	[True, True, True, True, True]	0.125	39			
155.125	['A3', 'C4', 'D3', 'D5', 'F4', 'F5']	[False, False, False, True, False, False]	0.125	39			
155.25	['A3', 'A4', 'C4', 'D3', 'D5', 'F4', 'F5']	[False, True, False, False, False, False, False]	0.125	39			
155.375	['A3', 'A4', 'C4', 'F4', 'F5']	[False, False, False, False, False]	0.125	39			
155.5	['A3', 'C4', 'D3', 'F4', 'G5']	[False, False, True, False, True]	0.125	39			
155.625	['A3', 'C4', 'D3', 'D5', 'E5', 'F4']	[False, False, True, True, True, False]	0.125	39			
155.75	['A3', 'A4', 'C4', 'D3', 'E5', 'F4']	[False, True, False, False, False, False]	0.125	39			
155.875	['A3', 'A5', 'C4', 'E5', 'F4']	[False, True, False, False, False]	0.125	39			
156.0	['A3', 'C4', 'D3', 'D5', 'F4']	[False, False, True, True, False]	0.125	40			
156.125	['A3', 'A4', 'C4', 'D3', 'D5', 'F4']	[False, True, False, False, True, False]	0.125	40			
156.25	['A3', 'C4', 'D3', 'D5', 'F4', 'G5']	[False, False, False, False, False, True]	0.125	40			
156.375	['A3', 'C4', 'D3', 'D5', 'F4']	[False, False, True, True, False]	0.125	40			
156.5	['A4', 'D3']	[True, True]	0.125	40			
156.625	['C5', 'D3', 'F5']	[True, False, True]	0.125	40			
156.75	['A4', 'C5', 'D3']	[True, False, False]	0.125	40			
156.875	['C5', 'D3', 'D5']	[False, True, True]	0.125	40			
157.0	['A2', 'A4']	[True, True]	0.125	40			
157.125	['B3', 'B4', 'D3', 'D4', 'F5', 'G3']	[True, True, True, True, True, True]	0.125	40			
157.25	['B3', 'B4', 'D3', 'D4', 'D5', 'F5', 'G3']	[False, False, False, False, True, False, False]	0.125	40			
157.375	['A4', 'B3', 'B4', 'D3', 'D4', 'D5', 'G3']	[True, False, False, False, False, False, False]	0.125	40			
157.5	['A4', 'B3', 'B4', 'D4', 'G3']	[False, False, False, False, False]	0.125	40			
157.625	['B3', 'B4', 'D3', 'D4', 'G3', 'G5']	[False, False, True, False, False, True]	0.125	40			
157.75	['B3', 'B4', 'D3', 'D4', 'D5', 'G3']	[False, False, True, False, True, False]	0.125	40			
157.875	['A4', 'B3', 'B4', 'D3', 'D4', 'G3']	[True, False, False, False, False, False]	0.125	40			
158.0	['A5', 'B3', 'B4', 'D4', 'G3']	[True, False, False, False, False]	0.125	40			
158.125	['B3', 'B4', 'D3', 'D4', 'D5', 'G3']	[False, False, True, False, True, False]	0.125	40			
158.25	['A4', 'B3', 'B4', 'D3', 'D4', 'G3']	[True, False, False, False, False, False]	0.125	40			
158.375	['B3', 'B4', 'D3', 'D4', 'G3', 'G5']	[False, False, False, False, False, True]	0.125	40			
158.5	['B3', 'B4', 'D3', 'D4', 'D5', 'G3']	[False, False, True, False, True, False]	0.125	40			
158.625	['A4', 'D3']	[True, True]	0.125	40			
158.75	['D3', 'F5']	[False, True]	0.125	40			
158.875	['A4', 'D3']	[True, False]	0.125	40			
159.0	['D3', 'D5']	[True, True]	0.125	40			
159.125	['A2', 'A4']	[True, True]	0.125	40			
159.25	['A3', 'D3', 'D4', 'F4', 'F5']	[True, True, True, True, True]	0.125	40			
159.375	['A3', 'D3', 'D4', 'D5', 'F4', 'F5']	[False, False, False, True, False, False]	0.125	40			
159.5	['A3', 'A4', 'D3', 'D4', 'D5', 'F4', 'F5']	[False, True, False, False, False, False, False]	0.125	40			
159.625	['A3', 'A4', 'D4', 'F4', 'F5']	[False, False, False, False, False]	0.125	40			
159.75	['A3', 'D3', 'D4', 'F4', 'G5']	[False, True, False, False, True]	0.125	40			
159.875	['A3', 'D3', 'D4', 'D5', 'E5', 'F4']	[False, True, False, True, True, False]	0.125	40			
160.0	['A3', 'A4', 'D3', 'D4', 'E5', 'F4']	[False, True, False, False, False, False]	0.125	41			
160.125	['A3', 'A5', 'D4', 'E5', 'F4']	[False, True, False, False, False]	0.125	41			
160.25	['A3', 'D3', 'D4', 'D5', 'F4']	[False, True, False, True, False]	0.125	41			
160.375	['A3', 'A4', 'D3', 'D4', 'D5', 'F4']	[False, True, False, False, True, False]	0.125	41			
160.5	['A3', 'D3', 'D4', 'D5', 'F4', 'G5']	[False, False, False, False, False, True]	0.125	41			
160.625	['A3', 'D3', 'D4', 'D5', 'F4']	[False, True, False, True, False]	0.125	41			
160.75	['A4', 'D3']	[True, True]	0.125	41			
160.875	['C5', 'D3', 'F5']	[True, False, True]	0.125	41			
161.0	['A4', 'C5', 'D3']	[True, False, False]	0.125	41			
161.125	['C5', 'D3', 'D5']	[False, True, True]	0.125	41			
161.25	['A2', 'A4']	[True, True]	0.125	41			
161.375	['B3', 'D3', 'D4', 'F5', 'G3']	[True, True, True, True, True]	0.125	41			
161.5	['B3', 'D3', 'D4', 'D5', 'F5', 'G3']	[False, False, False, True, False, False]	0.125	41			
161.625	['A4', 'B3', 'D3', 'D4', 'D5', 'F5', 'G3']	[True, False, False, False, False, False, False]	0.125	41			
161.75	['A4', 'B3', 'D4', 'F5', 'G3']	[False, False, False, False, False]	0.125	41			
161.875	['B3', 'D3', 'D4', 'G3', 'G5']	[False, True, False, False, True]	0.125	41			
162.0	['B3', 'D3', 'D4', 'D5', 'E5', 'G3']	[False, True, False, True, True, False]	0.125	41			
162.125	['A4', 'B3', 'D3', 'D4', 'E5', 'G3']	[True, False, False, False, False, False]	0.125	41			
162.25	['A5', 'B3', 'D4', 'E5', 'G3']	[True, False, False, False, False]	0.125	41			
162.375	['B3', 'D3', 'D4', 'D5', 'G3']	[False, True, False, True, False]	0.125	41			
162.5	['A4', 'B3', 'D3', 'D4', 'D5', 'G3']	[True, False, False, False, True, False]	0.125	41			
162.625	['B3', 'D3', 'D4', 'D5', 'G3', 'G5']	[False, False, False, False, False, True]	0.125	41			
162.75	['B3', 'D3', 'D4', 'D5', 'G3']	[False, True, False, True, False]	0.125	41			
162.875	['A4', 'D3']	[True, True]	0.125	41			
163.0	['C5', 'D3', 'F5']	[True, False, True]	0.125	41			
163.125	['A4', 'C5', 'D3']	[True, False, False]	0.125	41			
163.25	['C5', 'D3', 'D5']	[False, True, True]	0.125	41			
163.375	['A2', 'A4']	[True, True]	0.125	41			
163.5	['A3', 'C4', 'D3', 'F4', 'F5']	[True, True, True, True, True]	0.125	41			
163.625	['A3', 'C4', 'D3', 'D5', 'F4', 'F5']	[False, False, False, True, False, False]	0.125	41			
163.75	['A3', 'A4', 'C4', 'D3', 'D5', 'F4', 'F5']	[False, True, False, False, False, False, False]	0.125	41			
163.875	['A3', 'A4', 'C4', 'F4', 'F5']	[False, False, False, False, False]	0.125	41			
164.0	['A3', 'C4', 'D3', 'F4', 'G5']	[False, False, True, False, True]	0.125	42			
164.125	['A3', 'C4', 'D3', 'D5', 'E5', 'F4']	[False, False, True, True, True, False]	0.125	42			
164.25	['A3', 'A4', 'C4', 'D3', 'E5', 'F4']	[False, True, False, False, False, False]	0.125	42			
164.375	['A3', 'A5', 'C4', 'E5', 'F4']	[False, True, False, False, False]	0.125	42			
164.5	['A3', 'C4', 'D3', 'D5', 'F4']	[False, False, True, True, False]	0.125	42			
164.625	['A3', 'A4', 'C4', 'D3', 'D5', 'F4']	[False, True, False, False, True, False]	0.125	42			
164.75	['A3', 'C4', 'D3', 'D5', 'F4', 'G5']	[False, False, False, False, False, True]	0.125	42			
164.875	['A3', 'C4', 'D3', 'D5', 'F4']	[False, False, True, True, False]	0.125	42			
165.0	['A4', 'D3']	[True, True]	0.125	42			
165.125	['C5', 'D3', 'F5']	[True, False, True]	0.125	42			
165.25	['A4', 'C5', 'D3']	[True, False, False]	0.125	42			
165.375	['C5', 'D3', 'D5']	[False, True, True]	0.125	42			
165.5	['A2', 'A4']	[True, True]	0.125	42			
165.625	['B3', 'B4', 'D3', 'D4', 'F5', 'G3']	[True, True, True, True, True, True]	0.125	42			
165.75	['B3', 'B4', 'D3', 'D4', 'D5', 'F5', 'G3']	[False, False, False, False, True, False, False]	0.125	42			
165.875	['A4', 'B3', 'B4', 'D3', 'D4', 'D5', 'G3']	[True, False, False, False, False, False, False]	0.125	42			
166.0	['A4', 'B3', 'B4', 'D3', 'D4', 'G3', 'G5']	[False, False, False, True, False, False, True]	0.125	42			
166.125	['B3', 'B4', 'D3', 'D4', 'G3', 'G5']	[False, False, False, False, False, False]	0.125	42			
166.25	['B3', 'B4', 'D3', 'D4', 'D5', 'G3']	[False, False, True, False, True, False]	0.125	42			
166.375	['A4', 'B3', 'B4', 'D3', 'D4', 'G3']	[True, False, False, False, False, False]	0.125	42			
166.5	['A5', 'B3', 'B4', 'D4', 'G3']	[True, False, False, False, False]	0.125	42			
166.625	['B3', 'B4', 'D3', 'D4', 'D5', 'G3']	[False, False, True, False, True, False]	0.125	42			
166.75	['A4', 'B3', 'B4', 'D3', 'D4', 'G3']	[True, False, False, False, False, False]	0.125	42			
166.875	['B3', 'B4', 'D3', 'D4', 'G3', 'G5']	[False, False, False, False, False, True]	0.125	42			
167.0	['B3', 'B4', 'D3', 'D4', 'D5', 'G3']	[False, False, True, False, True, False]	0.125	42			
167.125	['A4', 'D3']	[True, True]	0.125	42			
167.25	['D3', 'F5']	[False, True]	0.125	42			
167.375	['A4', 'D3']	[True, False]	0.125	42			
167.5	['D3', 'D5']	[True, True]	0.125	42			
167.625	['A2', 'A4']	[True, True]	0.125	42			
167.75	[]	[]	0.125	42			
