j_offset	s_notes	s_isOnset	s_duration	s_measure
0.0		[]	2.0	1
0.125		[]	2.0	1
0.25		[]	2.0	1
0.375		[]	2.0	1
0.5		[]	2.0	1
0.625		[]	2.0	1
0.75		[]	2.0	1
0.875		[]	2.0	1
1.0		[]	2.0	1
1.125		[]	2.0	1
1.25		[]	2.0	1
1.375		[]	2.0	1
1.5		[]	2.0	1
1.625		[]	2.0	1
1.75		[]	2.0	1
1.875		[]	2.0	1
2.0	['B1', 'B2', 'B3', 'D#3', 'D#4', 'F#3', 'F#4']	[True, True, True, True, True, True, True]	0.5	1
2.125	['B1', 'B2', 'B3', 'D#3', 'D#4', 'F#3', 'F#4']	[False, False, False, False, False, False, False]	0.5	1
2.25	['B1', 'B2', 'B3', 'D#3', 'D#4', 'F#3', 'F#4']	[True, True, True, True, True, True, True]	0.5	1
2.375	['B1', 'B2', 'B3', 'D#3', 'D#4', 'F#3', 'F#4']	[True, True, True, True, True, True, True]	0.5	1
2.5	['B1', 'B2', 'D#3', 'F#3']	[False, False, False, False]	0.125	1
2.625	['B1', 'B2', 'B3', 'D#3', 'D#4', 'F#3', 'F#4']	[True, True, True, True, True, True, True]	0.25	1
2.75	['B1', 'B2', 'B3', 'D#3', 'D#4', 'F#3', 'F#4']	[True, True, True, True, True, True, True]	0.25	1
2.875	['B1']	[False]	0.125	1
3.0	['C#2', 'C#3', 'C#4', 'F3', 'F4', 'G#3', 'G#4']	[True, True, True, True, True, True, True]	0.125	1
3.125	['F4']	[False]	0.125	1
3.25	['C#2', 'C#3', 'C#4', 'F3', 'F4', 'G#3', 'G#4']	[True, True, True, True, True, True, True]	0.25	1
3.375	['C#2', 'C#3', 'C#4', 'F3', 'F4', 'G#3', 'G#4']	[True, True, True, True, True, True, True]	0.25	1
3.5	['C#2', 'F3', 'G#3']	[False, False, False]	0.125	1
3.625	['C#2', 'C#3', 'C#4', 'F3', 'F4', 'G#3', 'G#4']	[True, True, True, True, True, True, True]	0.25	1
3.75	['C#2', 'C#3', 'C#4', 'F3', 'F4', 'G#3', 'G#4']	[True, True, True, True, True, True, True]	0.25	1
3.875		[]	0.125	1
4.0	['A#2', 'A#4', 'C#3', 'C#5', 'F#2', 'F#4']	[True, True, True, True, True, True]	0.125	2
4.125	['A#2', 'A#4', 'C#3', 'C#5', 'F#2']	[False, False, False, False, False]	0.125	2
4.25	['C#2']	[True]	0.125	2
4.375		[]	0.125	2
4.5	['C#2']	[True]	0.125	2
4.625		[]	0.125	2
4.75	['C#2']	[True]	0.125	2
4.875		[]	0.125	2
5.0	['C#2']	[True]	0.125	2
5.125		[]	0.125	2
5.25	['C#2']	[True]	0.625	2
5.375	['C#2']	[True]	0.625	2
5.5	['C#2']	[False]	0.625	2
5.625	['C#2']	[True]	0.625	2
5.75	['C#2']	[False]	0.625	2
5.875	['F#2', 'F#3']	[True, True]	0.125	2
6.0	['F#1', 'F#2', 'F#3']	[True, False, False]	0.375	2
6.125	['F#1', 'F#2', 'F#3']	[False, False, True]	0.375	2
6.25	['F#1', 'F#2', 'F#3']	[False, True, True]	0.375	2
6.375	['A#2', 'A#3', 'C#4', 'F#1', 'F#2', 'F#3']	[True, True, True, False, False, False]	0.125	2
6.5	['A#2', 'A#3', 'C#4', 'F#1', 'F#2']	[False, False, False, False, False]	0.125	2
6.625	['A#2', 'A#3', 'C#3', 'C#4', 'F#1', 'F#2', 'F#3']	[False, False, True, True, True, False, True]	0.125	2
6.75	['A#3', 'C#3', 'C#4', 'F#1', 'F#3']	[False, False, False, False, False]	0.125	2
6.875	['A#3', 'C#3', 'C#4', 'F#1', 'F#2', 'F#3', 'F#4']	[False, False, False, False, True, True, True]	0.125	2
7.0	['A#3', 'C#2', 'C#4', 'F#2', 'F#3', 'F#4']	[False, True, False, False, False, False]	0.125	2
7.125	['A#3', 'C#2', 'C#3', 'C#4', 'F#2', 'F#3', 'F#4']	[False, False, True, True, False, True, False]	0.125	2
7.25	['C#2', 'C#3', 'C#4', 'F#2', 'F#3', 'F#4']	[False, False, False, False, False, False]	0.125	2
7.375	['A#2', 'A#3', 'C#3', 'C#4', 'F#2', 'F#3', 'F#4']	[True, True, False, True, False, False, False]	0.125	2
7.5	['A#2', 'A#3', 'C#2', 'C#4', 'F#2', 'F#3']	[False, False, True, False, False, False]	0.125	2
7.625	['A#2', 'A#3', 'C#2', 'C#3', 'C#4', 'F#2', 'F#3']	[False, False, False, True, True, False, True]	0.125	2
7.75	['A#3', 'C#2', 'C#3', 'C#4', 'F#3']	[False, False, False, False, False]	0.125	2
7.875	['A#3', 'C#2', 'C#3', 'C#4', 'F#2', 'F#3']	[False, False, False, False, True, True]	0.125	2
8.0	['A#3', 'C#4', 'F#1', 'F#2', 'F#3']	[False, False, True, False, False]	0.25	3
8.125	['A#3', 'C#4', 'F#1', 'F#2', 'F#3']	[False, False, False, False, True]	0.25	3
8.25	['F#2', 'F#3']	[True, True]	0.125	3
8.375	['A#2', 'A#3', 'C#4', 'F#2', 'F#3']	[True, True, True, False, False]	0.125	3
8.5	['A#2', 'A#3', 'C#4', 'F#2']	[False, False, False, False]	0.125	3
8.625	['A#2', 'A#3', 'C#3', 'C#4', 'F#1', 'F#2', 'F#3']	[False, False, True, True, True, False, True]	0.125	3
8.75	['A#3', 'C#3', 'C#4', 'F#1', 'F#3']	[False, False, False, False, False]	0.125	3
8.875	['A#3', 'C#2', 'C#3', 'C#4', 'F#1', 'F#2', 'F#3', 'F#4']	[False, True, False, False, False, True, True, True]	0.125	3
9.0	['A#3', 'C#2', 'C#4', 'F#2', 'F#3', 'F#4']	[False, False, False, False, False, False]	0.125	3
9.125	['A#3', 'C#2', 'C#3', 'C#4', 'F#2', 'F#3', 'F#4']	[False, False, True, True, False, True, False]	0.125	3
9.25	['C#2', 'C#3', 'C#4', 'F#2', 'F#3', 'F#4']	[False, False, False, False, False, False]	0.125	3
9.375	['A#2', 'A#3', 'C#3', 'C#4', 'F#2', 'F#3', 'F#4']	[True, True, False, True, False, False, False]	0.125	3
9.5	['A#2', 'A#3', 'C#2', 'C#4', 'F#2', 'F#3']	[False, False, True, False, False, False]	0.125	3
9.625	['A#3', 'C#2', 'C#3', 'C#4', 'F#2', 'F#3']	[False, False, True, True, False, True]	0.125	3
9.75	['A#3', 'C#2', 'C#3', 'C#4', 'F#3']	[False, False, False, False, False]	0.125	3
9.875	['A#3', 'C#2', 'C#3', 'C#4', 'F#1', 'F#2', 'F#3']	[False, False, False, False, True, True, True]	0.125	3
10.0	['A#3', 'C#4', 'F#1', 'F#2', 'F#3']	[False, False, False, False, False]	0.125	3
10.125	['A#3', 'F#2', 'F#3']	[False, False, True]	0.125	3
10.25	['F#2', 'F#3']	[True, True]	0.125	3
10.375	['A#2', 'A#3', 'C#4', 'F#2', 'F#3']	[True, True, True, False, False]	0.125	3
10.5	['A#2', 'A#3', 'C#4', 'F#2']	[False, False, False, False]	0.125	3
10.625	['A#3', 'C#3', 'C#4', 'F#1', 'F#2', 'F#3']	[False, True, True, True, False, True]	0.125	3
10.75	['A#3', 'C#3', 'C#4', 'F#1', 'F#3']	[False, False, False, False, False]	0.125	3
10.875	['A#3', 'C#2', 'C#3', 'C#4', 'F#1', 'F#2', 'F#3', 'F#4']	[False, True, False, False, False, True, True, True]	0.125	3
11.0	['A#3', 'C#2', 'C#4', 'F#2', 'F#3', 'F#4']	[False, False, False, False, False, False]	0.125	3
11.125	['A#3', 'C#2', 'C#3', 'C#4', 'F#2', 'F#3', 'F#4']	[False, False, True, True, False, True, False]	0.125	3
11.25	['C#2', 'C#3', 'C#4', 'F#2', 'F#3', 'F#4']	[False, False, False, False, False, False]	0.125	3
11.375	['A#2', 'A#3', 'C#2', 'C#3', 'C#4', 'F#2', 'F#3']	[True, True, True, False, True, False, False]	0.125	3
11.5	['A#2', 'A#3', 'C#2', 'C#4', 'F#2']	[False, False, False, False, False]	0.125	3
11.625	['A#3', 'C#2', 'C#3', 'C#4', 'F#2', 'F#3']	[False, False, True, True, False, True]	0.125	3
11.75	['A#3', 'C#2', 'C#3', 'C#4', 'F#3']	[False, False, False, False, False]	0.125	3
11.875	['A#3', 'C#2', 'C#3', 'C#4', 'F#1', 'F#2', 'F#3']	[False, False, False, False, True, True, True]	0.125	3
12.0	['A#3', 'C#4', 'F#1', 'F#2', 'F#3']	[False, False, False, False, True]	0.125	4
12.125	['F#2', 'F#3']	[True, True]	0.125	4
12.25	['A#2', 'A#3', 'C#4', 'F#2', 'F#3']	[True, True, True, False, True]	0.125	4
12.375	['A#2', 'A#3', 'C#4', 'F#2']	[False, True, False, False]	0.125	4
12.5	['A#2', 'A#3', 'C#4', 'F#2', 'F#3']	[False, False, True, False, True]	0.125	4
12.625	['A#3', 'C#3', 'C#4', 'F#1', 'F#3']	[False, True, False, True, False]	0.125	4
12.75	['A#3', 'C#3', 'C#4', 'F#1', 'F#3', 'F#4']	[False, False, False, False, True, True]	0.125	4
12.875	['A#3', 'C#2', 'C#4', 'F#2', 'F#3', 'F#4']	[False, True, False, True, False, False]	0.25	4
13.0	['A#3', 'C#2', 'C#4', 'F#2', 'F#3', 'F#4']	[False, False, True, False, True, False]	0.25	4
13.125	['C#2', 'C#3', 'C#4', 'F#2', 'F#3', 'F#4']	[False, True, False, False, True, False]	0.125	4
13.25	['A#3', 'C#3', 'C#4', 'F#2', 'F#3', 'F#4']	[True, False, True, False, False, False]	0.125	4
13.375	['A#2', 'A#3', 'C#2', 'C#4', 'F#2', 'F#3']	[True, True, True, True, False, False]	0.125	4
13.5	['A#2', 'A#3', 'C#2', 'C#3', 'C#4', 'F#3']	[False, False, False, True, True, True]	0.125	4
13.625	['A#3', 'C#2', 'C#3', 'C#4', 'F#3']	[False, False, False, False, False]	0.125	4
13.75	['B2', 'A#3', 'C#2', 'C#3', 'C#4', 'F#3']	[True, False, False, False, False, False]	0.125	4
13.875	['B1', 'B2', 'B3']	[True, True, True]	0.25	4
14.0	['B1', 'B2', 'B3']	[False, False, True]	0.25	4
14.125	['B2', 'B3']	[True, True]	0.125	4
14.25	['B2', 'B3', 'D#4', 'F#4']	[False, False, True, True]	0.125	4
14.375	['B2', 'D#3', 'D#4', 'F#4']	[False, True, True, False]	0.125	4
14.5	['B2', 'B3', 'D#3', 'D#4', 'F#3', 'F#4']	[False, True, False, False, True, False]	0.125	4
14.625	['B1', 'B3', 'D#4', 'F#3', 'F#4']	[True, False, False, False, True]	0.125	4
14.75	['B1', 'B2', 'B3', 'B4', 'D#4', 'F#3', 'F#4']	[False, True, True, True, False, False, False]	0.125	4
14.875	['B2', 'B3', 'B4', 'D#4', 'F#2', 'F#3', 'F#4']	[False, False, False, False, True, False, False]	0.125	4
15.0	['B2', 'B3', 'B4', 'F#2', 'F#3', 'F#4']	[False, True, False, False, True, True]	0.25	4
15.125	['B2', 'B3', 'B4', 'F#2', 'F#3', 'F#4']	[False, False, False, False, False, False]	0.25	4
15.25	['B2', 'B3', 'B4', 'D#3', 'D#4', 'F#3', 'F#4']	[False, False, False, True, True, False, True]	0.125	4
15.375	['B2', 'D#3', 'D#4', 'F#2', 'F#4']	[False, False, False, True, False]	0.125	4
15.5	['B2', 'B3', 'D#3', 'D#4', 'F#2', 'F#3', 'F#4']	[False, True, False, False, False, True, True]	0.125	4
15.625	['B3', 'D#4', 'F#2', 'F#3', 'F#4']	[False, False, False, False, False]	0.125	4
15.75	['B1', 'B2', 'B3', 'D#4', 'F#2', 'F#3', 'F#4']	[True, True, True, False, False, False, False]	0.125	4
15.875	['B1', 'B2', 'B3', 'D#4', 'F#4']	[False, False, False, False, False]	0.125	4
16.0	['B2', 'B3']	[False, True]	0.25	5
16.125	['B2', 'B3']	[True, True]	0.25	5
16.25	['B2', 'B3', 'D#3', 'D#4', 'F#4']	[False, False, True, True, True]	0.125	5
16.375	['B2', 'D#3', 'D#4', 'F#4']	[False, False, False, False]	0.125	5
16.5	['B1', 'B2', 'B3', 'D#4', 'F#3', 'F#4']	[True, False, True, False, True, True]	0.125	5
16.625	['B1', 'B3', 'D#4', 'F#3', 'F#4']	[False, False, False, False, False]	0.125	5
16.75	['B1', 'B2', 'B3', 'B4', 'D#4', 'F#2', 'F#3', 'F#4']	[False, True, True, True, False, True, False, False]	0.125	5
16.875	['B2', 'B3', 'B4', 'D#4', 'F#2', 'F#4']	[False, False, False, False, False, False]	0.125	5
17.0	['B2', 'B3', 'B4', 'D#4', 'F#2', 'F#3', 'F#4']	[False, True, False, False, False, True, True]	0.125	5
17.125	['B2', 'B3', 'B4', 'F#2', 'F#3', 'F#4']	[False, False, False, False, False, False]	0.125	5
17.25	['B2', 'B3', 'B4', 'D#3', 'D#4', 'F#2', 'F#3', 'F#4']	[False, False, False, True, True, True, False, True]	0.125	5
17.375	['D#3', 'D#4', 'F#2', 'F#4']	[False, False, False, False]	0.125	5
17.5	['B3', 'D#4', 'F#2', 'F#3', 'F#4']	[True, False, False, True, True]	0.125	5
17.625	['B3', 'D#4', 'F#3', 'F#4']	[False, False, False, False]	0.125	5
17.75	['C#2', 'C#3', 'C#4']	[True, True, True]	0.125	5
17.875	['C#2', 'C#3']	[False, False]	0.125	5
18.0	['C#2', 'C#3', 'C#4']	[False, False, True]	0.125	5
18.125	['C#3', 'C#4']	[True, False]	0.125	5
18.25	['C#3', 'F3', 'F4', 'G#4']	[False, True, True, True]	0.25	5
18.375	['C#3', 'F3', 'F4', 'G#4']	[False, False, False, False]	0.25	5
18.5	['C#2', 'C#4', 'F3', 'F4', 'G#3', 'G#4']	[True, True, False, False, True, True]	0.25	5
18.625	['C#2', 'C#4', 'F3', 'F4', 'G#3', 'G#4']	[False, False, False, False, False, False]	0.25	5
18.75	['C#2', 'C#3', 'C#4', 'C#5', 'D#4', 'F3', 'F4', 'G#1', 'G#3', 'G#4']	[False, True, True, True, True, False, False, True, False, False]	0.125	5
18.875	['C#3', 'C#4', 'C#5', 'F3', 'F4', 'G#1', 'G#4']	[False, False, False, False, False, False, False]	0.125	5
19.0	['C#3', 'C#4', 'C#5', 'G#1', 'G#3', 'G#4']	[False, True, False, False, True, True]	0.25	5
19.125	['C#3', 'C#4', 'C#5', 'G#1', 'G#3', 'G#4']	[False, False, False, False, False, False]	0.25	5
19.25	['C#3', 'C#5', 'F3', 'F4', 'G#1', 'G#3', 'G#4']	[False, False, True, True, True, False, True]	0.125	5
19.375	['C#3', 'C#4', 'F3', 'F4', 'G#1', 'G#4']	[False, True, False, False, False, False]	0.125	5
19.5	['C#3', 'C#4', 'F4', 'G#1', 'G#3', 'G#4']	[False, True, False, False, True, True]	0.125	5
19.625	['C#3', 'C#4', 'G#1', 'G#3', 'G#4']	[True, True, False, False, False]	0.125	5
19.75	['C#2', 'C#3', 'C#4', 'F4', 'G#4']	[True, True, True, True, True]	0.25	5
19.875	['C#2', 'C#3', 'C#4', 'F4', 'G#4']	[False, False, False, False, False]	0.25	5
20.0		[]	0.875	6
20.125		[]	0.875	6
20.25		[]	0.875	6
20.375		[]	0.875	6
20.5		[]	0.875	6
20.625		[]	0.875	6
20.75		[]	0.875	6
20.875	['C#7']	[True]	0.125	6
21.0	['A#6', 'C7', 'C#7', 'G#6']	[True, True, False, True]	0.125	6
21.125	['D#6', 'F6', 'F#6', 'G#6']	[True, True, True, False]	0.125	6
21.25	['A#5', 'C6', 'C#6', 'G#5']	[True, True, True, True]	0.125	6
21.375	['C#5', 'D#5', 'F5', 'F#5', 'G#5']	[True, True, True, True, False]	0.125	6
21.5	['A#4', 'C5', 'F#4', 'G#4']	[True, True, True, True]	0.125	6
21.625	['A#5', 'C#6', 'D#4', 'F#2', 'F#5']	[True, True, True, True, True]	0.125	6
21.75	['A#5', 'C#6', 'F#2', 'F#5']	[True, True, False, True]	0.125	6
21.875	['A#3', 'A#5', 'C#4', 'C#6', 'F#2', 'F#3', 'F#5']	[True, True, True, True, False, True, True]	0.125	6
22.0	['A#3', 'A#5', 'C#4', 'C#6', 'F#3', 'F#5']	[False, True, False, True, False, True]	0.125	6
22.125	['A#3', 'A#5', 'C#2', 'C#4', 'C#6', 'F#2', 'F#3', 'F#5']	[False, True, True, False, True, True, False, True]	0.125	6
22.25	['A#5', 'C#2', 'C#6', 'F#2', 'F#5']	[True, False, True, False, True]	0.125	6
22.375	['A#3', 'A#5', 'C#2', 'C#4', 'C#6', 'F#2', 'F#3', 'F#5']	[True, True, False, True, True, False, True, True]	0.125	6
22.5	['A#3', 'A#5', 'C#4', 'C#6', 'F#3', 'F#5']	[False, True, False, True, False, True]	0.125	6
22.625	['A#3', 'A#5', 'C#4', 'C#6', 'F#2', 'F#3', 'F#5']	[False, True, False, True, True, False, True]	0.125	6
22.75	['A#5', 'C#6', 'F#2', 'F#5']	[True, True, True, True]	0.125	6
22.875	['A#3', 'A#5', 'C#4', 'C#6', 'F#2', 'F#3', 'F#5']	[True, True, True, True, False, True, True]	0.125	6
23.0	['A#3', 'A#5', 'C#4', 'C#6', 'F#3', 'F#5']	[False, True, False, True, False, True]	0.125	6
23.125	['A#3', 'A#5', 'C#2', 'C#4', 'C#6', 'F#2', 'F#3', 'F#5']	[False, True, True, False, True, True, False, True]	0.125	6
23.25	['A#5', 'C#2', 'C#4', 'C#6', 'F#2', 'F#3', 'F#5']	[True, False, False, True, False, False, True]	0.125	6
23.375	['A#3', 'A#5', 'C#2', 'C#4', 'C#6', 'F#2', 'F#3', 'F#5']	[True, True, False, True, True, False, True, True]	0.125	6
23.5	['A#3', 'A#5', 'C#4', 'C#6', 'F#2', 'F#3', 'F#5']	[False, True, False, True, False, False, True]	0.125	6
23.625	['A#3', 'D#2', 'F#3']	[False, True, False]	0.125	6
23.75	['D#2']	[False]	0.125	6
23.875	['A#3', 'A#5', 'D#2', 'D#3', 'D#5', 'F#3']	[True, True, False, True, True, True]	0.125	6
24.0	['A#3', 'A#5', 'D#3', 'D#5', 'F#3', 'F#5']	[False, True, False, True, False, True]	0.125	7
24.125	['A#3', 'A#5', 'D#2', 'D#3', 'D#5', 'F#3', 'F#5']	[False, True, True, False, True, False, True]	0.125	7
24.25	['A#1', 'A#5', 'D#2', 'D#5', 'F#5']	[True, True, False, True, True]	0.125	7
24.375	['A#1', 'A#3', 'A#5', 'D#2', 'D#3', 'D#5', 'F#3', 'F#5']	[False, True, True, False, True, True, True, True]	0.125	7
24.5	['A#3', 'A#5', 'D#3', 'D#5', 'F#3', 'F#5']	[False, True, False, True, False, True]	0.125	7
24.625	['A#3', 'A#5', 'D#2', 'D#3', 'D#5', 'F#3', 'F#5']	[False, True, True, False, True, False, True]	0.125	7
24.75	['A#5', 'D#2', 'D#5', 'F#5']	[True, False, True, True]	0.125	7
24.875	['A#3', 'A#5', 'D#2', 'D#3', 'D#5', 'F#3', 'F#5']	[True, True, False, True, True, True, True]	0.125	7
25.0	['A#3', 'A#5', 'D#3', 'D#5', 'F#3', 'F#5']	[False, True, False, True, False, True]	0.125	7
25.125	['A#1', 'A#3', 'A#5', 'D#2', 'D#3', 'D#5', 'F#3', 'F#5']	[True, False, True, True, False, True, False, True]	0.125	7
25.25	['A#1', 'A#5', 'D#2', 'D#5', 'F#5']	[False, True, False, True, True]	0.125	7
25.375	['A#1', 'A#3', 'A#5', 'D#2', 'D#3', 'D#5', 'F#3', 'F#5']	[False, True, True, False, True, True, True, True]	0.125	7
25.5	['A#3', 'A#5', 'D#3', 'D#5', 'F#3', 'F#5']	[False, True, False, True, False, True]	0.125	7
25.625	['A#5', 'C#6', 'F#2', 'F#5']	[True, True, True, True]	0.25	7
25.75	['A#5', 'C#6', 'F#2', 'F#5']	[True, True, False, True]	0.25	7
25.875	['A#3', 'A#5', 'C#4', 'C#6', 'F#2', 'F#3', 'F#5']	[True, True, True, True, False, True, True]	0.125	7
26.0	['A#3', 'A#5', 'C#4', 'C#6', 'F#3', 'F#5']	[False, True, False, True, False, True]	0.125	7
26.125	['A#3', 'A#5', 'C#2', 'C#4', 'C#6', 'F#2', 'F#3', 'F#5']	[False, True, True, False, True, True, False, True]	0.125	7
26.25	['A#5', 'C#2', 'C#6', 'F#2', 'F#5']	[True, False, True, False, True]	0.125	7
26.375	['A#3', 'A#5', 'C#2', 'C#4', 'C#6', 'F#2', 'F#3', 'F#5']	[True, True, False, True, True, False, True, True]	0.125	7
26.5	['A#3', 'A#5', 'C#4', 'C#6', 'F#3', 'F#5']	[False, True, False, True, False, True]	0.125	7
26.625	['A#3', 'A#5', 'C#4', 'C#6', 'F#2', 'F#3', 'F#5']	[False, True, False, True, True, False, True]	0.125	7
26.75	['A#5', 'C#6', 'F#2', 'F#5']	[True, True, False, True]	0.125	7
26.875	['A#3', 'A#5', 'C#4', 'C#6', 'F#2', 'F#3', 'F#5']	[True, True, True, True, False, True, True]	0.125	7
27.0	['A#3', 'A#5', 'C#4', 'C#6', 'F#3', 'F#5']	[False, True, False, True, False, True]	0.125	7
27.125	['A#3', 'A#5', 'C#2', 'C#4', 'C#6', 'F#2', 'F#3', 'F#5']	[False, True, True, False, True, True, False, True]	0.125	7
27.25	['A#5', 'C#2', 'C#6', 'F#2', 'F#5']	[True, False, True, False, True]	0.125	7
27.375	['A#3', 'A#5', 'C#2', 'C#4', 'C#6', 'F#2', 'F#3', 'F#5']	[True, True, False, True, True, False, True, True]	0.125	7
27.5	['A#3', 'A#5', 'C#4', 'C#6', 'F#3', 'F#5']	[False, True, False, True, False, True]	0.125	7
27.625	['A#5', 'D#2', 'D#5', 'F#5']	[True, True, True, True]	0.25	7
27.75	['A#5', 'D#2', 'D#5', 'F#5']	[True, False, True, True]	0.25	7
27.875	['A#3', 'A#5', 'D#2', 'D#3', 'D#5', 'F#3', 'F#5']	[True, True, False, True, True, True, True]	0.125	7
28.0	['A#3', 'A#5', 'D#3', 'F#3', 'F#5']	[False, True, False, False, True]	0.125	8
28.125	['A#1', 'A#5', 'D#2']	[True, True, True]	0.125	8
28.25	['A#1', 'A#3', 'D#2', 'D#3', 'F#3']	[False, True, False, True, True]	0.125	8
28.375	['A#1', 'A#3', 'D#3', 'F#3']	[False, True, True, True]	0.125	8
28.5	['A#3', 'A#5', 'D#3', 'D#5', 'F#3', 'F#5']	[False, True, False, True, False, True]	0.125	8
28.625	['A#5', 'D#2', 'D#3', 'D#5', 'F#5']	[True, True, False, True, True]	0.125	8
28.75	['A#3', 'A#5', 'D#2', 'D#3', 'D#5', 'F#3', 'F#5']	[True, True, False, True, True, True, True]	0.125	8
28.875	['A#3', 'A#5', 'D#3', 'D#5', 'F#3', 'F#5']	[False, True, False, True, True, True]	0.125	8
29.0	['A#3', 'A#5', 'D#2', 'D#3', 'D#5', 'F#3', 'F#5']	[False, True, True, False, True, False, True]	0.125	8
29.125	['A#1', 'A#5', 'D#2', 'D#5', 'F#5']	[True, True, False, True, True]	0.125	8
29.25	['A#1', 'A#3', 'A#5', 'D#2', 'D#3', 'D#5', 'F#3', 'F#5']	[False, True, True, False, True, True, True, True]	0.125	8
29.375	['A#1', 'A#3', 'A#5', 'D#3', 'D#5', 'F#3', 'F#5']	[False, False, True, False, True, False, True]	0.125	8
29.5	['A#3', 'A#5', 'C#6', 'F#2', 'F#3', 'F#5']	[False, True, True, True, False, True]	0.125	8
29.625	['A#5', 'C#6', 'F#2', 'F#5']	[True, True, True, True]	0.125	8
29.75	['A#3', 'A#5', 'C#4', 'C#6', 'F#2', 'F#3', 'F#5']	[True, True, True, True, False, True, True]	0.25	8
29.875	['A#3', 'A#5', 'C#4', 'C#6', 'F#2', 'F#3', 'F#5']	[True, True, True, True, False, False, True]	0.25	8
30.0	['A#3', 'A#5', 'C#2', 'C#4', 'C#6', 'F#2', 'F#3', 'F#5']	[False, True, True, False, True, True, False, True]	0.125	8
30.125	['A#5', 'C#2', 'C#6', 'F#2', 'F#5']	[True, False, True, True, True]	0.125	8
30.25	['A#3', 'A#5', 'C#2', 'C#4', 'C#6', 'F#2', 'F#3', 'F#5']	[True, True, False, True, True, False, True, True]	0.125	8
30.375	['A#3', 'A#5', 'C#4', 'C#6', 'F#3', 'F#5']	[False, True, False, True, False, True]	0.125	8
30.5	['A#3', 'A#5', 'C#4', 'C#6', 'F#2', 'F#3', 'F#5']	[False, True, False, True, True, False, True]	0.125	8
30.625	['A#5', 'C#6', 'F#2', 'F#5']	[True, True, False, True]	0.125	8
30.75	['A#3', 'A#5', 'C#4', 'C#6', 'F#2', 'F#3', 'F#5']	[True, True, True, True, False, True, True]	0.125	8
30.875	['A#3', 'A#5', 'C#4', 'C#6', 'F#3', 'F#5']	[False, True, False, True, False, True]	0.125	8
31.0	['A#3', 'A#5', 'C#2', 'C#4', 'C#6', 'F#2', 'F#3', 'F#5']	[False, True, True, False, True, True, False, True]	0.125	8
31.125	['A#5', 'C#2', 'C#6', 'F#2', 'F#5']	[True, False, True, False, True]	0.125	8
31.25	['A#3', 'A#5', 'C#2', 'C#4', 'C#6', 'F#2', 'F#3', 'F#5']	[True, True, False, True, True, False, True, True]	0.125	8
31.375	['A#3', 'A#5', 'C#4', 'C#6', 'F#3', 'F#5']	[False, True, False, True, False, True]	0.125	8
31.5	['A#3', 'A#5', 'C#4', 'C#6', 'F#2', 'F#3', 'F#5']	[False, True, False, True, True, False, True]	0.125	8
31.625	['A#5', 'C#6', 'F#2', 'F#5']	[True, True, False, True]	0.125	8
31.75	['A#3', 'A#5', 'C#4', 'C#6', 'F#2', 'F#3', 'F#5']	[True, True, True, True, False, True, True]	0.125	8
31.875	['A#3', 'A#5', 'C#4', 'C#6', 'F#3', 'F#5']	[False, True, False, True, False, True]	0.125	8
32.0	['A#3', 'A#5', 'C#2', 'C#4', 'C#6', 'F#2', 'F#3', 'F#5']	[False, True, True, False, True, True, False, True]	0.125	9
32.125	['A#5', 'C#2', 'C#6', 'F#2', 'F#5']	[True, False, True, False, True]	0.125	9
32.25	['A#3', 'A#5', 'C#2', 'C#4', 'C#6', 'F#2', 'F#3', 'F#5']	[True, True, False, True, True, False, True, True]	0.125	9
32.375	['A#3', 'A#5', 'C#4', 'C#6', 'F#3', 'F#5']	[False, True, False, True, False, True]	0.125	9
32.5	['A#3', 'A#5', 'C#4', 'C#6', 'F#2', 'F#3', 'F#5']	[False, True, False, True, True, False, True]	0.125	9
32.625	['A#5', 'C#6', 'F#2', 'F#5']	[True, True, False, True]	0.125	9
32.75	['A#3', 'A#5', 'C#4', 'C#6', 'F#3', 'F#5']	[True, True, True, True, True, True]	0.25	9
32.875	['A#3', 'A#5', 'C#4', 'C#6', 'F#3', 'F#5']	[False, True, False, True, False, True]	0.25	9
33.0	['A#3', 'A#5', 'C#2', 'C#4', 'C#6', 'F#2', 'F#3', 'F#5']	[False, True, True, False, True, True, False, True]	0.125	9
33.125	['A#5', 'C#2', 'C#6', 'F#2', 'F#5']	[True, False, True, False, True]	0.125	9
33.25	['A#3', 'C#2', 'C#4', 'C#6', 'F#2', 'F#3']	[True, False, True, True, False, True]	0.125	9
33.375	['A#3', 'A#5', 'C#4', 'C#6', 'F#3', 'F#5']	[False, True, False, True, False, True]	0.125	9
33.5	['A#5', 'D#2', 'D#5', 'F#5']	[True, True, True, True]	0.25	9
33.625	['A#5', 'D#2', 'D#5', 'F#5']	[True, False, True, True]	0.25	9
33.75	['A#3', 'A#5', 'D#2', 'D#3', 'D#5', 'F#3', 'F#5']	[True, True, False, True, True, True, True]	0.125	9
33.875	['A#3', 'A#5', 'D#3', 'D#5', 'F#3', 'F#5']	[False, True, False, True, False, True]	0.125	9
34.0	['A#1', 'A#5', 'D#2', 'D#5', 'F#5']	[True, True, True, True, True]	0.125	9
34.125	['A#1', 'A#5', 'D#2', 'D#3', 'D#5', 'F#5']	[False, True, False, True, True, True]	0.125	9
34.25	['A#1', 'A#3', 'D#3', 'F#3']	[False, True, True, True]	0.125	9
34.375	['A#3', 'D#3', 'F#3']	[False, False, False]	0.125	9
34.5	['D#2']	[True]	0.125	9
34.625	['D#2', 'D#3']	[False, True]	0.125	9
34.75	['A#3', 'D#3', 'F#3']	[True, True, True]	0.25	9
34.875	['A#3', 'D#3', 'F#3']	[False, False, False]	0.25	9
35.0	['A#1', 'D#2']	[True, True]	0.125	9
35.125	['A#1', 'A#3', 'D#2', 'D#3', 'F#3']	[False, True, False, True, True]	0.125	9
35.25	['A#1', 'A#3', 'A#5', 'D#3', 'D#5', 'F#3', 'F#5']	[False, True, True, True, True, True, True]	0.125	9
35.375	['A#3', 'A#5', 'D#2', 'D#3', 'D#5', 'F#3', 'F#5']	[False, True, True, False, True, False, True]	0.125	9
35.5	['A#5', 'D#2', 'D#5', 'F#5']	[True, True, True, True]	0.125	9
35.625	['A#3', 'A#5', 'D#2', 'D#3', 'D#5', 'F#3', 'F#5']	[True, True, False, True, True, True, True]	0.375	9
35.75	['A#3', 'A#5', 'D#2', 'D#3', 'D#5', 'F#3', 'F#5']	[True, True, False, False, True, True, True]	0.375	9
35.875	['A#3', 'A#5', 'D#2', 'D#3', 'D#5', 'F#3', 'F#5']	[False, True, True, False, True, False, True]	0.375	9
36.0	['A#1', 'A#5', 'D#2', 'D#5', 'F#5']	[True, True, True, True, True]	0.125	10
36.125	['A#1', 'A#3', 'A#5', 'D#2', 'D#3', 'D#5', 'F#3', 'F#5']	[False, True, True, False, True, True, True, True]	0.125	10
36.25	['A#1', 'A#3', 'A#5', 'D#3', 'D#5', 'F#3', 'F#5']	[False, False, True, False, True, False, True]	0.125	10
36.375	['A#3', 'A#5', 'D#2', 'D#3', 'D#5', 'F#3', 'F#5']	[False, True, True, False, True, False, True]	0.125	10
36.5	['A#5', 'D#2', 'D#5', 'F#5']	[True, True, True, True]	0.125	10
36.625	['A#3', 'A#5', 'D#2', 'D#3', 'D#5', 'F#3', 'F#5']	[True, True, False, True, True, True, True]	0.25	10
36.75	['A#3', 'A#5', 'D#2', 'D#3', 'D#5', 'F#3', 'F#5']	[False, True, False, False, True, False, True]	0.25	10
36.875	['A#1', 'A#3', 'A#5', 'D#2', 'D#3', 'D#5', 'F#3', 'F#5']	[True, False, True, True, False, True, False, True]	0.125	10
37.0	['A#1', 'A#5', 'D#2', 'D#5', 'F#5']	[False, True, False, True, True]	0.125	10
37.125	['A#1', 'A#3', 'A#5', 'D#2', 'D#3', 'D#5', 'F#3', 'F#5']	[False, True, True, False, True, True, True, True]	0.125	10
37.25	['A#3', 'A#5', 'D#3', 'D#5', 'F#3', 'F#5']	[False, True, False, True, False, True]	0.125	10
37.375	['A#5', 'C#6', 'F#2', 'F#5']	[True, True, True, True]	0.25	10
37.5	['A#5', 'C#6', 'F#2', 'F#5']	[True, True, False, True]	0.25	10
37.625	['A#3', 'A#5', 'C#4', 'C#6', 'F#2', 'F#3', 'F#5']	[True, True, True, True, False, True, True]	0.125	10
37.75	['A#3', 'A#5', 'C#4', 'C#6', 'F#3', 'F#5']	[False, True, False, True, False, True]	0.125	10
37.875	['A#3', 'A#5', 'C#2', 'C#4', 'C#6', 'F#2', 'F#3', 'F#5']	[False, True, True, False, True, True, False, True]	0.125	10
38.0	['A#5', 'C#2', 'C#6', 'F#2', 'F#5']	[True, False, True, False, True]	0.125	10
38.125	['A#3', 'A#5', 'C#2', 'C#4', 'C#6', 'F#2', 'F#3', 'F#5']	[True, True, False, True, True, False, True, True]	0.125	10
38.25	['A#3', 'A#5', 'C#4', 'C#6', 'F#3', 'F#5']	[False, True, False, True, False, True]	0.125	10
38.375	['A#3', 'A#5', 'C#4', 'C#6', 'F#2', 'F#3', 'F#5']	[False, True, False, True, True, False, True]	0.125	10
38.5	['A#5', 'C#6', 'F#2', 'F#5']	[True, True, False, True]	0.125	10
38.625	['A#3', 'A#5', 'C#4', 'C#6', 'F#2', 'F#3', 'F#5']	[True, True, True, True, False, True, True]	0.125	10
38.75	['A#3', 'A#5', 'C#4', 'C#6', 'F#3', 'F#5']	[False, True, False, True, False, True]	0.125	10
38.875	['A#3', 'A#5', 'C#2', 'C#4', 'C#6', 'F#2', 'F#3', 'F#5']	[False, True, True, False, True, True, False, True]	0.125	10
39.0	['A#5', 'C#2', 'C#6', 'F#2', 'F#5']	[True, False, True, False, True]	0.125	10
39.125	['A#3', 'A#5', 'C#2', 'C#4', 'C#6', 'F#2', 'F#3', 'F#5']	[True, True, False, True, True, False, True, True]	0.125	10
39.25	['A#3', 'A#5', 'C#4', 'C#6', 'F#3', 'F#5']	[False, True, False, True, False, True]	0.125	10
39.375	['A#5', 'D#2', 'D#5', 'F#5']	[True, True, True, True]	0.25	10
39.5	['A#5', 'D#2', 'D#5', 'F#5']	[True, False, True, True]	0.25	10
39.625	['A#3', 'A#5', 'D#2', 'D#3', 'D#5', 'F#3', 'F#5']	[True, True, False, True, True, True, True]	0.125	10
39.75	['A#3', 'A#5', 'D#3', 'D#5', 'F#3', 'F#5']	[False, True, False, True, False, True]	0.125	10
39.875	['A#1', 'A#3', 'A#5', 'D#2', 'D#3', 'D#5', 'F#3', 'F#5']	[True, False, True, True, False, True, False, True]	0.125	10
40.0	['A#1', 'A#5', 'D#2', 'D#5', 'F#5']	[False, True, False, True, True]	0.125	11
40.125	['A#1', 'A#3', 'A#5', 'D#3', 'D#5', 'F#3', 'F#5']	[False, True, True, True, True, True, True]	0.125	11
40.25	['A#3', 'A#5', 'D#3', 'D#5', 'F#3', 'F#5']	[False, True, False, True, False, True]	0.125	11
40.375	['A#3', 'A#5', 'D#2', 'D#3', 'D#5', 'F#3', 'F#5']	[False, True, True, False, True, False, True]	0.125	11
40.5	['A#5', 'D#2', 'D#5', 'F#5']	[True, False, True, True]	0.125	11
40.625	['A#3', 'A#5', 'D#3', 'D#5', 'F#3', 'F#5']	[True, True, True, True, True, True]	0.25	11
40.75	['A#3', 'A#5', 'D#3', 'D#5', 'F#3', 'F#5']	[False, True, False, True, False, True]	0.25	11
40.875	['A#1', 'A#5', 'D#2', 'D#5', 'F#5']	[True, True, True, True, True]	0.25	11
41.0	['A#1', 'A#5', 'D#2', 'D#5', 'F#5']	[False, True, False, True, True]	0.25	11
41.125	['A#1', 'A#3', 'A#5', 'D#3', 'D#5', 'F#3', 'F#5']	[False, True, True, True, True, True, True]	0.125	11
41.25	['B2', 'A#3', 'A#5', 'D#3', 'D#5', 'F#3', 'F#5']	[True, False, True, False, True, False, True]	0.125	11
41.375	['B1', 'B2', 'B3', 'D#3', 'D#4', 'F#3', 'F#4']	[True, True, True, True, True, True, True]	0.125	11
41.5	['B2', 'D#3']	[True, False]	0.125	11
41.625	['B1', 'B2', 'B3', 'D#3', 'D#4', 'F#3', 'F#4']	[True, True, True, True, True, True, True]	0.25	11
41.75	['B1', 'B2', 'B3', 'D#3', 'D#4', 'F#3', 'F#4']	[True, True, True, True, True, True, True]	0.25	11
41.875		[]	0.125	11
42.0	['B1', 'B2', 'B3', 'D#3', 'D#4', 'F#3', 'F#4']	[True, True, True, True, True, True, True]	0.25	11
42.125	['B1', 'B2', 'B3', 'D#3', 'D#4', 'F#3', 'F#4']	[True, True, True, True, True, True, True]	0.25	11
42.25		[]	0.125	11
42.375	['C#2', 'C#3', 'C#4', 'F3', 'F4', 'G#3', 'G#4']	[True, True, True, True, True, True, True]	0.125	11
42.5		[]	0.125	11
42.625	['C#2', 'C#3', 'C#4', 'F3', 'F4', 'G#3', 'G#4']	[True, True, True, True, True, True, True]	0.25	11
42.75	['C#2', 'C#3', 'C#4', 'F3', 'F4', 'G#3', 'G#4']	[True, True, True, True, True, True, True]	0.25	11
42.875		[]	0.125	11
43.0	['C#2', 'C#3', 'C#4', 'F3', 'F4', 'G#3', 'G#4']	[True, True, True, True, True, True, True]	0.25	11
43.125	['C#2', 'C#3', 'C#4', 'F3', 'F4', 'G#3', 'G#4']	[True, True, True, True, True, True, True]	0.25	11
43.25		[]	0.125	11
43.375	['A#2', 'A#4', 'C#3', 'C#5', 'F#2', 'F#4']	[True, True, True, True, True, True]	0.125	11
43.5	['A#2', 'C#3', 'F#2']	[False, False, False]	0.125	11
43.625	['C#2']	[True]	0.25	11
43.75	['C#2']	[True]	0.25	11
43.875		[]	0.125	11
44.0	['C#2']	[True]	0.125	12
44.125		[]	0.125	12
44.25	['C#2']	[True]	0.125	12
44.375		[]	0.125	12
44.5	['C#2']	[True]	0.125	12
44.625		[]	0.125	12
44.75	['C#2']	[True]	0.125	12
44.875		[]	0.125	12
45.0	['C#2']	[True]	0.125	12
45.125		[]	0.125	12
45.25	['F#1', 'F#2', 'F#3']	[True, True, True]	0.125	12
45.375	['F#1', 'F#2']	[False, False]	0.125	12
45.5	['F#2', 'F#3']	[False, True]	0.25	12
45.625	['F#2', 'F#3']	[True, True]	0.25	12
45.75	['A#2', 'A#3', 'C#4', 'F#2', 'F#3']	[True, True, True, False, False]	0.125	12
45.875	['A#2', 'A#3', 'C#4', 'F#2']	[False, False, False, False]	0.125	12
46.0	['A#2', 'A#3', 'C#3', 'C#4', 'F#1', 'F#2', 'F#3']	[False, False, True, True, True, False, True]	0.125	12
46.125	['A#3', 'C#3', 'C#4', 'F#1', 'F#3']	[False, False, False, False, False]	0.125	12
46.25	['A#3', 'C#2', 'C#3', 'C#4', 'F#1', 'F#2', 'F#3', 'F#4']	[False, True, False, False, False, True, True, True]	0.125	12
46.375	['A#3', 'C#2', 'C#4', 'F#2', 'F#3', 'F#4']	[False, False, False, False, False, False]	0.125	12
46.5	['A#3', 'C#2', 'C#3', 'C#4', 'F#2', 'F#3', 'F#4']	[False, False, True, True, False, True, False]	0.125	12
46.625	['C#2', 'C#3', 'C#4', 'F#2', 'F#3', 'F#4']	[False, False, False, False, False, False]	0.125	12
46.75	['A#2', 'A#3', 'C#2', 'C#3', 'C#4', 'F#2', 'F#3', 'F#4']	[True, True, True, False, True, False, False, False]	0.125	12
46.875	['A#2', 'A#3', 'C#2', 'C#4', 'F#2']	[False, False, False, False, False]	0.125	12
47.0	['A#2', 'A#3', 'C#2', 'C#3', 'C#4', 'F#2', 'F#3']	[False, False, False, True, True, False, True]	0.125	12
47.125	['A#3', 'C#2', 'C#3', 'C#4', 'F#3']	[False, False, False, False, False]	0.125	12
47.25	['A#3', 'C#2', 'C#3', 'C#4', 'F#1', 'F#2', 'F#3']	[False, False, False, False, True, True, True]	0.125	12
47.375	['A#3', 'C#4', 'F#1', 'F#2']	[False, False, False, False]	0.125	12
47.5	['A#3', 'C#4', 'F#2', 'F#3']	[False, False, False, True]	0.125	12
47.625	['F#2', 'F#3']	[True, True]	0.125	12
47.75	['A#2', 'A#3', 'C#4', 'F#2', 'F#3']	[True, True, True, False, False]	0.125	12
47.875	['A#2', 'A#3', 'C#4', 'F#2']	[False, False, False, False]	0.125	12
48.0	['A#2', 'A#3', 'C#3', 'C#4', 'F#1', 'F#2', 'F#3']	[False, False, True, True, True, False, True]	0.125	13
48.125	['A#3', 'C#3', 'C#4', 'F#1', 'F#3']	[False, False, False, False, False]	0.125	13
48.25	['A#3', 'C#2', 'C#3', 'C#4', 'F#1', 'F#2', 'F#3', 'F#4']	[False, True, False, False, False, True, True, True]	0.125	13
48.375	['A#3', 'C#2', 'C#4', 'F#2', 'F#3', 'F#4']	[False, False, False, False, False, False]	0.125	13
48.5	['A#3', 'C#2', 'C#3', 'C#4', 'F#2', 'F#3', 'F#4']	[False, False, True, True, False, True, False]	0.125	13
48.625	['C#2', 'C#3', 'C#4', 'F#2', 'F#3']	[False, False, False, False, False]	0.125	13
48.75	['A#2', 'A#3', 'C#2', 'C#3', 'C#4', 'F#2', 'F#3']	[True, True, True, False, True, False, False]	0.125	13
48.875	['A#2', 'A#3', 'C#2', 'C#4', 'F#2']	[False, False, False, False, False]	0.125	13
49.0	['A#3', 'C#2', 'C#3', 'C#4', 'F#2', 'F#3']	[False, False, True, True, False, True]	0.125	13
49.125	['A#3', 'C#2', 'C#3', 'C#4', 'F#3']	[False, False, False, False, False]	0.125	13
49.25	['A#3', 'C#2', 'C#3', 'C#4', 'F#1', 'F#2', 'F#3']	[False, False, False, False, True, True, True]	0.125	13
49.375	['A#3', 'C#4', 'F#1', 'F#2', 'F#3']	[False, False, False, False, True]	0.125	13
49.5	['F#2', 'F#3']	[False, True]	0.125	13
49.625	['A#3', 'C#4', 'F#2', 'F#3']	[True, True, True, True]	0.125	13
49.75	['A#2', 'A#3', 'C#4', 'F#2']	[True, True, True, False]	0.25	13
49.875	['A#2', 'A#3', 'C#4', 'F#2']	[False, False, False, False]	0.25	13
50.0	['A#3', 'C#3', 'C#4', 'F#1', 'F#3']	[False, True, True, True, True]	0.25	13
50.125	['A#3', 'C#3', 'C#4', 'F#1', 'F#3']	[False, False, False, False, False]	0.25	13
50.25	['A#3', 'C#2', 'C#4', 'F#2', 'F#3', 'F#4']	[False, True, False, True, True, True]	0.125	13
50.375	['A#3', 'C#2', 'C#3', 'C#4', 'F#2', 'F#3', 'F#4']	[False, False, True, True, False, True, False]	0.125	13
50.5	['C#2', 'C#3', 'C#4', 'F#2', 'F#3', 'F#4']	[False, False, False, False, False, False]	0.125	13
50.625	['A#2', 'A#3', 'C#3', 'C#4', 'F#2', 'F#3', 'F#4']	[True, True, False, True, False, False, False]	0.125	13
50.75	['A#2', 'A#3', 'C#2', 'C#4', 'F#2']	[False, False, True, False, False]	0.125	13
50.875	['A#2', 'A#3', 'C#2', 'C#3', 'C#4', 'F#2', 'F#3']	[False, False, False, True, True, False, True]	0.125	13
51.0	['A#3', 'C#2', 'C#3', 'C#4', 'F#3']	[False, False, False, False, False]	0.125	13
51.125	['A#3', 'C#2', 'C#3', 'C#4', 'F#2', 'F#3']	[False, False, False, False, True, True]	0.125	13
51.25	['A#3', 'C#4', 'F#1', 'F#2', 'F#3']	[False, False, True, False, False]	0.25	13
51.375	['A#3', 'C#4', 'F#1', 'F#2', 'F#3']	[False, False, False, False, True]	0.25	13
51.5	['F#2', 'F#3']	[True, True]	0.125	13
51.625	['A#2', 'A#3', 'C#4', 'F#2', 'F#3']	[True, True, True, False, False]	0.125	13
51.75	['A#2', 'A#3', 'C#4', 'F#2']	[False, False, False, False]	0.125	13
51.875	['A#2', 'A#3', 'C#3', 'C#4', 'F#1', 'F#2', 'F#3']	[False, False, True, True, True, False, True]	0.125	13
52.0	['A#3', 'C#3', 'C#4', 'F#1', 'F#3']	[False, False, False, False, False]	0.125	14
52.125	['A#3', 'C#3', 'C#4', 'F#1', 'F#2', 'F#3', 'F#4']	[False, False, False, False, True, True, True]	0.125	14
52.25	['A#3', 'C#2', 'C#4', 'F#2', 'F#3', 'F#4']	[False, True, False, False, False, False]	0.125	14
52.375	['A#3', 'C#2', 'C#3', 'C#4', 'F#2', 'F#3', 'F#4']	[False, False, True, True, False, True, False]	0.125	14
52.5	['C#2', 'C#3', 'C#4', 'F#2', 'F#3', 'F#4']	[False, False, False, False, False, False]	0.125	14
52.625	['A#2', 'A#3', 'C#3', 'C#4', 'F#2', 'F#3', 'F#4']	[True, True, False, True, False, False, False]	0.125	14
52.75	['A#2', 'A#3', 'C#2', 'C#4', 'F#2']	[False, False, True, False, False]	0.125	14
52.875	['A#2', 'A#3', 'C#2', 'C#3', 'C#4', 'F#3']	[False, False, False, True, True, True]	0.125	14
53.0	['A#3', 'C#2', 'C#3', 'C#4', 'F#3']	[False, False, False, False, False]	0.125	14
53.125	['B1', 'B2', 'B3', 'A#3', 'C#2', 'C#3', 'C#4']	[True, True, True, False, False, False, False]	0.125	14
53.25	['B1', 'B2', 'B3']	[False, False, False]	0.125	14
53.375	['B2', 'B3']	[False, True]	0.25	14
53.5	['B2', 'B3']	[True, True]	0.25	14
53.625	['B2', 'B3', 'D#3', 'D#4', 'F#4']	[False, False, True, True, True]	0.125	14
53.75	['B2', 'D#3', 'D#4', 'F#4']	[False, False, False, False]	0.125	14
53.875	['B1', 'B2', 'B3', 'D#3', 'D#4', 'F#3', 'F#4']	[True, False, True, False, False, True, True]	0.125	14
54.0	['B1', 'B3', 'D#4', 'F#3', 'F#4']	[False, False, False, False, False]	0.125	14
54.125	['B1', 'B2', 'B3', 'B4', 'D#4', 'F#2', 'F#3', 'F#4']	[False, True, True, True, False, True, False, False]	0.125	14
54.25	['B2', 'B3', 'B4', 'D#4', 'F#2', 'F#4']	[False, False, False, False, False, False]	0.125	14
54.375	['B2', 'B3', 'B4', 'F#2', 'F#3', 'F#4']	[False, True, False, False, True, True]	0.125	14
54.5	['B2', 'B3', 'F#2', 'F#3', 'F#4']	[False, False, False, False, False]	0.125	14
54.625	['B2', 'B3', 'D#3', 'D#4', 'F#2', 'F#3', 'F#4']	[False, False, True, True, True, False, True]	0.125	14
54.75	['B2', 'D#3', 'D#4', 'F#2', 'F#4']	[False, False, False, False, False]	0.125	14
54.875	['B2', 'B3', 'D#4', 'F#2', 'F#3', 'F#4']	[False, True, False, False, True, True]	0.125	14
55.0	['B3', 'D#4', 'F#2', 'F#3', 'F#4']	[False, False, False, False, False]	0.125	14
55.125	['B1', 'B2', 'B3', 'D#4', 'F#2', 'F#3', 'F#4']	[True, True, True, False, False, False, False]	0.125	14
55.25	['B1', 'B2', 'D#4', 'F#4']	[False, False, False, False]	0.125	14
55.375	['B2', 'B3']	[False, True]	0.25	14
55.5	['B2', 'B3']	[True, True]	0.25	14
55.625	['B2', 'B3', 'D#3', 'D#4', 'F#4']	[False, False, True, True, True]	0.125	14
55.75	['B2', 'D#3', 'D#4', 'F#4']	[False, False, False, False]	0.125	14
55.875	['B1', 'B2', 'B3', 'D#4', 'F#3', 'F#4']	[True, False, True, False, True, True]	0.125	14
56.0	['B1', 'B3', 'D#4', 'F#3', 'F#4']	[False, False, False, False, False]	0.125	15
56.125	['B2', 'B3', 'B4', 'D#4', 'F#2', 'F#3', 'F#4']	[True, True, True, False, True, False, False]	0.125	15
56.25	['B2', 'B3', 'B4', 'D#4', 'F#2', 'F#4']	[False, False, False, False, False, False]	0.125	15
56.375	['B2', 'B3', 'B4', 'F#2', 'F#3', 'F#4']	[False, True, False, False, True, True]	0.25	15
56.5	['B2', 'B3', 'B4', 'F#2', 'F#3', 'F#4']	[False, False, False, False, False, False]	0.25	15
56.625	['B2', 'B3', 'D#3', 'D#4', 'F#2', 'F#4']	[False, False, True, True, True, True]	0.125	15
56.75	['B3', 'D#3', 'D#4', 'F#2', 'F#4']	[False, False, False, False, False]	0.125	15
56.875	['B3', 'D#4', 'F#2', 'F#3', 'F#4']	[True, False, False, True, True]	0.125	15
57.0	['B3', 'C#3', 'D#4', 'F#3', 'F#4']	[False, True, False, False, False]	0.125	15
57.125	['C#2', 'C#3', 'C#4']	[True, True, True]	0.375	15
57.25	['C#2', 'C#3', 'C#4']	[False, False, True]	0.375	15
57.375	['C#2', 'C#3', 'C#4']	[False, True, True]	0.375	15
57.5	['C#3', 'C#4', 'F3', 'F4', 'G#4']	[False, False, True, True, True]	0.125	15
57.625	['C#3', 'F3', 'F4', 'G#4']	[False, False, True, True]	0.25	15
57.75	['C#3', 'F3', 'F4', 'G#4']	[False, False, False, False]	0.25	15
57.875	['C#2', 'C#3', 'C#4', 'F3', 'F4', 'G#3', 'G#4']	[True, False, True, False, False, True, True]	0.25	15
58.0	['C#2', 'C#3', 'C#4', 'F3', 'F4', 'G#3', 'G#4']	[False, False, True, False, False, False, False]	0.25	15
58.125	['C#3', 'C#4', 'C#5', 'F3', 'F4', 'G#1', 'G#3', 'G#4']	[True, False, True, False, False, True, False, False]	0.25	15
58.25	['C#3', 'C#4', 'C#5', 'F3', 'F4', 'G#1', 'G#3', 'G#4']	[False, True, False, False, False, False, True, True]	0.25	15
58.375	['C#3', 'C#4', 'C#5', 'F4', 'G#1', 'G#3', 'G#4']	[True, True, False, True, False, False, False]	0.125	15
58.5	['C#3', 'C#4', 'F3', 'F4', 'G#3', 'G#4']	[False, True, True, True, False, True]	0.125	15
58.625	['C#3', 'C#4', 'F3', 'F4', 'G#1', 'G#3', 'G#4']	[True, False, False, True, True, False, True]	0.25	15
58.75	['C#3', 'C#4', 'F3', 'F4', 'G#1', 'G#3', 'G#4']	[True, True, False, True, False, True, True]	0.25	15
58.875	['C#3', 'C#4', 'F4', 'G#1', 'G#3', 'G#4']	[False, True, False, False, False, False]	0.25	15
59.0	['C#3', 'C#4', 'F4', 'G#1', 'G#3', 'G#4']	[True, True, True, False, False, True]	0.25	15
59.125	['C#2', 'C#3', 'C#4', 'F4', 'G#4']	[True, False, False, False, False]	0.125	15
59.25	['C#2']	[False]	0.125	15
59.375		[]	0.875	15
59.5		[]	0.875	15
59.625		[]	0.875	15
59.75		[]	0.875	15
59.875		[]	0.875	15
60.0		[]	0.875	16
60.125		[]	0.875	16
60.25	['C#7']	[True]	0.125	16
60.375	['A#6', 'C7', 'G#6']	[True, True, True]	0.125	16
60.5	['C#6', 'D#6', 'F6', 'F#6']	[True, True, True, True]	0.125	16
60.625	['A#5', 'C6', 'F#5', 'G#5']	[True, True, True, True]	0.125	16
60.75	['C5', 'C#5', 'D#5', 'F5']	[True, True, True, True]	0.125	16
60.875	['A#4', 'F4', 'F#4', 'G#4']	[True, True, True, True]	0.125	16
61.0	['A#5', 'C#6', 'F#2', 'F#5']	[True, True, True, True]	0.25	16
61.125	['A#5', 'C#6', 'F#2', 'F#5']	[True, True, True, True]	0.25	16
61.25	['A#3', 'A#5', 'C#4', 'C#6', 'F#2', 'F#3', 'F#5']	[True, True, True, True, False, True, True]	0.125	16
61.375	['A#3', 'A#5', 'C#4', 'C#6', 'F#3', 'F#5']	[False, True, True, True, False, True]	0.125	16
61.5	['A#3', 'A#5', 'C#2', 'C#4', 'C#6', 'F#2', 'F#3', 'F#5']	[False, True, True, False, True, True, False, True]	0.125	16
61.625	['A#5', 'C#2', 'C#6', 'F#2', 'F#5']	[True, False, True, False, True]	0.125	16
61.75	['A#3', 'A#5', 'C#2', 'C#4', 'C#6', 'F#2', 'F#3', 'F#5']	[True, True, False, True, True, False, True, True]	0.125	16
61.875	['A#3', 'A#5', 'C#4', 'C#6', 'F#3', 'F#5']	[False, True, False, True, False, True]	0.125	16
62.0	['A#3', 'A#5', 'C#4', 'C#6', 'F#2', 'F#3', 'F#5']	[False, True, False, True, True, False, True]	0.125	16
62.125	['A#5', 'C#6', 'F#2', 'F#5']	[True, True, False, True]	0.125	16
62.25	['A#3', 'A#5', 'C#4', 'C#6', 'F#2', 'F#3', 'F#5']	[True, True, True, True, False, True, True]	0.125	16
62.375	['A#3', 'A#5', 'C#4', 'C#6', 'F#3', 'F#5']	[False, True, False, True, False, True]	0.125	16
62.5	['A#3', 'A#5', 'C#2', 'C#4', 'C#6', 'F#2', 'F#3', 'F#5']	[False, True, True, False, True, True, False, True]	0.125	16
62.625	['A#5', 'C#2', 'C#6', 'F#2', 'F#5']	[True, False, True, False, True]	0.125	16
62.75	['A#3', 'A#5', 'C#2', 'C#4', 'C#6', 'F#2', 'F#3', 'F#5']	[True, True, False, True, True, False, True, True]	0.125	16
62.875	['A#3', 'A#5', 'C#4', 'C#6', 'F#2', 'F#3', 'F#5']	[False, True, False, True, False, False, True]	0.125	16
63.0	['A#5', 'D#2', 'D#5', 'F#3', 'F#5']	[True, True, True, False, True]	0.125	16
63.125	['A#5', 'D#2', 'D#5', 'F#5']	[True, False, True, True]	0.125	16
63.25	['A#3', 'A#5', 'D#2', 'D#3', 'D#5', 'F#3', 'F#5']	[True, True, False, True, True, True, True]	0.125	16
63.375	['A#3', 'A#5', 'D#3', 'D#5', 'F#3', 'F#5']	[False, True, False, True, False, True]	0.125	16
63.5	['A#1', 'A#3', 'A#5', 'D#2', 'D#3', 'D#5', 'F#3', 'F#5']	[True, False, True, True, False, True, False, True]	0.125	16
63.625	['A#1', 'A#5', 'D#2', 'D#5', 'F#5']	[False, True, False, True, True]	0.125	16
63.75	['A#1', 'A#3', 'A#5', 'D#2', 'D#3', 'D#5', 'F#3', 'F#5']	[False, True, True, False, True, True, True, True]	0.125	16
63.875	['A#3', 'A#5', 'D#3', 'D#5', 'F#3', 'F#5']	[False, True, False, True, False, True]	0.125	16
64.0	['A#1', 'A#3', 'A#5', 'D#2', 'D#3', 'D#5', 'F#3', 'F#5']	[True, False, True, True, False, True, False, True]	0.125	17
64.125	['A#1', 'A#5', 'D#2', 'D#5', 'F#5']	[False, True, False, True, True]	0.125	17
64.25	['A#1', 'A#3', 'A#5', 'D#2', 'D#3', 'D#5', 'F#3', 'F#5']	[False, True, True, False, True, True, True, True]	0.125	17
64.375	['A#3', 'A#5', 'D#3', 'D#5', 'F#3', 'F#5']	[False, True, False, True, False, True]	0.125	17
64.5	['A#3', 'A#5', 'D#2', 'D#3', 'D#5', 'F#3', 'F#5']	[False, True, True, False, True, False, True]	0.125	17
64.625	['A#5', 'D#2', 'D#5', 'F#5']	[True, False, True, True]	0.125	17
64.75	['A#3', 'D#3', 'F#3']	[True, True, True]	0.25	17
64.875	['A#3', 'D#3', 'F#3']	[False, False, False]	0.25	17
65.0	['A#5', 'C#6', 'F#2', 'F#5']	[True, True, True, True]	0.125	17
65.125	['A#5', 'C#6', 'F#2']	[True, True, False]	0.125	17
65.25	['A#3', 'C#4', 'F#3']	[True, True, True]	0.25	17
65.375	['A#3', 'C#4', 'F#3']	[False, False, False]	0.25	17
65.5	['C#2', 'F#2', 'F#5']	[True, True, True]	0.125	17
65.625	['A#3', 'C#2', 'C#4', 'F#2', 'F#3', 'F#5']	[True, False, True, False, True, True]	0.125	17
65.75	['A#3', 'A#5', 'C#2', 'C#4', 'C#6', 'F#3', 'F#5']	[True, True, False, True, True, True, True]	0.125	17
65.875	['A#3', 'A#5', 'C#4', 'C#6', 'F#3', 'F#5']	[False, True, False, True, False, True]	0.125	17
66.0	['A#3', 'A#5', 'C#4', 'C#6', 'F#2', 'F#3', 'F#5']	[False, True, False, True, True, False, True]	0.25	17
66.125	['A#3', 'A#5', 'C#4', 'C#6', 'F#2', 'F#3', 'F#5']	[True, True, True, True, False, True, True]	0.25	17
66.25	['A#3', 'A#5', 'C#4', 'C#6', 'F#3', 'F#5']	[True, True, True, True, True, True]	0.125	17
66.375	['A#3', 'A#5', 'C#4', 'C#6', 'F#2', 'F#3', 'F#5']	[False, True, False, True, True, False, True]	0.125	17
66.5	['A#5', 'C#2', 'C#4', 'C#6', 'F#2', 'F#5']	[True, True, False, True, True, True]	0.125	17
66.625	['A#3', 'A#5', 'C#2', 'C#4', 'C#6', 'F#2', 'F#3', 'F#5']	[True, True, False, True, True, False, True, True]	0.25	17
66.75	['A#3', 'A#5', 'C#2', 'C#4', 'C#6', 'F#2', 'F#3', 'F#5']	[False, True, False, False, True, False, False, True]	0.25	17
66.875	['A#3', 'A#5', 'C#4', 'D#2', 'D#5', 'F#3', 'F#5']	[False, True, False, True, True, False, True]	0.125	17
67.0	['A#5', 'D#2', 'D#5', 'F#5']	[True, True, True, True]	0.125	17
67.125	['A#3', 'A#5', 'D#2', 'D#3', 'D#5', 'F#3', 'F#5']	[True, True, False, True, True, True, True]	0.25	17
67.25	['A#3', 'A#5', 'D#2', 'D#3', 'D#5', 'F#3', 'F#5']	[False, True, False, False, True, False, True]	0.25	17
67.375	['A#1', 'A#3', 'A#5', 'D#2', 'D#3', 'D#5', 'F#3', 'F#5']	[True, False, True, True, False, True, False, True]	0.125	17
67.5	['A#1', 'A#5', 'D#2', 'D#5', 'F#5']	[False, True, False, True, True]	0.125	17
67.625	['A#1', 'A#3', 'A#5', 'D#2', 'D#3', 'D#5', 'F#3', 'F#5']	[False, True, True, False, True, True, True, True]	0.125	17
67.75	['A#1', 'A#3', 'A#5', 'D#3', 'D#5', 'F#3', 'F#5']	[False, False, True, False, True, False, True]	0.125	17
67.875	['A#3', 'A#5', 'D#2', 'D#3', 'D#5', 'F#3', 'F#5']	[False, True, True, False, True, False, True]	0.125	17
68.0	['A#5', 'D#2', 'D#5', 'F#5']	[True, False, True, True]	0.125	18
68.125	['A#3', 'A#5', 'D#2', 'D#3', 'D#5', 'F#3', 'F#5']	[True, True, False, True, True, True, True]	0.125	18
68.25	['A#3', 'A#5', 'D#3', 'D#5', 'F#3', 'F#5']	[False, True, False, True, False, True]	0.125	18
68.375	['A#1', 'A#3', 'A#5', 'D#2', 'D#3', 'D#5', 'F#3', 'F#5']	[True, False, True, True, False, True, False, True]	0.125	18
68.5	['A#1', 'A#5', 'D#2', 'D#5', 'F#5']	[False, True, False, True, True]	0.125	18
68.625	['A#1', 'A#3', 'A#5', 'D#2', 'D#3', 'D#5', 'F#3', 'F#5']	[False, True, True, False, True, True, True, True]	0.125	18
68.75	['A#3', 'A#5', 'D#3', 'D#5', 'F#3', 'F#5']	[False, True, False, True, False, True]	0.125	18
68.875	['A#5', 'C#6', 'F#2', 'F#5']	[True, True, True, True]	0.25	18
69.0	['A#5', 'C#6', 'F#2', 'F#5']	[True, True, False, True]	0.25	18
69.125	['A#3', 'A#5', 'C#4', 'C#6', 'F#2', 'F#3', 'F#5']	[True, True, True, True, False, True, True]	0.125	18
69.25	['A#3', 'A#5', 'C#4', 'C#6', 'F#3', 'F#5']	[False, True, False, True, False, True]	0.125	18
69.375	['A#3', 'A#5', 'C#2', 'C#4', 'C#6', 'F#2', 'F#3', 'F#5']	[False, True, True, False, True, True, False, True]	0.125	18
69.5	['A#5', 'C#2', 'C#6', 'F#2', 'F#5']	[True, False, True, False, True]	0.125	18
69.625	['A#3', 'A#5', 'C#2', 'C#4', 'C#6', 'F#2', 'F#3', 'F#5']	[True, True, False, True, True, False, True, True]	0.125	18
69.75	['A#3', 'A#5', 'C#4', 'C#6', 'F#3', 'F#5']	[False, True, False, True, False, True]	0.125	18
69.875	['A#3', 'A#5', 'C#4', 'C#6', 'F#2', 'F#3', 'F#5']	[False, True, False, True, True, False, True]	0.125	18
70.0	['A#5', 'C#6', 'F#2', 'F#5']	[True, True, False, True]	0.125	18
70.125	['A#3', 'A#5', 'C#4', 'C#6', 'F#2', 'F#3', 'F#5']	[True, True, True, True, False, True, True]	0.125	18
70.25	['A#3', 'A#5', 'C#4', 'C#6', 'F#3', 'F#5']	[False, True, False, True, False, True]	0.125	18
70.375	['A#3', 'A#5', 'C#2', 'C#4', 'C#6', 'F#2', 'F#3', 'F#5']	[False, True, True, False, True, True, False, True]	0.125	18
70.5	['A#5', 'C#2', 'C#6', 'F#2', 'F#5']	[True, False, True, False, True]	0.125	18
70.625	['A#3', 'A#5', 'C#2', 'C#4', 'C#6', 'F#2', 'F#3', 'F#5']	[True, True, False, True, True, False, True, True]	0.125	18
70.75	['A#3', 'A#5', 'C#4', 'C#6', 'F#3', 'F#5']	[False, True, False, True, False, True]	0.125	18
70.875	['A#3', 'A#5', 'C#4', 'C#6', 'F#2', 'F#3', 'F#5']	[False, True, False, True, True, False, True]	0.125	18
71.0	['A#5', 'C#6', 'F#2', 'F#5']	[True, True, False, True]	0.125	18
71.125	['A#3', 'A#5', 'C#4', 'C#6', 'F#2', 'F#3', 'F#5']	[True, True, True, True, False, True, True]	0.125	18
71.25	['A#3', 'A#5', 'C#4', 'C#6', 'F#3', 'F#5']	[False, True, False, True, False, True]	0.125	18
71.375	['A#3', 'A#5', 'C#2', 'C#4', 'C#6', 'F#2', 'F#3', 'F#5']	[False, True, True, False, True, True, False, True]	0.125	18
71.5	['A#5', 'C#2', 'C#6', 'F#2', 'F#5']	[True, False, True, False, True]	0.125	18
71.625	['A#3', 'A#5', 'C#2', 'C#4', 'C#6', 'F#2', 'F#3', 'F#5']	[True, True, False, True, True, False, True, True]	0.125	18
71.75	['A#3', 'A#5', 'C#4', 'C#6', 'F#3', 'F#5']	[False, True, False, True, False, True]	0.125	18
71.875	['A#3', 'A#5', 'C#4', 'C#6', 'F#2', 'F#3', 'F#5']	[False, True, False, True, True, False, True]	0.125	18
72.0	['A#3', 'A#5', 'C#4', 'C#6', 'F#2', 'F#5']	[True, True, True, True, False, True]	0.125	19
72.125	['A#3', 'A#5', 'C#4', 'C#6', 'F#2', 'F#3', 'F#5']	[True, True, True, True, False, True, True]	0.25	19
72.25	['A#3', 'A#5', 'C#4', 'C#6', 'F#2', 'F#3', 'F#5']	[False, True, False, True, True, False, True]	0.25	19
72.375	['A#3', 'A#5', 'C#2', 'C#4', 'C#6', 'F#2', 'F#3', 'F#5']	[False, True, True, False, True, True, False, True]	0.125	19
72.5	['C#2', 'F#2', 'F#3']	[False, False, True]	0.125	19
72.625	['A#3', 'C#2', 'C#4', 'F#3']	[True, False, True, True]	0.125	19
72.75	['A#3', 'C#4', 'F#3']	[False, False, False]	0.125	19
72.875	['D#2']	[True]	0.125	19
73.0	['A#3', 'D#2', 'D#3']	[True, False, True]	0.125	19
73.125	['A#3', 'D#2', 'D#3', 'F#3']	[True, False, True, True]	0.125	19
73.25	['A#3', 'D#3', 'F#3']	[False, False, False]	0.125	19
73.375	['A#1', 'D#2']	[True, True]	0.125	19
73.5	['A#1', 'A#3', 'A#5', 'D#2', 'D#3', 'D#5', 'F#5']	[False, True, True, False, True, True, True]	0.125	19
73.625	['A#3', 'A#5', 'D#3', 'D#5', 'F#3', 'F#5']	[True, True, False, True, True, True]	0.125	19
73.75	['A#3', 'A#5', 'D#2', 'D#3', 'D#5', 'F#3', 'F#5']	[False, True, True, False, True, False, True]	0.125	19
73.875	['A#5', 'D#2', 'D#5', 'F#5']	[True, True, True, True]	0.125	19
74.0	['A#3', 'A#5', 'D#2', 'D#3', 'D#5', 'F#3', 'F#5']	[True, True, False, True, True, True, True]	0.125	19
74.125	['A#3', 'A#5', 'D#3', 'D#5', 'F#3', 'F#5']	[False, True, False, True, True, True]	0.125	19
74.25	['A#1', 'A#3', 'A#5', 'D#2', 'D#3', 'D#5', 'F#3', 'F#5']	[True, False, True, True, False, True, False, True]	0.125	19
74.375	['A#1', 'A#5', 'D#2', 'D#5', 'F#5']	[False, True, False, True, True]	0.125	19
74.5	['A#1', 'A#3', 'A#5', 'D#2', 'D#3', 'D#5', 'F#3', 'F#5']	[False, True, True, False, True, True, True, True]	0.125	19
74.625	['A#3', 'A#5', 'D#3', 'D#5', 'F#3', 'F#5']	[False, True, False, True, False, True]	0.125	19
74.75	['A#3', 'A#5', 'D#2', 'D#3', 'D#5', 'F#3', 'F#5']	[False, True, True, False, True, False, True]	0.125	19
74.875	['A#5', 'D#2', 'D#5', 'F#5']	[True, False, True, True]	0.125	19
75.0	['A#3', 'A#5', 'D#2', 'D#3', 'D#5', 'F#3', 'F#5']	[True, True, False, True, True, True, True]	0.125	19
75.125	['A#3', 'A#5', 'D#3', 'D#5', 'F#3', 'F#5']	[False, True, False, True, False, True]	0.125	19
75.25	['A#1', 'A#3', 'A#5', 'D#2', 'D#3', 'D#5', 'F#3', 'F#5']	[True, False, True, True, False, True, False, True]	0.125	19
75.375	['A#1', 'A#5', 'D#2', 'D#5', 'F#5']	[False, True, False, True, True]	0.125	19
75.5	['A#1', 'A#3', 'A#5', 'D#2', 'D#3', 'D#5', 'F#3', 'F#5']	[False, True, True, False, True, True, True, True]	0.125	19
75.625	['A#3', 'A#5', 'D#3', 'D#5', 'F#3', 'F#5']	[False, True, False, True, False, True]	0.125	19
75.75	['A#3', 'A#5', 'D#2', 'D#3', 'D#5', 'F#3', 'F#5']	[False, True, True, False, True, False, True]	0.125	19
75.875	['A#5', 'D#2', 'D#5', 'F#5']	[True, False, True, True]	0.125	19
76.0	['A#3', 'A#5', 'D#2', 'D#3', 'D#5', 'F#3', 'F#5']	[True, True, False, True, True, True, True]	0.125	20
76.125	['A#3', 'A#5', 'D#3', 'D#5', 'F#3', 'F#5']	[False, True, False, True, False, True]	0.125	20
76.25	['A#1', 'A#3', 'A#5', 'D#2', 'D#3', 'D#5', 'F#3', 'F#5']	[True, False, True, True, False, True, False, True]	0.125	20
76.375	['A#1', 'A#3', 'A#5', 'D#2', 'D#5', 'F#5']	[False, True, True, False, True, True]	0.125	20
76.5	['A#1', 'A#3', 'A#5', 'D#3', 'D#5', 'F#3', 'F#5']	[False, True, True, True, True, True, True]	0.125	20
76.625	['A#3', 'A#5', 'D#3', 'D#5', 'F#3', 'F#5']	[False, True, False, True, False, True]	0.125	20
76.75	['A#5', 'C#6', 'F#2', 'F#5']	[True, True, True, True]	0.25	20
76.875	['A#5', 'C#6', 'F#2', 'F#5']	[True, True, False, True]	0.25	20
77.0	['A#3', 'A#5', 'C#4', 'C#6', 'F#2', 'F#3', 'F#5']	[True, True, True, True, False, True, True]	0.125	20
77.125	['A#3', 'A#5', 'C#4', 'C#6', 'F#3', 'F#5']	[False, True, False, True, False, True]	0.125	20
77.25	['A#3', 'A#5', 'C#2', 'C#4', 'C#6', 'F#2', 'F#3', 'F#5']	[False, True, True, False, True, True, False, True]	0.125	20
77.375	['A#5', 'C#2', 'C#6', 'F#2', 'F#5']	[True, False, True, False, True]	0.125	20
77.5	['A#3', 'A#5', 'C#2', 'C#4', 'C#6', 'F#3', 'F#5']	[True, True, False, True, True, True, True]	0.125	20
77.625	['A#3', 'A#5', 'C#4', 'C#6', 'F#3', 'F#5']	[False, True, False, True, False, True]	0.125	20
77.75	['A#3', 'A#5', 'C#4', 'C#6', 'F#2', 'F#3', 'F#5']	[False, True, False, True, True, False, True]	0.125	20
77.875	['A#5', 'C#6', 'F#2', 'F#5']	[True, True, False, True]	0.125	20
78.0	['A#3', 'A#5', 'C#4', 'C#6', 'F#2', 'F#3']	[True, True, True, True, False, True]	0.125	20
78.125	['A#3', 'A#5', 'C#4', 'C#6', 'F#3', 'F#5']	[False, True, False, True, False, True]	0.125	20
78.25	['A#3', 'C#2', 'C#4', 'F#2', 'F#3']	[False, True, False, True, False]	0.125	20
78.375	['C#2', 'F#2']	[False, False]	0.125	20
78.5	['A#3', 'A#5', 'C#2', 'C#4', 'C#6', 'F#2', 'F#3', 'F#5']	[True, True, False, True, True, False, True, True]	0.125	20
78.625	['A#3', 'A#5', 'C#4', 'C#6', 'F#3', 'F#5']	[False, True, False, True, False, True]	0.125	20
78.75	['A#5', 'D#2', 'D#5', 'F#5']	[True, True, True, True]	0.25	20
78.875	['A#5', 'D#2', 'D#5', 'F#5']	[True, False, True, True]	0.25	20
79.0	['A#3', 'A#5', 'D#2', 'D#3', 'D#5', 'F#3', 'F#5']	[True, True, False, True, True, True, True]	0.125	20
79.125	['A#3', 'A#5', 'D#3', 'D#5', 'F#3', 'F#5']	[False, True, False, True, False, True]	0.125	20
79.25	['A#1', 'A#5', 'D#2', 'D#5', 'F#5']	[True, True, True, True, True]	0.25	20
79.375	['A#1', 'A#5', 'D#2', 'D#5', 'F#5']	[False, True, False, True, True]	0.25	20
79.5	['A#1', 'A#3', 'A#5', 'D#3', 'D#5', 'F#3', 'F#5']	[False, True, True, True, True, True, True]	0.125	20
79.625	['A#3', 'A#5', 'D#3', 'F#3', 'F#5']	[False, True, False, False, True]	0.125	20
79.75	['A#3', 'D#2']	[False, True]	0.125	20
79.875	['D#2']	[False]	0.125	20
80.0	['A#3', 'A#5', 'D#3', 'D#5', 'F#3', 'F#5']	[True, True, True, True, True, True]	0.25	21
80.125	['A#3', 'A#5', 'D#3', 'D#5', 'F#3', 'F#5']	[False, True, False, True, False, True]	0.25	21
80.25	['A#1', 'A#3', 'D#2', 'D#5']	[True, True, True, True]	0.125	21
80.375	['A#1', 'A#3', 'D#2', 'D#3', 'D#5', 'F#3']	[False, True, False, True, True, True]	0.125	21
80.5	['A#1', 'A#3', 'A#5', 'D#3', 'D#5', 'F#3', 'F#5']	[False, False, True, False, True, False, True]	0.125	21
80.625	['B1', 'B2', 'B3', 'D#3', 'D#4', 'F#3', 'F#4']	[True, True, True, True, True, True, True]	0.125	21
80.75	['B1', 'B2', 'B3', 'D#4', 'F#3', 'F#4']	[False, False, False, False, False, False]	0.125	21
80.875	['B1', 'B2', 'B3', 'D#3', 'D#4', 'F#3', 'F#4']	[True, True, True, True, True, True, True]	0.125	21
81.0	['B1', 'B2', 'D#3', 'F#3']	[True, True, True, True]	0.125	21
81.125	['B1', 'B2', 'B3', 'D#3', 'D#4', 'F#3', 'F#4']	[False, True, True, False, True, True, True]	0.125	21
81.25	['B1', 'B2', 'D#3', 'F#3']	[True, True, True, True]	0.125	21
81.375	['B1', 'B2', 'B3', 'D#3', 'D#4', 'F#3', 'F#4']	[True, True, True, True, True, True, True]	0.25	21
81.5	['B1', 'B2', 'B3', 'D#3', 'D#4', 'F#3', 'F#4']	[False, False, True, False, True, False, True]	0.25	21
81.625	['C#2', 'C#3', 'F3', 'G#3']	[True, True, True, True]	0.125	21
81.75	['C#2', 'C#3', 'C#4', 'F3', 'F4', 'G#3', 'G#4']	[False, False, True, False, True, False, True]	0.25	21
81.875	['C#2', 'C#3', 'C#4', 'F3', 'F4', 'G#3', 'G#4']	[True, True, True, True, True, True, True]	0.25	21
82.0	['C#2', 'C#3', 'F3', 'F4', 'G#3', 'G#4']	[True, True, True, False, True, False]	0.125	21
82.125	['C#2', 'C#3', 'C#4', 'F3', 'F4', 'G#3', 'G#4']	[False, True, True, True, True, True, True]	0.125	21
82.25	['C#2', 'C#3', 'F3', 'G#3']	[True, True, True, True]	0.125	21
82.375	['C#2', 'C#3', 'F3', 'F4', 'G#3', 'G#4']	[True, True, True, True, True, True]	0.125	21
82.5	['C#2', 'C#3', 'C#4', 'F3', 'F4', 'G#3', 'G#4']	[False, False, True, False, True, False, True]	0.125	21
82.625	['F#2']	[True]	0.125	21
82.75	['A#2', 'A#3', 'C#3', 'C#4', 'F#2', 'F#3']	[True, True, True, True, True, True]	0.125	21
82.875	['A#3', 'C#2', 'C#4', 'F#3']	[False, True, False, False]	0.125	21
83.0		[]	0.125	21
83.125	['C#2']	[True]	0.125	21
83.25		[]	0.125	21
83.375	['C#2']	[True]	0.125	21
83.5		[]	0.125	21
83.625	['C#2']	[True]	0.125	21
83.75		[]	0.125	21
83.875	['C#2']	[True]	0.125	21
84.0		[]	0.125	22
84.125	['C#2']	[True]	0.125	22
84.25		[]	0.125	22
84.375	['C#2']	[True]	0.125	22
84.5		[]	0.125	22
84.625	['F#1', 'F#2', 'F#3']	[True, True, True]	0.125	22
84.75	['F#1', 'F#2']	[False, False]	0.125	22
84.875	['F#2', 'F#3']	[False, True]	0.25	22
85.0	['F#2', 'F#3']	[True, True]	0.25	22
85.125	['A#2', 'A#3', 'C#4', 'F#2', 'F#3']	[True, True, True, False, False]	0.125	22
85.25	['A#2', 'A#3', 'C#4', 'F#2']	[False, False, False, False]	0.125	22
85.375	['A#3', 'C#3', 'C#4', 'F#1', 'F#2', 'F#3']	[False, True, True, True, False, True]	0.125	22
85.5	['A#3', 'C#3', 'C#4', 'F#1', 'F#3']	[False, False, False, False, False]	0.125	22
85.625	['A#3', 'C#2', 'C#3', 'C#4', 'F#1', 'F#2', 'F#3', 'F#4']	[False, True, False, False, False, True, True, True]	0.125	22
85.75	['A#3', 'C#2', 'C#4', 'F#2', 'F#3', 'F#4']	[False, False, False, False, False, False]	0.125	22
85.875	['A#3', 'C#2', 'C#3', 'C#4', 'F#2', 'F#3', 'F#4']	[False, False, True, True, False, True, False]	0.125	22
86.0	['C#2', 'C#3', 'C#4', 'F#2', 'F#3', 'F#4']	[False, False, False, False, False, False]	0.125	22
86.125	['A#2', 'A#3', 'C#2', 'C#3', 'C#4', 'F#2', 'F#3', 'F#4']	[True, True, True, False, True, False, False, False]	0.125	22
86.25	['A#2', 'A#3', 'C#2', 'C#4', 'F#2']	[False, False, False, False, False]	0.125	22
86.375	['A#3', 'C#2', 'C#3', 'C#4', 'F#3']	[False, False, True, True, True]	0.25	22
86.5	['A#3', 'C#2', 'C#3', 'C#4', 'F#3']	[False, False, False, False, False]	0.25	22
86.625	['A#3', 'C#2', 'C#3', 'C#4', 'F#1', 'F#2', 'F#3']	[False, False, False, False, True, True, True]	0.125	22
86.75	['A#3', 'C#4', 'F#1', 'F#2']	[False, False, False, False]	0.125	22
86.875	['A#3', 'F#2', 'F#3']	[False, False, True]	0.125	22
87.0	['F#2', 'F#3']	[True, True]	0.125	22
87.125	['A#2', 'A#3', 'C#4', 'F#2', 'F#3']	[True, True, True, False, False]	0.125	22
87.25	['A#2', 'A#3', 'C#4', 'F#2']	[False, False, False, False]	0.125	22
87.375	['A#3', 'C#3', 'C#4', 'F#1', 'F#2', 'F#3']	[False, True, True, True, False, True]	0.125	22
87.5	['A#3', 'C#3', 'C#4', 'F#1', 'F#3']	[False, False, False, False, False]	0.125	22
87.625	['A#3', 'C#2', 'C#3', 'C#4', 'F#2', 'F#3', 'F#4']	[False, True, False, False, True, True, True]	0.125	22
87.75	['A#3', 'C#2', 'C#4', 'F#2', 'F#3', 'F#4']	[False, False, False, False, False, False]	0.125	22
87.875	['C#2', 'C#3', 'C#4', 'F#2', 'F#3', 'F#4']	[False, True, True, False, True, False]	0.25	22
88.0	['C#2', 'C#3', 'C#4', 'F#2', 'F#3', 'F#4']	[False, False, False, False, False, False]	0.25	23
88.125	['A#2', 'A#3', 'C#2', 'C#4', 'F#2', 'F#3', 'F#4']	[True, True, True, True, False, False, False]	0.125	23
88.25	['A#2', 'A#3', 'C#2', 'C#4', 'F#2']	[False, False, False, False, False]	0.125	23
88.375	['A#3', 'C#2', 'C#3', 'C#4', 'F#2', 'F#3']	[False, False, True, True, False, True]	0.125	23
88.5	['A#3', 'C#2', 'C#3', 'C#4', 'F#3']	[False, False, False, False, False]	0.125	23
88.625	['A#3', 'C#2', 'C#3', 'C#4', 'F#1', 'F#2', 'F#3']	[False, False, False, False, True, True, True]	0.125	23
88.75	['A#3', 'C#4', 'F#1', 'F#2', 'F#3']	[False, False, False, False, True]	0.125	23
88.875	['F#2', 'F#3']	[False, True]	0.125	23
89.0	['A#3', 'C#4', 'F#2', 'F#3']	[True, True, True, True]	0.125	23
89.125	['A#2', 'A#3', 'C#4', 'F#2']	[True, True, True, False]	0.25	23
89.25	['A#2', 'A#3', 'C#4', 'F#2']	[False, False, False, False]	0.25	23
89.375	['A#3', 'C#3', 'C#4', 'F#1', 'F#2', 'F#3']	[False, True, True, True, False, True]	0.125	23
89.5	['A#3', 'C#3', 'C#4', 'F#1', 'F#3']	[False, False, False, False, False]	0.125	23
89.625	['A#3', 'C#2', 'C#4', 'F#2', 'F#3', 'F#4']	[False, True, False, True, True, True]	0.25	23
89.75	['A#3', 'C#2', 'C#4', 'F#2', 'F#3', 'F#4']	[False, False, False, False, True, False]	0.25	23
89.875	['C#2', 'C#3', 'C#4', 'F#2', 'F#3', 'F#4']	[False, True, True, False, True, False]	0.125	23
90.0	['A#2', 'A#3', 'C#3', 'C#4', 'F#2', 'F#3', 'F#4']	[True, True, False, True, False, False, False]	0.125	23
90.125	['A#2', 'A#3', 'C#2', 'C#4', 'F#2']	[False, True, True, True, False]	0.125	23
90.25	['A#2', 'A#3', 'C#2', 'C#3', 'C#4', 'F#2', 'F#3']	[False, False, False, True, True, False, True]	0.125	23
90.375	['A#3', 'C#2', 'C#3', 'C#4', 'F#3']	[False, False, False, False, False]	0.125	23
90.5	['A#3', 'C#2', 'C#3', 'C#4', 'F#2', 'F#3']	[False, False, False, False, True, True]	0.125	23
90.625	['A#3', 'C#4', 'F#1', 'F#2', 'F#3']	[False, False, True, False, False]	0.125	23
90.75	['A#3', 'C#4', 'F#2', 'F#3']	[False, False, False, True]	0.125	23
90.875	['F#2', 'F#3']	[True, True]	0.125	23
91.0	['A#2', 'A#3', 'C#4', 'F#2', 'F#3']	[True, True, True, False, False]	0.125	23
91.125	['A#2', 'A#3', 'C#4', 'F#2']	[False, False, False, False]	0.125	23
91.25	['A#2', 'A#3', 'C#3', 'C#4', 'F#1', 'F#2', 'F#3']	[False, False, True, True, True, False, True]	0.125	23
91.375	['A#3', 'C#3', 'C#4', 'F#1', 'F#3']	[False, False, False, False, False]	0.125	23
91.5	['A#3', 'C#2', 'C#3', 'C#4', 'F#1', 'F#2', 'F#3', 'F#4']	[False, True, False, False, False, True, True, True]	0.125	23
91.625	['A#3', 'C#2', 'C#4', 'F#2', 'F#3', 'F#4']	[False, False, False, False, False, False]	0.125	23
91.75	['A#3', 'C#2', 'C#3', 'C#4', 'F#2', 'F#3', 'F#4']	[False, False, True, True, False, True, False]	0.125	23
91.875	['C#2', 'C#3', 'C#4', 'F#2', 'F#3', 'F#4']	[False, False, False, False, False, False]	0.125	23
92.0	['A#2', 'A#3', 'C#2', 'C#3', 'C#4', 'F#2', 'F#3', 'F#4']	[True, True, True, False, True, False, False, False]	0.125	24
92.125	['A#2', 'A#3', 'C#2', 'C#4']	[False, False, False, False]	0.125	24
92.25	['A#3', 'C#2', 'C#3', 'C#4', 'F#3']	[False, False, True, True, True]	0.25	24
92.375	['A#3', 'C#2', 'C#3', 'C#4', 'F#3']	[False, False, False, False, False]	0.25	24
92.5	['B1', 'B2', 'B3', 'C#2']	[True, True, True, False]	0.125	24
92.625	['B1', 'B2']	[False, False]	0.125	24
92.75	['B2', 'B3']	[False, True]	0.25	24
92.875	['B2', 'B3']	[True, True]	0.25	24
93.0	['B2', 'B3', 'D#3', 'D#4', 'F#4']	[False, False, True, True, True]	0.125	24
93.125	['B2', 'D#3', 'D#4', 'F#4']	[False, False, False, False]	0.125	24
93.25	['B1', 'B2', 'B3', 'D#3', 'D#4', 'F#3', 'F#4']	[True, False, True, False, False, True, True]	0.125	24
93.375	['B1', 'B3', 'D#4', 'F#3', 'F#4']	[False, False, False, False, False]	0.125	24
93.5	['B2', 'B3', 'B4', 'D#4', 'F#2', 'F#3', 'F#4']	[True, True, True, False, True, False, False]	0.125	24
93.625	['B2', 'B3', 'B4', 'F#2', 'F#4']	[False, False, False, False, False]	0.125	24
93.75	['B2', 'B3', 'B4', 'F#2', 'F#3', 'F#4']	[False, True, False, False, True, True]	0.25	24
93.875	['B2', 'B3', 'B4', 'F#2', 'F#3', 'F#4']	[False, False, False, False, False, False]	0.25	24
94.0	['B2', 'B3', 'D#3', 'D#4', 'F#2', 'F#3', 'F#4']	[False, False, True, True, True, False, True]	0.125	24
94.125	['B2', 'D#3', 'D#4', 'F#2', 'F#4']	[False, False, False, False, False]	0.125	24
94.25	['B2', 'B3', 'D#4', 'F#2', 'F#3', 'F#4']	[False, True, False, False, True, True]	0.125	24
94.375	['B3', 'D#4', 'F#2', 'F#3', 'F#4']	[False, False, False, False, False]	0.125	24
94.5	['B1', 'B2', 'B3', 'D#4', 'F#3', 'F#4']	[True, True, True, False, False, False]	0.125	24
94.625	['B1', 'B2', 'B3', 'F#4']	[False, False, True, False]	0.125	24
94.75	['B2', 'B3']	[True, True]	0.125	24
94.875	['B2', 'B3', 'D#4', 'F#4']	[False, True, True, True]	0.125	24
95.0	['B2', 'D#3', 'D#4', 'F#4']	[False, True, False, False]	0.125	24
95.125	['B2', 'B3', 'D#3', 'D#4', 'F#3', 'F#4']	[False, True, False, False, True, True]	0.125	24
95.25	['B1', 'B3', 'D#4', 'F#3', 'F#4']	[True, True, False, False, False]	0.125	24
95.375	['B1', 'B2', 'B3', 'B4', 'D#4', 'F#3', 'F#4']	[False, True, True, True, False, False, False]	0.125	24
95.5	['B2', 'B3', 'B4', 'D#4', 'F#2', 'F#4']	[True, False, False, False, True, False]	0.125	24
95.625	['B2', 'B3', 'B4', 'F#2', 'F#3', 'F#4']	[False, True, False, False, True, True]	0.25	24
95.75	['B2', 'B3', 'B4', 'F#2', 'F#3', 'F#4']	[False, False, False, False, False, False]	0.25	24
95.875	['B2', 'B3', 'B4', 'D#3', 'D#4', 'F#3', 'F#4']	[False, False, False, True, True, False, True]	0.125	24
96.0	['B2', 'B3', 'D#3', 'D#4', 'F#2', 'F#4']	[False, False, False, False, True, False]	0.125	25
96.125	['B3', 'D#3', 'D#4', 'F#2', 'F#3', 'F#4']	[True, False, False, False, True, True]	0.125	25
96.25	['B3', 'D#4', 'F#2', 'F#3', 'F#4']	[False, False, False, False, False]	0.125	25
96.375	['B3', 'C#3', 'C#4', 'D#4', 'F#4']	[False, True, True, False, False]	0.125	25
96.5	['C#2', 'C#3', 'C#4']	[True, False, False]	0.25	25
96.625	['C#2', 'C#3', 'C#4']	[False, False, True]	0.25	25
96.75	['C#3', 'C#4']	[True, True]	0.125	25
96.875	['C#3', 'C#4', 'F4', 'G#4']	[False, False, True, True]	0.125	25
97.0	['C#3', 'F3', 'F4', 'G#4']	[False, True, False, False]	0.125	25
97.125	['C#2', 'C#3', 'C#4', 'F3', 'F4', 'G#3', 'G#4']	[True, False, True, False, False, True, True]	0.125	25
97.25	['C#2', 'C#4', 'F3', 'F4', 'G#3', 'G#4']	[False, False, False, False, False, False]	0.125	25
97.375	['C#2', 'C#3', 'C#4', 'C#5', 'F3', 'F4', 'G#1', 'G#3', 'G#4']	[False, True, True, True, False, True, True, False, True]	0.125	25
97.5	['C#3', 'C#4', 'C#5', 'F3', 'F4', 'G#1', 'G#4']	[False, False, False, False, False, False, False]	0.125	25
97.625	['C#3', 'C#4', 'C#5', 'F4', 'G#1', 'G#3', 'G#4']	[True, True, False, True, False, True, True]	0.125	25
97.75	['C#3', 'C#4', 'C#5', 'G#1', 'G#3']	[False, False, False, False, False]	0.125	25
97.875	['C#3', 'C#4', 'C#5', 'F3', 'F4', 'G#1', 'G#3', 'G#4']	[True, True, False, True, True, True, False, True]	0.125	25
98.0	['C#3', 'F3', 'F4', 'G#1', 'G#4']	[False, False, False, False, False]	0.125	25
98.125	['C#3', 'C#4', 'F3', 'F4', 'G#1', 'G#3', 'G#4']	[True, True, False, True, False, True, True]	0.125	25
98.25	['C#4', 'G#1', 'G#3']	[False, False, False]	0.125	25
98.375	['C#2', 'C#3', 'C#4', 'F4', 'G#1', 'G#3', 'G#4']	[True, True, True, True, False, False, True]	0.125	25
98.5	['C#2', 'C#3', 'C#4', 'F4', 'G#4']	[False, False, False, False, False]	0.125	25
98.625		[]	1.0	25
98.75		[]	1.0	25
98.875		[]	1.0	25
99.0		[]	1.0	25
99.125		[]	1.0	25
99.25		[]	1.0	25
99.375		[]	1.0	25
99.5		[]	1.0	25
99.625	['C7', 'C#7']	[True, True]	0.125	25
99.75	['A#6', 'F6', 'F#6', 'G#6']	[True, True, True, True]	0.125	25
99.875	['C6', 'C#6', 'D#6', 'F6']	[True, True, True, False]	0.125	25
100.0	['A#5', 'F5', 'F#5', 'G#5']	[True, True, True, True]	0.125	26
100.125	['A#4', 'C5', 'C#5', 'D#5']	[True, True, True, True]	0.125	26
100.25	['D#4', 'F4', 'F#4', 'G#4']	[True, True, True, True]	0.125	26
100.375	['A#5', 'C#6', 'F#2', 'F#5']	[True, True, True, True]	0.25	26
100.5	['A#5', 'C#6', 'F#2', 'F#5']	[True, True, False, True]	0.25	26
100.625	['A#3', 'A#5', 'C#4', 'C#6', 'F#2', 'F#3', 'F#5']	[True, True, True, True, False, True, True]	0.125	26
100.75	['A#3', 'A#5', 'C#4', 'C#6', 'F#3', 'F#5']	[False, True, False, True, False, True]	0.125	26
100.875	['A#3', 'A#5', 'C#2', 'C#4', 'C#6', 'F#2', 'F#3', 'F#5']	[False, True, True, False, True, True, False, True]	0.125	26
101.0	['A#5', 'C#2', 'C#6', 'F#2', 'F#5']	[True, False, True, False, True]	0.125	26
101.125	['A#3', 'A#5', 'C#2', 'C#4', 'C#6', 'F#3', 'F#5']	[True, True, False, True, True, True, True]	0.125	26
101.25	['A#3', 'A#5', 'C#4', 'C#6', 'F#3', 'F#5']	[False, True, False, True, False, True]	0.125	26
101.375	['A#3', 'A#5', 'C#4', 'C#6', 'F#2', 'F#3', 'F#5']	[False, True, False, True, True, False, True]	0.125	26
101.5	['A#5', 'C#6', 'F#2', 'F#5']	[True, True, False, True]	0.125	26
101.625	['A#3', 'A#5', 'C#4', 'C#6', 'F#3', 'F#5']	[True, True, True, True, True, True]	0.25	26
101.75	['A#3', 'A#5', 'C#4', 'C#6', 'F#3', 'F#5']	[False, True, False, True, False, True]	0.25	26
101.875	['A#3', 'A#5', 'C#2', 'C#4', 'C#6', 'F#2', 'F#3', 'F#5']	[False, True, True, False, True, True, False, True]	0.125	26
102.0	['A#5', 'C#2', 'C#6', 'F#2', 'F#5']	[True, False, True, False, True]	0.125	26
102.125	['A#3', 'A#5', 'C#4', 'C#6', 'F#2', 'F#3', 'F#5']	[True, True, True, True, False, True, True]	0.25	26
102.25	['A#3', 'A#5', 'C#4', 'C#6', 'F#2', 'F#3', 'F#5']	[False, True, False, True, False, False, True]	0.25	26
102.375	['A#5', 'D#2', 'D#5', 'F#5']	[True, True, True, True]	0.25	26
102.5	['A#5', 'D#2', 'D#5', 'F#5']	[True, False, True, True]	0.25	26
102.625	['A#3', 'A#5', 'D#2', 'D#3', 'D#5', 'F#3', 'F#5']	[True, True, False, True, True, True, True]	0.125	26
102.75	['A#3', 'A#5', 'D#3', 'D#5', 'F#3', 'F#5']	[False, True, False, True, False, True]	0.125	26
102.875	['A#1', 'A#5', 'D#2', 'D#3', 'D#5', 'F#5']	[True, True, True, False, True, True]	0.125	26
103.0	['A#1', 'A#5', 'D#2', 'D#5', 'F#5']	[False, True, False, True, True]	0.125	26
103.125	['A#1', 'A#3', 'A#5', 'D#3', 'D#5', 'F#3', 'F#5']	[False, True, True, True, True, True, True]	0.125	26
103.25	['A#3', 'A#5', 'D#2', 'D#3', 'D#5', 'F#3', 'F#5']	[False, True, True, False, True, False, True]	0.125	26
103.375	['A#5', 'D#2']	[True, True]	0.125	26
103.5	['A#3', 'D#2', 'D#3', 'F#3']	[True, False, True, True]	0.125	26
103.625	['A#3', 'A#5', 'D#2', 'D#3', 'D#5', 'F#3', 'F#5']	[True, True, False, True, True, True, True]	0.125	26
103.75	['A#3', 'A#5', 'D#2', 'D#3', 'F#3']	[False, True, True, False, False]	0.125	26
103.875	['A#1', 'A#3', 'A#5', 'D#2']	[True, True, True, False]	0.125	26
104.0	['A#1', 'A#3', 'A#5', 'D#2', 'D#3', 'D#5', 'F#3', 'F#5']	[False, True, True, False, True, True, True, True]	0.125	27
104.125	['A#3', 'A#5', 'D#3', 'D#5', 'F#3', 'F#5']	[False, True, False, True, False, True]	0.125	27
104.25	['A#3', 'A#5', 'C#6', 'F#2', 'F#3', 'F#5']	[False, True, True, True, False, True]	0.125	27
104.375	['A#5', 'C#6', 'F#2', 'F#5']	[True, True, True, True]	0.125	27
104.5	['A#3', 'A#5', 'C#4', 'C#6', 'F#2', 'F#3', 'F#5']	[True, True, True, True, False, True, True]	0.25	27
104.625	['A#3', 'A#5', 'C#4', 'C#6', 'F#2', 'F#3', 'F#5']	[False, True, False, True, False, False, True]	0.25	27
104.75	['A#3', 'A#5', 'C#2', 'C#4', 'C#6', 'F#2', 'F#3', 'F#5']	[False, True, True, False, True, True, False, True]	0.125	27
104.875	['A#5', 'C#2', 'C#6', 'F#2', 'F#5']	[True, False, True, False, True]	0.125	27
105.0	['A#3', 'A#5', 'C#2', 'C#4', 'C#6', 'F#2', 'F#3', 'F#5']	[True, True, False, True, True, False, True, True]	0.125	27
105.125	['A#3', 'A#5', 'C#4', 'C#6', 'F#3', 'F#5']	[False, True, False, True, False, True]	0.125	27
105.25	['A#3', 'A#5', 'C#4', 'C#6', 'F#2', 'F#3', 'F#5']	[False, True, False, True, True, False, True]	0.125	27
105.375	['A#5', 'C#6', 'F#2', 'F#5']	[True, True, False, True]	0.125	27
105.5	['A#3', 'A#5', 'C#4', 'C#6', 'F#2', 'F#3', 'F#5']	[True, True, True, True, False, True, True]	0.125	27
105.625	['A#3', 'A#5', 'C#4', 'C#6', 'F#3', 'F#5']	[False, True, False, True, False, True]	0.125	27
105.75	['A#3', 'A#5', 'C#2', 'C#4', 'C#6', 'F#2', 'F#3', 'F#5']	[False, True, True, False, True, True, False, True]	0.125	27
105.875	['A#5', 'C#2', 'C#6', 'F#2', 'F#5']	[True, False, True, False, True]	0.125	27
106.0	['A#3', 'A#5', 'C#2', 'C#4', 'C#6', 'F#2', 'F#3', 'F#5']	[True, True, False, True, True, False, True, True]	0.125	27
106.125	['A#3', 'A#5', 'C#4', 'C#6', 'F#3', 'F#5']	[False, True, False, True, False, True]	0.125	27
106.25	['A#5', 'D#2', 'D#5', 'F#5']	[True, True, True, True]	0.25	27
106.375	['A#5', 'D#2', 'D#5', 'F#5']	[True, False, True, True]	0.25	27
106.5	['A#3', 'A#5', 'D#2', 'D#3', 'D#5', 'F#3', 'F#5']	[True, True, False, True, True, True, True]	0.125	27
106.625	['A#3', 'A#5', 'D#3', 'D#5', 'F#3', 'F#5']	[False, True, False, True, False, True]	0.125	27
106.75	['A#1', 'A#3', 'A#5', 'D#2', 'D#3', 'D#5', 'F#3', 'F#5']	[True, False, True, True, False, True, False, True]	0.125	27
106.875	['A#1', 'A#5', 'D#2', 'D#5', 'F#5']	[False, True, False, True, True]	0.125	27
107.0	['A#1', 'A#3', 'A#5', 'D#2', 'D#3', 'D#5', 'F#3', 'F#5']	[False, True, True, False, True, True, True, True]	0.125	27
107.125	['A#3', 'A#5', 'D#3', 'D#5', 'F#3', 'F#5']	[False, True, False, True, False, True]	0.125	27
107.25	['A#3', 'A#5', 'D#2', 'D#3', 'D#5', 'F#3', 'F#5']	[False, True, True, False, True, False, True]	0.125	27
107.375	['A#5', 'D#2', 'D#5', 'F#5']	[True, False, True, True]	0.125	27
107.5	['A#3', 'A#5', 'D#2', 'D#3', 'D#5', 'F#3', 'F#5']	[True, True, False, True, True, True, True]	0.125	27
107.625	['A#3', 'A#5', 'D#3', 'D#5', 'F#3', 'F#5']	[False, True, False, True, False, True]	0.125	27
107.75	['A#1', 'A#3', 'A#5', 'D#2', 'D#3', 'D#5', 'F#3', 'F#5']	[True, False, True, True, False, True, False, True]	0.125	27
107.875	['A#1', 'A#3', 'A#5', 'D#2', 'D#5', 'F#5']	[False, True, True, False, True, True]	0.125	27
108.0	['A#1', 'A#3', 'A#5', 'D#3', 'D#5', 'F#3', 'F#5']	[False, True, True, True, True, True, True]	0.125	28
108.125	['A#3', 'A#5', 'D#3', 'D#5', 'F#3', 'F#5']	[False, True, True, True, False, True]	0.125	28
108.25	['A#5', 'C#6', 'F#2', 'F#5']	[True, True, True, True]	0.25	28
108.375	['A#5', 'C#6', 'F#2', 'F#5']	[True, True, False, True]	0.25	28
108.5	['A#3', 'A#5', 'C#4', 'C#6', 'F#2', 'F#3', 'F#5']	[True, True, True, True, False, True, True]	0.125	28
108.625	['A#3', 'A#5', 'C#4', 'C#6', 'F#3', 'F#5']	[False, True, False, True, False, True]	0.125	28
108.75	['A#5', 'C#2', 'C#4', 'C#6', 'F#2', 'F#5']	[True, True, False, True, True, True]	0.125	28
108.875	['A#5', 'C#2', 'C#6', 'F#2', 'F#5']	[True, False, True, False, True]	0.125	28
109.0	['A#3', 'A#5', 'C#2', 'C#4', 'C#6', 'F#3']	[True, True, False, True, True, True]	0.125	28
109.125	['A#3', 'C#4', 'F#3']	[False, False, False]	0.125	28
109.25	['A#3', 'C#4', 'F#2', 'F#3']	[False, False, True, False]	0.125	28
109.375	['A#3', 'A#5', 'C#6', 'F#2', 'F#3']	[True, True, True, False, True]	0.125	28
109.5	['A#3', 'C#4', 'F#3']	[True, True, True]	0.25	28
109.625	['A#3', 'C#4', 'F#3']	[False, False, False]	0.25	28
109.75	['C#2', 'F#2']	[True, True]	0.125	28
109.875	['A#3', 'C#2', 'C#4', 'F#2', 'F#3']	[True, False, True, False, True]	0.125	28
110.0	['A#3', 'C#4', 'F#3']	[False, False, False]	0.125	28
110.125	['A#3', 'C#4', 'D#5', 'F#3']	[False, False, True, False]	0.125	28
110.25	['D#2']	[True]	0.125	28
110.375	['D#2', 'D#3']	[False, True]	0.125	28
110.5	['A#3', 'D#3', 'F#3']	[True, True, True]	0.25	28
110.625	['A#3', 'D#3', 'F#3']	[False, False, False]	0.25	28
110.75	['A#1', 'A#5', 'D#2', 'D#5']	[True, True, True, True]	0.125	28
110.875	['A#1', 'A#3', 'A#5', 'D#2', 'D#3', 'D#5', 'F#3']	[False, True, True, False, True, True, True]	0.125	28
111.0	['A#1', 'A#3', 'A#5', 'D#3', 'D#5', 'F#3', 'F#5']	[False, False, True, False, True, True, True]	0.125	28
111.125	['A#3', 'A#5', 'D#2', 'D#3', 'D#5', 'F#3', 'F#5']	[False, True, True, False, True, False, True]	0.125	28
111.25	['A#5', 'D#2', 'D#5', 'F#5']	[True, True, True, True]	0.125	28
111.375	['A#3', 'A#5', 'D#2', 'D#3', 'D#5', 'F#3', 'F#5']	[True, True, False, True, True, True, True]	0.375	28
111.5	['A#3', 'A#5', 'D#2', 'D#3', 'D#5', 'F#3', 'F#5']	[True, True, False, False, True, True, True]	0.375	28
111.625	['A#3', 'A#5', 'D#2', 'D#3', 'D#5', 'F#3', 'F#5']	[False, True, True, False, True, False, True]	0.375	28
111.75	['A#1', 'A#5', 'D#2', 'D#5', 'F#5']	[True, True, False, True, True]	0.125	28
111.875	['A#1', 'A#3', 'A#5', 'D#2', 'D#3', 'D#5', 'F#3', 'F#5']	[False, True, True, False, True, True, True, True]	0.125	28
112.0	['A#3', 'A#5', 'D#3', 'D#5', 'F#3', 'F#5']	[False, True, True, True, False, True]	0.125	29
112.125	['A#3', 'A#5', 'C#6', 'D#3', 'F#2', 'F#3', 'F#5']	[False, True, True, False, True, False, True]	0.125	29
112.25	['A#5', 'C#6', 'F#2', 'F#5']	[True, True, False, True]	0.125	29
112.375	['A#3', 'A#5', 'C#4', 'C#6', 'F#2', 'F#3', 'F#5']	[True, True, True, True, False, True, True]	0.125	29
112.5	['A#3', 'A#5', 'C#4', 'C#6', 'F#3', 'F#5']	[False, True, False, True, False, True]	0.125	29
112.625	['A#3', 'A#5', 'C#2', 'C#4', 'C#6', 'F#2', 'F#3', 'F#5']	[False, True, True, False, True, True, False, True]	0.125	29
112.75	['A#5', 'C#2', 'C#6', 'F#2', 'F#5']	[True, False, True, False, True]	0.125	29
112.875	['A#3', 'A#5', 'C#2', 'C#4', 'C#6', 'F#2', 'F#3', 'F#5']	[True, True, False, True, True, False, True, True]	0.125	29
113.0	['A#3', 'A#5', 'C#4', 'C#6', 'F#3', 'F#5']	[False, True, False, True, False, True]	0.125	29
113.125	['A#3', 'A#5', 'C#4', 'C#6', 'F#2', 'F#3', 'F#5']	[False, True, False, True, True, False, True]	0.125	29
113.25	['A#5', 'C#6', 'F#2', 'F#5']	[True, True, False, True]	0.125	29
113.375	['A#3', 'A#5', 'C#4', 'C#6', 'F#2', 'F#3', 'F#5']	[True, True, True, True, False, True, True]	0.125	29
113.5	['A#3', 'A#5', 'C#4', 'C#6', 'F#3', 'F#5']	[False, True, False, True, False, True]	0.125	29
113.625	['A#3', 'A#5', 'C#2', 'C#4', 'C#6', 'F#2', 'F#3', 'F#5']	[False, True, True, False, True, True, False, True]	0.125	29
113.75	['A#5', 'C#2', 'C#6', 'F#2', 'F#5']	[True, False, True, False, True]	0.125	29
113.875	['A#3', 'A#5', 'C#2', 'C#4', 'C#6', 'F#2', 'F#3', 'F#5']	[True, True, False, True, True, False, True, True]	0.125	29
114.0	['A#3', 'A#5', 'C#4', 'C#6', 'F#3', 'F#5']	[False, True, False, True, False, True]	0.125	29
114.125	['A#5', 'D#2', 'D#5', 'F#5']	[True, True, True, True]	0.25	29
114.25	['A#5', 'D#2', 'D#5', 'F#5']	[True, False, True, True]	0.25	29
114.375	['A#3', 'A#5', 'D#2', 'D#3', 'D#5', 'F#3', 'F#5']	[True, True, False, True, True, True, True]	0.125	29
114.5	['A#3', 'A#5', 'D#3', 'D#5', 'F#3', 'F#5']	[False, True, False, True, False, True]	0.125	29
114.625	['A#1', 'A#3', 'A#5', 'D#2', 'D#3', 'D#5', 'F#3', 'F#5']	[True, False, True, True, False, True, False, True]	0.125	29
114.75	['A#1', 'A#5', 'D#2', 'D#5', 'F#5']	[False, True, False, True, True]	0.125	29
114.875	['A#1', 'A#3', 'A#5', 'D#2', 'D#3', 'D#5', 'F#3', 'F#5']	[False, True, True, False, True, True, True, True]	0.125	29
115.0	['A#3', 'A#5', 'D#3', 'D#5', 'F#3', 'F#5']	[False, True, False, True, False, True]	0.125	29
115.125	['A#3', 'A#5', 'D#2', 'D#3', 'D#5', 'F#3', 'F#5']	[False, True, True, False, True, False, True]	0.125	29
115.25	['A#5', 'D#2', 'D#5', 'F#5']	[True, False, True, True]	0.125	29
115.375	['A#3', 'A#5', 'D#2', 'D#3', 'D#5', 'F#3', 'F#5']	[True, True, False, True, True, True, True]	0.125	29
115.5	['A#3', 'A#5', 'D#3', 'D#5', 'F#3', 'F#5']	[False, True, False, True, False, True]	0.125	29
115.625	['A#1', 'A#3', 'A#5', 'D#2', 'D#3', 'D#5', 'F#3', 'F#5']	[True, False, True, True, False, True, False, True]	0.125	29
115.75	['A#1', 'A#3', 'A#5', 'D#2', 'D#5', 'F#5']	[False, True, True, False, True, True]	0.125	29
115.875	['A#1', 'A#3', 'A#5', 'D#3', 'D#5', 'F#3', 'F#5']	[False, True, True, True, True, True, True]	0.125	29
116.0	['A#3', 'A#5', 'D#3', 'D#5', 'F#3', 'F#5']	[False, True, True, True, False, True]	0.125	30
116.125	['B1', 'B2', 'B3', 'D#3', 'D#4', 'F#3', 'F#4']	[True, True, True, True, True, True, True]	0.125	30
116.25		[]	0.125	30
116.375	['B1', 'B2', 'B3', 'D#3', 'D#4', 'F#3', 'F#4']	[True, True, True, True, True, True, True]	0.25	30
116.5	['B1', 'B2', 'B3', 'D#3', 'D#4', 'F#3', 'F#4']	[True, True, True, True, True, True, True]	0.25	30
116.625		[]	0.125	30
116.75	['B1', 'B2', 'B3', 'D#3', 'D#4', 'F#3', 'F#4']	[True, True, True, True, True, True, True]	0.25	30
116.875	['B1', 'B2', 'B3', 'D#3', 'D#4', 'F#3', 'F#4']	[True, True, True, True, True, True, True]	0.25	30
117.0		[]	0.125	30
117.125	['C#2', 'C#3', 'C#4', 'F3', 'F4', 'G#3', 'G#4']	[True, True, True, True, True, True, True]	0.125	30
117.25		[]	0.125	30
117.375	['C#2', 'C#3', 'C#4', 'F3', 'F4', 'G#3', 'G#4']	[True, True, True, True, True, True, True]	0.25	30
117.5	['C#2', 'C#3', 'C#4', 'F3', 'F4', 'G#3', 'G#4']	[True, True, True, True, True, True, True]	0.25	30
117.625	['C#2', 'F3', 'G#3']	[False, False, False]	0.125	30
117.75	['C#2', 'C#3', 'C#4', 'F3', 'F4', 'G#3', 'G#4']	[True, True, True, True, True, True, True]	0.25	30
117.875	['C#2', 'C#3', 'C#4', 'F3', 'F4', 'G#3', 'G#4']	[True, True, True, True, True, True, True]	0.25	30
118.0		[]	0.125	30
118.125	['A#2', 'A#3', 'A#4', 'C#3', 'C#4', 'C#5', 'D#4', 'F#2', 'F#3', 'F#4']	[True, True, True, True, True, True, True, True, True, True]	0.125	30
118.25	['A#2', 'A#3', 'C#3', 'C#4', 'F#2']	[False, False, False, False, False]	0.125	30
