j_offset	s_notes	s_isOnset	s_duration	s_measure
0.0		[]	1.125	1
0.125		[]	1.125	1
0.25		[]	1.125	1
0.375		[]	1.125	1
0.5		[]	1.125	1
0.625		[]	1.125	1
0.75		[]	1.125	1
0.875		[]	1.125	1
1.0		[]	1.125	1
1.125	['G#3', 'G#4']	[True, True]	0.125	1
1.25	['A#3', 'A#4', 'G#3', 'G#4']	[True, True, False, False]	0.125	1
1.375	['A#3', 'A#4']	[False, False]	0.125	1
1.5	['B3', 'B4']	[True, True]	0.125	1
1.625		[]	0.125	1
1.75	['C2', 'C4', 'C5']	[True, True, True]	0.125	1
1.875	['C2', 'C4', 'C5', 'D#4', 'G4']	[True, True, True, True, True]	0.25	1
2.0	['C2', 'C4', 'C5', 'D#4', 'G4']	[False, False, False, False, False]	0.25	1
2.125	['D#2', 'D#4', 'D#5']	[True, True, True]	0.25	1
2.25	['D#2', 'D#4', 'D#5']	[False, False, False]	0.25	1
2.375	['C2', 'C4', 'C5', 'D#4', 'G4']	[True, True, True, True, True]	0.125	1
2.5		[]	0.25	1
2.625		[]	0.25	1
2.75	['C2', 'C4', 'C5', 'D#4', 'G4']	[True, True, True, True, True]	0.125	1
2.875		[]	0.375	1
3.0		[]	0.375	1
3.125		[]	0.375	1
3.25	['A#4', 'D#2', 'D#4', 'D#5', 'G3', 'G4']	[True, True, True, True, True, True]	0.125	1
3.375		[]	0.25	1
3.5		[]	0.25	1
3.625	['A#4', 'D#2', 'D#4', 'D#5', 'G3', 'G4']	[True, True, True, True, True, True]	0.125	1
3.75	['D#2', 'G3']	[False, False]	0.125	1
3.875	['A#2', 'F3', 'F4']	[True, True, True]	0.125	1
4.0	['A#2', 'A#4', 'D#2', 'D#3', 'D#4', 'D#5', 'F3', 'F4', 'G4']	[False, True, True, True, True, True, False, False, True]	0.125	2
4.125	['A#4', 'D#2', 'D#3', 'D#4', 'D#5', 'G4']	[False, False, False, False, False, False]	0.125	2
4.25	['C3', 'F3', 'F4']	[True, True, True]	0.25	2
4.375	['C3', 'F3', 'F4']	[False, False, False]	0.25	2
4.5	['A#4', 'C3', 'D#4', 'D#5', 'G3', 'G4']	[True, False, True, True, True, True]	0.125	2
4.625	['A#2', 'C3', 'G3', 'G#3', 'G#4']	[True, False, False, True, True]	0.125	2
4.75	['A#2', 'G#3', 'G#4']	[False, False, False]	0.125	2
4.875	['A#2', 'A#3', 'A#4', 'D#2', 'D#4', 'D#5', 'G4', 'G#3', 'G#4']	[False, True, True, True, True, True, True, False, False]	0.125	2
5.0	['A#3', 'D#2']	[False, False]	0.125	2
5.125	['C4', 'C5', 'F2']	[True, True, True]	0.25	2
5.25	['C4', 'C5', 'F2']	[False, False, False]	0.25	2
5.375	['C4', 'C5', 'F2', 'F4', 'F5', 'G#4']	[True, True, True, True, True, True]	0.125	2
5.5	['C3', 'D#4', 'D#5', 'F2']	[True, True, True, False]	0.125	2
5.625	['C3', 'D#4', 'D#5']	[False, False, False]	0.125	2
5.75	['C4', 'C5', 'F2', 'F4', 'F5', 'G#4']	[True, True, True, True, True, True]	0.125	2
5.875		[]	0.25	2
6.0		[]	0.25	2
6.125	['C5', 'F2', 'F4', 'F5', 'G#4']	[True, True, True, True, True]	0.25	2
6.25	['C5', 'F2', 'F4', 'F5', 'G#4']	[False, False, False, False, False]	0.25	2
6.375		[]	0.25	2
6.5		[]	0.25	2
6.625	['C5', 'F2', 'F4', 'F5', 'G#4']	[True, True, True, True, True]	0.125	2
6.75	['B5', 'D4', 'G2', 'G5']	[True, True, True, True]	0.25	2
6.875	['B5', 'D4', 'G2', 'G5']	[False, False, False, False]	0.25	2
7.0	['B4', 'B5', 'D3', 'D4', 'D5', 'G2', 'G4', 'G5']	[True, False, True, False, True, False, True, True]	0.125	2
7.125	['B5', 'D3', 'D4', 'G5']	[False, False, False, False]	0.125	2
7.25	['B5', 'D4', 'G3', 'G5']	[False, False, True, False]	0.25	2
7.375	['B5', 'D4', 'G3', 'G5']	[False, False, False, False]	0.25	2
7.5	['B4', 'B5', 'D4', 'D5', 'G4', 'G5', 'G#3']	[True, False, False, True, True, True, True]	0.125	2
7.625	['G3', 'G#3']	[True, False]	0.125	2
7.75	['G3']	[False]	0.125	2
7.875	['B4', 'D5', 'G2', 'G4', 'G5', 'G#3', 'G#4']	[True, True, True, True, True, True, True]	0.125	2
8.0	['G2', 'G#3', 'G#4']	[False, False, False]	0.125	3
8.125	['A#3', 'A#4', 'G#2']	[True, True, True]	0.125	3
8.25	['B3', 'B4', 'D5', 'G2', 'G4', 'G5', 'G#2']	[True, True, True, True, True, True, False]	0.125	3
8.375	['B3', 'B4', 'D5', 'G2', 'G4', 'G5']	[False, False, False, False, False, False]	0.125	3
8.5	['C2', 'C4', 'C5', 'G2']	[True, True, True, False]	0.125	3
8.625	['C2', 'C4', 'C5']	[False, False, False]	0.125	3
8.75	['C2', 'C4', 'C5', 'D#4', 'G4']	[True, True, True, True, True]	0.125	3
8.875	['C2', 'D#2', 'D#4', 'D#5']	[False, True, True, True]	0.125	3
9.0	['D#2', 'D#4', 'D#5']	[False, False, False]	0.125	3
9.125	['C2', 'C4', 'C5', 'D#2', 'D#4', 'D#5', 'G4']	[True, True, True, False, True, False, True]	0.125	3
9.25	['C2', 'C4', 'C5', 'D#4', 'G4']	[False, False, False, False, False]	0.125	3
9.375		[]	0.25	3
9.5		[]	0.25	3
9.625	['C2', 'C4', 'C5', 'D#4', 'G4']	[True, True, True, True, True]	0.125	3
9.75		[]	0.25	3
9.875		[]	0.25	3
10.0	['A#4', 'D#2', 'D#4', 'D#5', 'G3', 'G4']	[True, True, True, True, True, True]	0.125	3
10.125		[]	0.25	3
10.25		[]	0.25	3
10.375	['A#4', 'D#2', 'D#4', 'D#5', 'G3', 'G4']	[True, True, True, True, True, True]	0.25	3
10.5	['A#4', 'D#2', 'D#4', 'D#5', 'G3', 'G4']	[False, False, False, False, False, False]	0.25	3
10.625	['A#2', 'D#2', 'F3', 'F4', 'G3']	[True, False, True, True, False]	0.125	3
10.75	['A#2', 'F3', 'F4']	[False, False, False]	0.125	3
10.875	['A#4', 'D#2', 'D#3', 'D#4', 'D#5', 'G4']	[True, True, True, True, True, True]	0.125	3
11.0	['D#2', 'D#3']	[False, False]	0.125	3
11.125	['C3', 'F3', 'F4']	[True, True, True]	0.125	3
11.25	['A#4', 'C3', 'D#4', 'D#5', 'F3', 'F4', 'G3', 'G4']	[True, False, True, True, False, False, True, True]	0.125	3
11.375	['A#4', 'C3', 'D#4', 'D#5', 'G3', 'G4']	[False, False, False, False, False, False]	0.125	3
11.5	['A#2', 'G#3', 'G#4']	[True, True, True]	0.25	3
11.625	['A#2', 'G#3', 'G#4']	[False, False, False]	0.25	3
11.75	['A#3', 'A#4', 'D#2', 'D#4', 'D#5', 'G4']	[True, True, True, True, True, True]	0.125	3
11.875	['A#3', 'C4', 'C5', 'D#2', 'F2']	[False, True, True, False, True]	0.125	3
12.0	['C4', 'C5', 'F2']	[False, False, False]	0.125	4
12.125	['C4', 'C5', 'F2', 'F4', 'F5', 'G#4']	[True, True, True, True, True, True]	0.125	4
12.25	['F2']	[False]	0.125	4
12.375	['C3', 'D#4', 'D#5']	[True, True, True]	0.125	4
12.5	['C3', 'C4', 'C5', 'D#4', 'D#5', 'F2', 'F4', 'F5', 'G#4']	[False, True, True, False, False, True, True, True, True]	0.125	4
12.625	['C4', 'C5', 'F2', 'F4', 'F5', 'G#4']	[False, False, False, False, False, False]	0.125	4
12.75		[]	0.25	4
12.875		[]	0.25	4
13.0	['C5', 'F2', 'F4', 'F5', 'G#4']	[True, True, True, True, True]	0.125	4
13.125		[]	0.25	4
13.25		[]	0.25	4
13.375	['C5', 'F2', 'F4', 'F5', 'G#4']	[True, True, True, True, True]	0.25	4
13.5	['C5', 'F2', 'F4', 'F5', 'G#4']	[False, False, False, False, False]	0.25	4
13.625	['B5', 'D4', 'G2', 'G5']	[True, True, True, True]	0.125	4
13.75	['B5', 'D4', 'G3', 'G5']	[False, False, True, False]	0.125	4
13.875	['B4', 'B5', 'D4', 'D5', 'G2', 'G4', 'G5']	[True, False, False, True, True, True, True]	0.125	4
14.0	['B5', 'D4', 'G2', 'G5', 'G#2']	[False, False, False, False, True]	0.125	4
14.125	['B5', 'D4', 'G5', 'G#2']	[False, False, False, False]	0.125	4
14.25	['B4', 'B5', 'D4', 'D5', 'G4', 'G5', 'G#3']	[True, False, False, True, True, True, True]	0.125	4
14.375	['B5', 'A#2', 'D4', 'G5']	[False, True, False, False]	0.125	4
14.5		[]	0.125	4
14.625	['B4', 'A#2', 'A#3', 'D5', 'G4', 'G5', 'G#3', 'G#4']	[True, True, True, True, True, True, True, True]	0.125	4
14.75	['B4', 'A#2', 'D5', 'G4', 'G5', 'G#3', 'G#4']	[False, False, False, False, False, False, False]	0.125	4
14.875	['A#2', 'A#3', 'A#4', 'D3', 'G#3', 'G#4']	[False, True, True, True, False, False]	0.125	4
15.0	['D3']	[False]	0.125	4
15.125	['B3', 'B4', 'D5', 'D#3', 'G4', 'G5']	[True, True, True, True, True, True]	0.125	4
15.25	['D#3']	[False]	0.125	4
15.375	['C2', 'C4', 'G4']	[True, True, True]	0.125	4
15.5	['C2', 'C4', 'D#4', 'G4']	[True, True, True, True]	0.25	4
15.625	['C2', 'C4', 'D#4', 'G4']	[False, False, False, False]	0.25	4
15.75	['D#2']	[True]	0.25	4
15.875	['D#2']	[False]	0.25	4
16.0	['C2', 'C4', 'D#4', 'G4']	[True, True, True, True]	0.125	5
16.125		[]	0.25	5
16.25		[]	0.25	5
16.375	['C2', 'C4', 'D#4', 'G4']	[True, True, True, True]	0.125	5
16.5		[]	0.25	5
16.625		[]	0.25	5
16.75	['C2', 'C4', 'D#4', 'G4']	[True, True, True, True]	0.25	5
16.875	['C2', 'C4', 'D#4', 'G4']	[False, False, False, False]	0.25	5
17.0	['C2', 'D#2', 'D#4', 'F4']	[False, True, True, True]	0.125	5
17.125	['D#2', 'D#4', 'F4']	[False, False, False]	0.125	5
17.25	['A#4', 'D#2', 'D#4', 'G4']	[True, True, True, True]	0.125	5
17.375	['D#2']	[False]	0.125	5
17.5	['A#2']	[True]	0.125	5
17.625	['A#2', 'A#4', 'D#2', 'D#4', 'G4']	[False, True, True, True, True]	0.125	5
17.75	['A#4', 'D#2', 'D#4', 'G4']	[False, False, False, False]	0.125	5
17.875		[]	0.25	5
18.0		[]	0.25	5
18.125	['A#4', 'D#2', 'D#4', 'G4']	[True, True, True, True]	0.125	5
18.25		[]	0.25	5
18.375		[]	0.25	5
18.5	['A#4', 'D#2', 'D#4', 'G4']	[True, True, True, True]	0.125	5
18.625	['D#2']	[False]	0.125	5
18.75	['C5', 'F2', 'F4']	[True, True, True]	0.125	5
18.875	['C5', 'F2', 'F4', 'G#4']	[True, True, True, True]	0.25	5
19.0	['C5', 'F2', 'F4', 'G#4']	[False, False, False, False]	0.25	5
19.125	['C3', 'F2']	[True, False]	0.125	5
19.25	['C3']	[False]	0.125	5
19.375	['C5', 'F2', 'F4', 'G#4']	[True, True, True, True]	0.125	5
19.5		[]	0.25	5
19.625		[]	0.25	5
19.75	['C5', 'E4', 'F2', 'F4', 'G#4']	[True, True, True, True, True]	0.25	5
19.875	['C5', 'E4', 'F2', 'F4', 'G#4']	[False, False, False, False, False]	0.25	5
20.0		[]	0.25	6
20.125		[]	0.25	6
20.25	['C5', 'F2', 'F4', 'G#4']	[True, True, True, True]	0.125	6
20.375	['C5', 'F2', 'G2', 'G#4']	[True, False, True, True]	0.125	6
20.5	['C5', 'G2', 'G#4']	[False, False, False]	0.125	6
20.625	['B4', 'C5', 'D5', 'G2', 'G4', 'G#4']	[True, False, True, False, True, False]	0.125	6
20.75	['C5', 'G2', 'G#4']	[False, False, False]	0.125	6
20.875	['C5', 'F2', 'G#4']	[False, True, False]	0.25	6
21.0	['C5', 'F2', 'G#4']	[False, False, False]	0.25	6
21.125	['B4', 'C5', 'D5', 'F2', 'G4', 'G#4']	[True, False, True, False, True, False]	0.125	6
21.25	['B4', 'D#2', 'F2', 'G4']	[True, True, False, True]	0.125	6
21.375	['B4', 'D#2', 'G4']	[False, False, False]	0.125	6
21.5	['B4', 'D5', 'D#2', 'G4']	[True, True, False, True]	0.125	6
21.625	['B4', 'D#2', 'G4']	[False, False, False]	0.125	6
21.75	['B4', 'D2', 'G4']	[False, True, False]	0.125	6
21.875	['B4', 'D2', 'D5', 'G4']	[True, False, True, True]	0.25	6
22.0	['B4', 'D2', 'D5', 'G4']	[False, False, False, False]	0.25	6
22.125	['C2', 'C4', 'G4']	[True, True, True]	0.25	6
22.25	['C2', 'C4', 'G4']	[False, False, False]	0.25	6
22.375	['C2', 'C4', 'D#4', 'G4']	[True, True, True, True]	0.125	6
22.5	['C2', 'D#2']	[False, True]	0.125	6
22.625	['D#2']	[False]	0.125	6
22.75	['C2', 'C4', 'D#2', 'D#4', 'G4']	[True, True, False, True, True]	0.125	6
22.875		[]	0.375	6
23.0		[]	0.375	6
23.125		[]	0.375	6
23.25	['C2', 'C4', 'D#4', 'G4']	[True, True, True, True]	0.125	6
23.375		[]	0.25	6
23.5		[]	0.25	6
23.625	['C2', 'C4', 'D#4', 'G4']	[True, True, True, True]	0.125	6
23.75	['C2']	[False]	0.125	6
23.875	['D#2', 'D#4', 'F4']	[True, True, True]	0.125	6
24.0	['A#4', 'D#2', 'D#4', 'F4', 'G4']	[True, True, True, False, True]	0.125	7
24.125	['A#4', 'D#2', 'D#4', 'G4']	[False, False, False, False]	0.125	7
24.25	['A#2']	[True]	0.25	7
24.375	['A#2']	[False]	0.25	7
24.5	['A#4', 'D#2', 'D#4', 'G4']	[True, True, True, True]	0.125	7
24.625		[]	0.25	7
24.75		[]	0.25	7
24.875	['A#4', 'D#2', 'D#4', 'G4']	[True, True, True, True]	0.125	7
25.0		[]	0.375	7
25.125		[]	0.375	7
25.25		[]	0.375	7
25.375	['A#4', 'D#2', 'D#4', 'G4']	[True, True, True, True]	0.125	7
25.5	['C5', 'D#2', 'F2', 'F4']	[True, False, True, True]	0.125	7
25.625	['C5', 'F2', 'F4']	[False, False, False]	0.125	7
25.75	['C5', 'F2', 'F4', 'G#4']	[True, True, True, True]	0.125	7
25.875	['F2']	[False]	0.125	7
26.0	['C3']	[True]	0.125	7
26.125	['C3', 'C5', 'F2', 'F4', 'G#4']	[False, True, True, True, True]	0.125	7
26.25	['C5', 'F2', 'F4', 'G#4']	[False, False, False, False]	0.125	7
26.375		[]	0.25	7
26.5		[]	0.25	7
26.625	['C5', 'E4', 'F2', 'F4', 'G#4']	[True, True, True, True, True]	0.125	7
26.75		[]	0.25	7
26.875		[]	0.25	7
27.0	['C5', 'F2', 'F4', 'G#4']	[True, True, True, True]	0.125	7
27.125	['F2']	[False]	0.125	7
27.25	['C5', 'G2', 'G#4']	[True, True, True]	0.25	7
27.375	['C5', 'G2', 'G#4']	[False, False, False]	0.25	7
27.5	['B4', 'C5', 'D5', 'G2', 'G4', 'G#4']	[True, False, True, False, True, False]	0.125	7
27.625	['C5', 'F2', 'G2', 'G#4']	[False, True, False, False]	0.125	7
27.75	['C5', 'F2', 'G#4']	[False, False, False]	0.125	7
27.875	['B4', 'A#4', 'D5', 'F2', 'G4']	[True, True, True, False, True]	0.125	7
28.0	['C5', 'F2', 'G#4']	[True, False, True]	0.125	8
28.125	['B4', 'D#2', 'G4']	[True, True, True]	0.125	8
28.25	['B4', 'D5', 'D#2', 'G4']	[True, True, False, True]	0.25	8
28.375	['B4', 'D5', 'D#2', 'G4']	[False, False, False, False]	0.25	8
28.5	['B4', 'D2', 'G4']	[False, True, False]	0.25	8
28.625	['B4', 'D2', 'G4']	[False, False, False]	0.25	8
28.75	['B4', 'D2', 'D5', 'G4']	[True, False, True, True]	0.125	8
28.875	['B4', 'D2', 'F2', 'G4']	[False, False, True, False]	0.125	8
29.0	['F2']	[False]	0.125	8
29.125	['C3', 'C5', 'F4', 'G#4']	[True, True, True, True]	0.25	8
29.25	['C3', 'C5', 'F4', 'G#4']	[False, False, False, False]	0.25	8
29.375	['G#2']	[True]	0.25	8
29.5	['G#2']	[False]	0.25	8
29.625	['A#4', 'C5', 'F2', 'F4', 'G#4']	[True, True, True, True, True]	0.125	8
29.75	['C3', 'D5']	[True, True]	0.125	8
29.875	['C3']	[False]	0.125	8
30.0	['C5', 'D#5', 'F4', 'G#2', 'G#4']	[True, True, True, True, True]	0.125	8
30.125	['D#5', 'G#2']	[False, False]	0.125	8
30.25	['D#5', 'G2']	[False, True]	0.125	8
30.375	['C5', 'D#5', 'F2', 'F4', 'G2', 'G#4']	[True, False, True, True, False, True]	0.125	8
30.5	['C5', 'D#5', 'F2', 'F4', 'G#4']	[False, False, False, False, False]	0.125	8
30.625	['C2']	[True]	0.25	8
30.75	['C2']	[False]	0.25	8
30.875	['C2', 'C4', 'D#4', 'F5', 'G4']	[True, True, True, True, True]	0.125	8
31.0		[]	0.125	8
31.125	['F5', 'F#5']	[True, True]	0.125	8
31.25	['C4', 'D#4', 'F5', 'G2', 'G4']	[True, True, False, True, True]	0.125	8
31.375	['C4', 'D#4', 'D#5', 'G4']	[False, False, True, False]	0.125	8
31.5		[]	0.125	8
31.625	['F5']	[True]	0.125	8
31.75	['C2', 'C4', 'D#4', 'D#5', 'G4']	[True, True, True, True, True]	0.125	8
31.875	['D#5']	[False]	0.125	8
32.0	['D5']	[True]	0.125	9
32.125	['C2', 'C4', 'D#4', 'G4']	[True, True, True, True]	0.125	9
32.25	['C2', 'C4', 'C5', 'D#4', 'G4']	[False, False, True, False, False]	0.125	9
32.375	['D5', 'C#2', 'C#4', 'F4', 'G#4']	[True, True, True, True, True]	0.125	9
32.5	['A#4', 'C5', 'C#2', 'C#4', 'F4', 'G#4']	[True, True, True, True, True, True]	0.125	9
32.625	['A#4', 'C#2', 'C#4', 'F4', 'G#4']	[False, False, False, False, False]	0.125	9
32.75	['A#4']	[False]	0.25	9
32.875	['A#4']	[False]	0.25	9
33.0	['A#4', 'C#4', 'F4', 'G#2', 'G#4']	[False, True, True, True, True]	0.125	9
33.125		[]	0.125	9
33.25	['G#4']	[True]	0.125	9
33.375	['C#2', 'C#4', 'F4', 'G#4']	[True, True, True, True]	0.125	9
33.5	['G#4']	[False]	0.375	9
33.625	['G#4']	[False]	0.375	9
33.75	['G#4']	[False]	0.375	9
33.875	['C#2', 'C#4', 'F4', 'G#4']	[True, True, True, True]	0.125	9
34.0	['C2', 'C4', 'C#2', 'C#4', 'D#4', 'F4', 'G4', 'G#4']	[True, True, False, False, True, True, True, False]	0.125	9
34.125	['C2', 'C4', 'D#4', 'F4', 'G4']	[False, False, True, False, False]	0.125	9
34.25	['C2', 'C4', 'D#4', 'G4']	[True, True, True, True]	0.125	9
34.375	['D4']	[True]	0.125	9
34.5	['D#4']	[True]	0.125	9
34.625	['C4', 'D#4', 'G2', 'G4']	[True, True, True, True]	0.25	9
34.75	['C4', 'D#4', 'G2', 'G4']	[False, False, False, False]	0.25	9
34.875	['D#4']	[False]	0.25	9
35.0	['D#4']	[False]	0.25	9
35.125	['C2', 'C4', 'D#4', 'G4']	[True, True, True, True]	0.125	9
35.25		[]	0.25	9
35.375		[]	0.25	9
35.5	['C2', 'C4', 'D#4', 'G4']	[True, True, True, True]	0.25	9
35.625	['C2', 'C4', 'D#4', 'G4']	[False, False, False, False]	0.25	9
35.75	['F2', 'G5']	[True, True]	0.125	9
35.875	['D#5', 'F2']	[True, False]	0.125	9
36.0	['C3', 'C5', 'D#5', 'F4', 'G#4']	[True, True, False, True, True]	0.125	10
36.125	['C3', 'F5', 'G#2']	[False, True, True]	0.125	10
36.25	['D5', 'F5', 'G#2']	[True, False, False]	0.125	10
36.375	['C5', 'D5', 'F2', 'F4', 'G#4']	[True, False, True, True, True]	0.125	10
36.5	['A#4', 'F2']	[True, False]	0.125	10
36.625	['A#4', 'C3']	[False, True]	0.125	10
36.75	['A#4', 'C3', 'C5', 'F4', 'G#2', 'G#4']	[False, False, True, True, True, True]	0.125	10
36.875	['C5', 'F4', 'G#2', 'G#4']	[False, False, False, True]	0.125	10
37.0	['G2', 'G#4']	[True, False]	0.25	10
37.125	['G2', 'G#4']	[False, False]	0.25	10
37.25	['C5', 'F2', 'F4', 'G#4']	[True, True, True, True]	0.125	10
37.375	['F2']	[False]	0.125	10
37.5	['C2']	[True]	0.125	10
37.625	['A#4', 'C2', 'C4', 'D#4', 'G4']	[True, True, True, True, True]	0.125	10
37.75	['A#4', 'C4', 'D#4', 'G4']	[False, False, False, False]	0.125	10
37.875	['A#4']	[False]	0.25	10
38.0	['A#4']	[False]	0.25	10
38.125	['C4', 'D#4', 'G2', 'G4', 'G#4']	[True, True, True, True, True]	0.125	10
38.25	['G4', 'G#4']	[True, False]	0.125	10
38.375	['G4']	[False]	0.125	10
38.5	['C2', 'C4', 'D#4', 'G4']	[True, True, True, True]	0.125	10
38.625	['G4']	[False]	0.25	10
38.75	['G4']	[False]	0.25	10
38.875	['C2', 'C4', 'D#4', 'G4']	[True, True, True, True]	0.25	10
39.0	['C2', 'C4', 'D#4', 'G4']	[False, False, False, False]	0.25	10
39.125	['C#2', 'C#4', 'F4', 'G#4']	[True, True, True, True]	0.25	10
39.25	['C#2', 'C#4', 'F4', 'G#4']	[False, False, False, False]	0.25	10
39.375	['D4', 'C#2', 'C#4', 'F4', 'G#4']	[True, True, True, True, True]	0.125	10
39.5	['C#2', 'C#4', 'D#4', 'F4', 'G#4']	[False, False, True, False, False]	0.125	10
39.625	['C#2', 'C#4', 'F4', 'G#2', 'G#4']	[True, True, True, True, True]	0.125	10
39.75	['A#4', 'C#2', 'C#4', 'F4', 'G#4']	[True, True, True, True, True]	0.25	10
39.875	['A#4', 'C#2', 'C#4', 'F4', 'G#4']	[False, False, False, False, False]	0.25	10
40.0	['C#2', 'C#4', 'F4', 'G4', 'G#4']	[True, True, True, True, True]	0.25	11
40.125	['C#2', 'C#4', 'F4', 'G4', 'G#4']	[False, False, False, False, False]	0.25	11
40.25	['C#2', 'C#4', 'F4', 'G4', 'G#2', 'G#4']	[True, True, True, False, True, True]	0.125	11
40.375	['C#2', 'C#4', 'F4', 'G#2', 'G#4']	[True, True, True, False, True]	0.125	11
40.5	['C#2', 'C#4', 'F4', 'G#4']	[False, False, False, False]	0.125	11
40.625	['C#2', 'C#4', 'F4', 'G#2', 'G#4']	[True, True, True, True, True]	0.25	11
40.75	['C#2', 'C#4', 'F4', 'G#2', 'G#4']	[False, False, False, False, False]	0.25	11
40.875	['A#2', 'A#4', 'D#2', 'D#4', 'G4']	[True, True, True, True, True]	0.25	11
41.0	['A#2', 'A#4', 'D#2', 'D#4', 'G4']	[False, False, False, False, False]	0.25	11
41.125	['A#2', 'A#4', 'D#2', 'D#4', 'F5', 'G4']	[True, True, True, True, True, True]	0.125	11
41.25	['A#2', 'A#4', 'D5', 'D#2', 'D#4', 'D#5', 'G4']	[True, True, True, True, True, True, True]	0.125	11
41.375	['A#2', 'A#4', 'D5', 'D#2', 'D#4', 'G4']	[False, False, False, False, False, False]	0.125	11
41.5	['A#2', 'A#4', 'C5', 'D#2', 'D#4', 'G4']	[True, True, True, True, True, True]	0.25	11
41.625	['A#2', 'A#4', 'C5', 'D#2', 'D#4', 'G4']	[False, False, False, False, False, False]	0.25	11
41.75	['A#2', 'A#4', 'D#2', 'D#4', 'G4', 'G5', 'G#5']	[True, True, True, True, True, True, True]	0.25	11
41.875	['A#2', 'A#4', 'D#2', 'D#4', 'G4', 'G5', 'G#5']	[True, True, True, True, True, True, False]	0.25	11
42.0	['A#2', 'A#4', 'D#2', 'D#4', 'G4', 'G5']	[False, False, False, False, False, False]	0.5	11
42.125	['A#2', 'A#4', 'D#2', 'D#4', 'G4', 'G5']	[True, True, True, True, True, False]	0.5	11
42.25	['A#2', 'A#4', 'D#2', 'D#4', 'G4', 'G5']	[False, False, False, False, False, False]	0.5	11
42.375	['A#2', 'A#4', 'D#2', 'D#4', 'G4', 'G5']	[True, True, True, True, True, False]	0.5	11
42.5	['A#1', 'A#2', 'A#3', 'A#4', 'D#2', 'D#4', 'F4', 'G4']	[True, False, True, True, False, False, True, False]	0.125	11
42.625	['A#1', 'A#3', 'A#4', 'F4']	[False, False, False, False]	0.25	11
42.75	['A#1', 'A#3', 'A#4', 'F4']	[True, True, True, True]	0.25	11
42.875		[]	0.375	11
43.0		[]	0.375	11
43.125		[]	0.375	11
43.25	['A#3', 'A#4', 'C4', 'C5']	[True, True, True, True]	0.125	11
43.375	['C4', 'C5', 'C#4', 'C#5']	[False, False, True, True]	0.125	11
43.5		[]	0.125	11
43.625	['A#3', 'A#4']	[True, True]	0.125	11
43.75	['C4', 'C5']	[True, True]	0.125	11
43.875	['C#4', 'C#5']	[True, True]	0.125	11
44.0		[]	0.25	12
44.125		[]	0.25	12
44.25	['C#2', 'C#4', 'C#5', 'G#4']	[True, True, True, True]	0.375	12
44.375	['C#2', 'C#4', 'C#5', 'G#4']	[False, False, False, False]	0.375	12
44.5	['C#2', 'C#4', 'C#5', 'G#4']	[True, True, True, True]	0.375	12
44.625		[]	0.25	12
44.75		[]	0.25	12
44.875	['A#3', 'A#4']	[True, True]	0.125	12
45.0	['C4', 'C5']	[True, True]	0.125	12
45.125	['C#4', 'C#5']	[True, True]	0.125	12
45.25		[]	0.125	12
45.375	['A#3', 'A#4', 'C4', 'C5']	[True, True, True, True]	0.125	12
45.5	['C4', 'C5', 'C#4', 'C#5']	[False, False, True, True]	0.125	12
45.625		[]	0.375	12
45.75		[]	0.375	12
45.875		[]	0.375	12
46.0	['A#1', 'A#3', 'A#4', 'F4']	[True, True, True, True]	0.375	12
46.125	['A#1', 'A#3', 'A#4', 'F4']	[True, True, True, True]	0.375	12
46.25	['A#1', 'A#3', 'A#4', 'F4']	[False, False, False, False]	0.375	12
46.375		[]	0.25	12
46.5		[]	0.25	12
46.625	['A#3', 'A#4']	[True, True]	0.125	12
46.75	['C4', 'C5', 'C#4', 'C#5']	[True, True, True, True]	0.125	12
46.875	['C#4', 'C#5']	[False, False]	0.125	12
47.0	['A#3', 'A#4']	[True, True]	0.125	12
47.125	['C4', 'C5']	[True, True]	0.125	12
47.25	['C#4', 'C#5']	[True, True]	0.125	12
47.375		[]	0.25	12
47.5		[]	0.25	12
47.625	['C4', 'G2', 'G3', 'G5', 'G6']	[True, True, True, True, True]	0.125	12
47.75	['A#3', 'C4', 'D4', 'G4', 'G#3']	[True, True, True, True, True]	0.125	12
47.875	['A#4', 'G#4']	[True, True]	0.125	12
48.0	['A#3', 'D4', 'G4', 'G#4']	[True, True, True, True]	0.125	13
48.125	['C4', 'G#3']	[True, True]	0.125	13
48.25	['D4']	[True]	0.125	13
48.375	['D#3', 'F3', 'G#3']	[True, True, True]	0.125	13
48.5	['A#3', 'C3', 'D3', 'F3']	[True, True, True, True]	0.125	13
48.625	['A#3', 'C3', 'D#3', 'G2']	[True, True, True, True]	0.125	13
48.75	['A#3', 'C3', 'G#2', 'G#3']	[False, True, True, True]	0.125	13
48.875	['B3', 'A#2', 'C3', 'D#2', 'F2']	[True, True, True, True, True]	0.125	13
49.0	['B3', 'C2', 'C3', 'D2', 'D#2', 'G#2']	[False, True, True, True, True, True]	0.125	13
49.125	['B3', 'D#2', 'F2', 'G1']	[False, True, True, True]	0.125	13
49.25	['B3', 'A#2', 'F2']	[False, True, True]	0.125	13
49.375	['C2', 'C4', 'C5']	[True, True, True]	0.25	13
49.5	['C2', 'C4', 'C5']	[False, False, False]	0.25	13
49.625	['C2', 'C4', 'C5', 'D#4', 'G4']	[True, True, True, True, True]	0.125	13
49.75	['C2', 'D#2', 'D#4', 'D#5']	[False, True, True, True]	0.125	13
49.875	['D#2', 'D#4', 'D#5']	[False, False, False]	0.125	13
50.0	['C2', 'C4', 'C5', 'D#4', 'G4']	[True, True, True, True, True]	0.125	13
50.125		[]	0.25	13
50.25		[]	0.25	13
50.375	['C2', 'C4', 'C5', 'D#4', 'G4']	[True, True, True, True, True]	0.25	13
50.5	['C2', 'C4', 'C5', 'D#4', 'G4']	[False, False, False, False, False]	0.25	13
50.625		[]	0.25	13
50.75		[]	0.25	13
50.875	['A#4', 'D#2', 'D#4', 'D#5', 'G3', 'G4']	[True, True, True, True, True, True]	0.125	13
51.0		[]	0.25	13
51.125		[]	0.25	13
51.25	['A#4', 'D#2', 'D#4', 'D#5', 'G3', 'G4']	[True, True, True, True, True, True]	0.25	13
51.375	['A#4', 'D#2', 'D#4', 'D#5', 'G3', 'G4']	[False, False, False, False, False, False]	0.25	13
51.5	['A#2', 'F3', 'F4']	[True, True, True]	0.25	13
51.625	['A#2', 'F3', 'F4']	[False, False, False]	0.25	13
51.75	['A#4', 'D#2', 'D#3', 'D#4', 'D#5', 'G4']	[True, True, True, True, True, True]	0.125	13
51.875	['C3', 'D#2', 'D#3', 'F3', 'F4']	[True, False, False, True, True]	0.125	13
52.0	['C3', 'F3', 'F4']	[False, False, False]	0.125	14
52.125	['A#4', 'C3', 'D#4', 'D#5', 'G3', 'G4']	[True, False, True, True, True, True]	0.125	14
52.25	['C3', 'G3']	[False, False]	0.125	14
52.375	['A#2', 'G#3', 'G#4']	[True, True, True]	0.125	14
52.5	['A#2', 'A#3', 'A#4', 'D#2', 'D#4', 'D#5', 'G4', 'G#3', 'G#4']	[False, True, True, True, True, True, True, False, False]	0.125	14
52.625	['A#3', 'A#4', 'D#2', 'D#4', 'D#5', 'G4']	[False, False, False, False, False, False]	0.125	14
52.75	['A#3', 'C4', 'C5', 'D#2', 'F2']	[False, True, True, False, True]	0.125	14
52.875	['C4', 'C5', 'F2']	[False, False, False]	0.125	14
53.0	['C4', 'C5', 'F2', 'F4', 'F5', 'G#4']	[True, True, True, True, True, True]	0.125	14
53.125	['F2']	[False]	0.125	14
53.25	['C3', 'D#4', 'D#5']	[True, True, True]	0.125	14
53.375	['C3', 'C4', 'C5', 'D#4', 'D#5', 'F2', 'F4', 'F5', 'G#4']	[False, True, True, False, False, True, True, True, True]	0.125	14
53.5	['C4', 'C5', 'F2', 'F4', 'F5', 'G#4']	[False, False, False, False, False, False]	0.125	14
53.625		[]	0.25	14
53.75		[]	0.25	14
53.875	['C5', 'F2', 'F4', 'F5', 'G#4']	[True, True, True, True, True]	0.125	14
54.0		[]	0.25	14
54.125		[]	0.25	14
54.25	['C5', 'F2', 'F4', 'F5', 'G#4']	[True, True, True, True, True]	0.125	14
54.375		[]	0.125	14
54.5	['B5', 'D4', 'G2', 'G5']	[True, True, True, True]	0.125	14
54.625	['B4', 'B5', 'D4', 'D5', 'G2', 'G3', 'G4', 'G5']	[True, False, False, True, False, True, True, True]	0.125	14
54.75	['B4', 'B5', 'D4', 'D5', 'G3', 'G4', 'G5']	[False, False, False, False, False, False, False]	0.125	14
54.875	['B5', 'D4', 'G5', 'G#2']	[False, False, False, True]	0.25	14
55.0	['B5', 'D4', 'G5', 'G#2']	[False, False, False, False]	0.25	14
55.125	['B4', 'B5', 'D4', 'D5', 'G4', 'G5', 'G#3']	[True, False, False, True, True, True, True]	0.125	14
55.25	['B5', 'D4', 'G5', 'G#3']	[False, False, False, False]	0.125	14
55.375	['A#2']	[True]	0.125	14
55.5	['B4', 'A#3', 'D5', 'G4', 'G5', 'G#3', 'G#4']	[True, True, True, True, True, True, True]	0.25	14
55.625	['B4', 'A#3', 'D5', 'G4', 'G5', 'G#3', 'G#4']	[False, False, False, False, False, False, False]	0.25	14
55.75	['B2', 'A#3', 'A#4']	[True, True, True]	0.125	14
55.875	['B2']	[False]	0.125	14
56.0	['B3', 'B4', 'D5', 'G4', 'G5']	[True, True, True, True, True]	0.125	15
56.125	['C2', 'C4', 'C5']	[True, True, True]	0.25	15
56.25	['C2', 'C4', 'C5']	[False, False, False]	0.25	15
56.375	['C2', 'C4', 'C5', 'D#4', 'G4']	[True, True, True, True, True]	0.125	15
56.5	['C2']	[False]	0.125	15
56.625	['D#2', 'D#4', 'D#5']	[True, True, True]	0.125	15
56.75	['C2', 'C4', 'C5', 'D#2', 'D#4', 'D#5', 'G4']	[True, True, True, False, True, False, True]	0.125	15
56.875	['C2', 'C4', 'C5', 'D#4', 'G4']	[False, False, False, False, False]	0.125	15
57.0		[]	0.25	15
57.125		[]	0.25	15
57.25	['C2', 'C4', 'C5', 'D#4', 'G4']	[True, True, True, True, True]	0.125	15
57.375		[]	0.25	15
57.5		[]	0.25	15
57.625	['A#4', 'D#2', 'D#4', 'D#5', 'G3', 'G4']	[True, True, True, True, True, True]	0.25	15
57.75	['A#4', 'D#2', 'D#4', 'D#5', 'G3', 'G4']	[False, False, False, False, False, False]	0.25	15
57.875		[]	0.25	15
58.0		[]	0.25	15
58.125	['A#4', 'D#2', 'D#4', 'D#5', 'G3', 'G4']	[True, True, True, True, True, True]	0.125	15
58.25	['A#2', 'D#2', 'F3', 'F4', 'G3']	[True, False, True, True, False]	0.125	15
58.375	['A#2', 'F3', 'F4']	[False, False, False]	0.125	15
58.5	['A#2', 'A#4', 'D#2', 'D#3', 'D#4', 'D#5', 'F3', 'F4', 'G4']	[False, True, True, True, True, True, False, False, True]	0.125	15
58.625	['D#2', 'D#3']	[False, False]	0.125	15
58.75	['C3', 'F3', 'F4']	[True, True, True]	0.125	15
58.875	['A#4', 'C3', 'D#4', 'D#5', 'F3', 'F4', 'G3', 'G4']	[True, False, True, True, False, False, True, True]	0.125	15
59.0	['A#4', 'C3', 'D#4', 'D#5', 'G3', 'G4']	[False, False, False, False, False, False]	0.125	15
59.125	['A#2', 'C3', 'G3', 'G#3', 'G#4']	[True, False, False, True, True]	0.125	15
59.25	['A#2', 'G#3', 'G#4']	[False, False, False]	0.125	15
59.375	['A#3', 'A#4', 'D#2', 'D#4', 'D#5', 'G4']	[True, True, True, True, True, True]	0.125	15
59.5	['A#3', 'D#2']	[False, False]	0.125	15
59.625	['C4', 'C5', 'F2']	[True, True, True]	0.125	15
59.75	['C4', 'C5', 'F2', 'F4', 'F5', 'G#4']	[True, True, True, True, True, True]	0.25	15
59.875	['C4', 'C5', 'F2', 'F4', 'F5', 'G#4']	[False, False, False, False, False, False]	0.25	15
60.0	['C3', 'D#4', 'D#5']	[True, True, True]	0.25	16
60.125	['C3', 'D#4', 'D#5']	[False, False, False]	0.25	16
60.25	['C4', 'C5', 'F2', 'F4', 'F5', 'G#4']	[True, True, True, True, True, True]	0.125	16
60.375		[]	0.25	16
60.5		[]	0.25	16
60.625	['C5', 'F2', 'F4', 'F5', 'G#4']	[True, True, True, True, True]	0.125	16
60.75		[]	0.375	16
60.875		[]	0.375	16
61.0		[]	0.375	16
61.125	['C5', 'F2', 'F4', 'F5', 'G#4']	[True, True, True, True, True]	0.125	16
61.25	['B5', 'D4', 'G2', 'G5']	[True, True, True, True]	0.25	16
61.375	['B5', 'D4', 'G2', 'G5']	[False, False, False, False]	0.25	16
61.5	['B4', 'B5', 'D3', 'D4', 'D5', 'G4', 'G5']	[True, False, True, False, True, True, True]	0.125	16
61.625	['B5', 'D3', 'D4', 'G5']	[False, False, False, False]	0.125	16
61.75	['B5', 'D4', 'G5']	[False, False, False]	0.125	16
61.875	['B4', 'B5', 'D4', 'D5', 'G3', 'G4', 'G5']	[True, False, False, True, True, True, True]	0.125	16
62.0	['B4', 'B5', 'D4', 'D5', 'G3', 'G4', 'G5', 'G#3']	[False, False, False, False, False, False, False, True]	0.125	16
62.125	['G3']	[True]	0.25	16
62.25	['G3']	[False]	0.25	16
62.375	['B4', 'D5', 'G2', 'G4', 'G5', 'G#3', 'G#4']	[True, True, True, True, True, True, True]	0.125	16
62.5	['A#3', 'A#4', 'G2', 'G#2', 'G#3', 'G#4']	[True, True, False, True, False, False]	0.125	16
62.625	['A#3', 'A#4', 'G#2']	[False, False, False]	0.125	16
62.75	['B3', 'B4', 'D5', 'G2', 'G4', 'G5']	[True, True, True, True, True, True]	0.125	16
62.875	['G2']	[False]	0.125	16
63.0	['C2', 'C4', 'G4']	[True, True, True]	0.25	16
63.125	['C2', 'C4', 'G4']	[False, False, False]	0.25	16
63.25	['C2', 'C4', 'D#4', 'G4']	[True, True, True, True]	0.125	16
63.375	['C2', 'D#2']	[False, True]	0.125	16
63.5	['D#2']	[False]	0.125	16
63.625	['C2', 'C4', 'D#4', 'G4']	[True, True, True, True]	0.125	16
63.75		[]	0.25	16
63.875		[]	0.25	16
64.0	['C2', 'C4', 'D#4', 'G4']	[True, True, True, True]	0.25	17
64.125	['C2', 'C4', 'D#4', 'G4']	[False, False, False, False]	0.25	17
64.25		[]	0.25	17
64.375		[]	0.25	17
64.5	['C2', 'C4', 'D#4', 'G4']	[True, True, True, True]	0.125	17
64.625	['C2', 'D#2', 'D#4', 'F4']	[False, True, True, True]	0.125	17
64.75	['D#2', 'D#4', 'F4']	[False, False, False]	0.125	17
64.875	['A#4', 'D#2', 'D#4', 'F4', 'G4']	[True, True, True, False, True]	0.125	17
65.0	['D#2']	[False]	0.125	17
65.125	['A#2']	[True]	0.25	17
65.25	['A#2']	[False]	0.25	17
65.375	['A#4', 'D#2', 'D#4', 'G4']	[True, True, True, True]	0.125	17
65.5		[]	0.25	17
65.625		[]	0.25	17
65.75	['A#4', 'D#2', 'D#4', 'G4']	[True, True, True, True]	0.125	17
65.875		[]	0.25	17
66.0		[]	0.25	17
66.125	['A#4', 'D#2', 'D#4', 'G4']	[True, True, True, True]	0.25	17
66.25	['A#4', 'D#2', 'D#4', 'G4']	[False, False, False, False]	0.25	17
66.375	['C5', 'F2', 'F4']	[True, True, True]	0.25	17
66.5	['C5', 'F2', 'F4']	[False, False, False]	0.25	17
66.625	['C5', 'F2', 'F4', 'G#4']	[True, True, True, True]	0.125	17
66.75	['C3', 'F2']	[True, False]	0.125	17
66.875	['C3']	[False]	0.125	17
67.0	['C3', 'C5', 'F2', 'F4', 'G#4']	[False, True, True, True, True]	0.125	17
67.125		[]	0.375	17
67.25		[]	0.375	17
67.375		[]	0.375	17
67.5	['C5', 'E4', 'F2', 'F4', 'G#4']	[True, True, True, True, True]	0.125	17
67.625		[]	0.25	17
67.75		[]	0.25	17
67.875	['C5', 'F2', 'F4', 'G#4']	[True, True, True, True]	0.125	17
68.0	['F2']	[False]	0.125	18
68.125	['C5', 'G2', 'G#4']	[True, True, True]	0.125	18
68.25	['B4', 'C5', 'D5', 'G2', 'G4', 'G#4']	[True, False, True, False, True, False]	0.25	18
68.375	['B4', 'C5', 'D5', 'G2', 'G4', 'G#4']	[False, False, False, False, False, False]	0.25	18
68.5	['C5', 'F2', 'G#4']	[False, True, False]	0.25	18
68.625	['C5', 'F2', 'G#4']	[False, False, False]	0.25	18
68.75	['B4', 'C5', 'D5', 'F2', 'G4', 'G#4']	[True, False, True, False, True, False]	0.125	18
68.875	['B4', 'C5', 'D#2', 'F2', 'G4', 'G#4']	[True, False, True, False, True, False]	0.125	18
69.0	['B4', 'D#2', 'G4']	[False, False, False]	0.125	18
69.125	['B4', 'D5', 'D#2', 'G4']	[True, True, False, True]	0.25	18
69.25	['B4', 'D5', 'D#2', 'G4']	[False, False, False, False]	0.25	18
69.375	['B4', 'D2', 'G4']	[False, True, False]	0.25	18
69.5	['B4', 'D2', 'G4']	[False, False, False]	0.25	18
69.625	['B4', 'D2', 'D5', 'G4']	[True, False, True, True]	0.125	18
69.75	['C2', 'C4', 'D2', 'G4']	[True, True, False, True]	0.125	18
69.875	['C2', 'C4', 'G4']	[False, False, False]	0.125	18
70.0	['C2', 'C4', 'D#4', 'G4']	[True, True, True, True]	0.125	18
70.125	['C2']	[False]	0.125	18
70.25	['D#2']	[True]	0.125	18
70.375	['C2', 'C4', 'D#2', 'D#4', 'G4']	[True, True, False, True, True]	0.125	18
70.5	['C2', 'C4', 'D#4', 'G4']	[False, False, False, False]	0.125	18
70.625		[]	0.25	18
70.75		[]	0.25	18
70.875	['C2', 'C4', 'D#4', 'G4']	[True, True, True, True]	0.125	18
71.0		[]	0.25	18
71.125		[]	0.25	18
71.25	['C2', 'C4', 'D#4', 'G4']	[True, True, True, True]	0.25	18
71.375	['C2', 'C4', 'D#4', 'G4']	[False, False, False, False]	0.25	18
71.5	['D#2', 'D#4', 'F4']	[True, True, True]	0.25	18
71.625	['D#2', 'D#4', 'F4']	[False, False, False]	0.25	18
71.75	['A#4', 'D#2', 'D#4', 'G4']	[True, True, True, True]	0.125	18
71.875	['A#2', 'D#2']	[True, False]	0.125	18
72.0	['A#2']	[False]	0.125	19
72.125	['A#4', 'D#2', 'D#4', 'G4']	[True, True, True, True]	0.125	19
72.25		[]	0.25	19
72.375		[]	0.25	19
72.5	['A#4', 'D#2', 'D#4', 'G4']	[True, True, True, True]	0.25	19
72.625	['A#4', 'D#2', 'D#4', 'G4']	[False, False, False, False]	0.25	19
72.75		[]	0.25	19
72.875		[]	0.25	19
73.0	['A#4', 'D#2', 'D#4', 'G4']	[True, True, True, True]	0.125	19
73.125	['D#2']	[False]	0.125	19
73.25	['C5', 'F2', 'F4']	[True, True, True]	0.125	19
73.375	['C5', 'F2', 'F4', 'G#4']	[True, True, True, True]	0.25	19
73.5	['C5', 'F2', 'F4', 'G#4']	[False, False, False, False]	0.25	19
73.625	['C3']	[True]	0.25	19
73.75	['C3']	[False]	0.25	19
73.875	['C5', 'F2', 'F4', 'G#4']	[True, True, True, True]	0.125	19
74.0		[]	0.25	19
74.125		[]	0.25	19
74.25	['C5', 'E4', 'F2', 'F4', 'G#4']	[True, True, True, True, True]	0.125	19
74.375		[]	0.25	19
74.5		[]	0.25	19
74.625	['C5', 'F2', 'F4', 'G#4']	[True, True, True, True]	0.25	19
74.75	['C5', 'F2', 'F4', 'G#4']	[False, False, False, False]	0.25	19
74.875	['C5', 'F2', 'G2', 'G#4']	[True, False, True, True]	0.125	19
75.0	['C5', 'G2', 'G#4']	[False, False, False]	0.125	19
75.125	['B4', 'C5', 'D5', 'G2', 'G4', 'G#4']	[True, False, True, False, True, False]	0.125	19
75.25	['C5', 'G2', 'G#4']	[False, False, False]	0.125	19
75.375	['C5', 'F2', 'G#4']	[False, True, False]	0.125	19
75.5	['B4', 'A#4', 'C5', 'D5', 'F2', 'G4', 'G#4']	[True, True, False, True, False, True, False]	0.25	19
75.625	['B4', 'A#4', 'C5', 'D5', 'F2', 'G4', 'G#4']	[False, False, True, False, False, False, True]	0.25	19
75.75	['B4', 'D#2', 'G4']	[True, True, True]	0.25	19
75.875	['B4', 'D#2', 'G4']	[False, False, False]	0.25	19
76.0	['B4', 'D5', 'D#2', 'G4']	[True, True, False, True]	0.125	20
76.125	['B4', 'D2', 'D#2', 'G4']	[False, True, False, False]	0.125	20
76.25	['B4', 'D2', 'G4']	[False, False, False]	0.125	20
76.375	['B4', 'D2', 'D5', 'G4']	[True, False, True, True]	0.125	20
76.5	['B4', 'D2', 'G4']	[False, False, False]	0.125	20
76.625	['F2', 'G#4']	[True, True]	0.125	20
76.75	['C3', 'C5', 'F2', 'F4', 'G#4']	[True, True, False, True, True]	0.125	20
76.875	['C3', 'C5', 'F4', 'G#4']	[False, False, False, False]	0.125	20
77.0	['G#2', 'G#4']	[True, False]	0.25	20
77.125	['G#2', 'G#4']	[False, False]	0.25	20
77.25	['C5', 'F2', 'F4', 'G#4']	[True, True, True, True]	0.125	20
77.375	['F2', 'G#4']	[False, False]	0.125	20
77.5	['C3', 'G#4']	[True, False]	0.125	20
77.625	['A#4', 'C5', 'F4', 'G#2', 'G#4']	[True, True, True, True, True]	0.25	20
77.75	['A#4', 'C5', 'F4', 'G#2', 'G#4']	[False, False, False, False, False]	0.25	20
77.875	['A#4', 'G2']	[False, True]	0.25	20
78.0	['A#4', 'G2']	[False, False]	0.25	20
78.125	['C5', 'F2', 'F4', 'G#4']	[True, True, True, True]	0.125	20
78.25	['C2', 'F2', 'G4']	[True, False, True]	0.125	20
78.375	['C2', 'G4']	[False, False]	0.125	20
78.5	['C2', 'C4', 'D#4', 'G4']	[True, True, True, True]	0.125	20
78.625	['G4']	[False]	0.25	20
78.75	['G4']	[False]	0.25	20
78.875	['C4', 'D#4', 'G2', 'G4']	[True, True, True, True]	0.25	20
79.0	['C4', 'D#4', 'G2', 'G4']	[False, False, False, False]	0.25	20
79.125	['G4']	[False]	0.25	20
79.25	['G4']	[False]	0.25	20
79.375	['C2', 'C4', 'D#4', 'G4', 'F#4']	[True, True, True, True, True]	0.125	20
79.5	['F#4']	[False]	0.25	20
79.625	['F#4']	[False]	0.25	20
79.75	['C2', 'C4', 'D#4', 'G4']	[True, True, True, True]	0.25	20
79.875	['C2', 'C4', 'D#4', 'G4']	[False, False, False, False]	0.25	20
80.0	['C#2', 'C#4', 'F4', 'G#4']	[True, True, True, True]	0.375	21
80.125	['C#2', 'C#4', 'F4', 'G#4']	[False, False, False, False]	0.375	21
80.25	['C#2', 'C#4', 'F4', 'G#4']	[True, True, True, True]	0.375	21
80.375		[]	0.25	21
80.5		[]	0.25	21
80.625	['C#4', 'F4', 'G#2', 'G#4']	[True, True, True, True]	0.125	21
80.75		[]	0.375	21
80.875		[]	0.375	21
81.0		[]	0.375	21
81.125	['C5', 'C#2', 'C#4', 'F4', 'G#4']	[True, True, True, True, True]	0.125	21
81.25	['C5']	[False]	0.25	21
81.375	['C5']	[False]	0.25	21
81.5	['C#2', 'C#4', 'F4', 'G#4']	[True, True, True, True]	0.25	21
81.625	['C#2', 'C#4', 'F4', 'G#4']	[False, False, False, False]	0.25	21
81.75	['C2', 'C4', 'D#4', 'G4']	[True, True, True, True]	0.375	21
81.875	['C2', 'C4', 'D#4', 'G4']	[True, True, True, True]	0.375	21
82.0	['C2', 'C4', 'D#4', 'G4']	[False, False, False, False]	0.375	21
82.125		[]	0.25	21
82.25		[]	0.25	21
82.375	['C4', 'D#4', 'G2', 'G4']	[True, True, True, True]	0.125	21
82.5		[]	0.25	21
82.625		[]	0.25	21
82.75	['C2', 'C4', 'D#4', 'G4']	[True, True, True, True]	0.125	21
82.875		[]	0.375	21
83.0		[]	0.375	21
83.125		[]	0.375	21
83.25	['C2', 'C4', 'D#4', 'G4']	[True, True, True, True]	0.125	21
83.375	['F2']	[True]	0.25	21
83.5	['F2']	[False]	0.25	21
83.625	['C3', 'C4', 'C5', 'F4', 'G#4']	[True, True, True, True, True]	0.125	21
83.75	['C3', 'C4']	[False, True]	0.125	21
83.875	['C4', 'G#2']	[True, True]	0.125	21
84.0	['A#3', 'C4', 'C5', 'F2', 'F4', 'G#2', 'G#4']	[True, False, True, True, True, False, True]	0.125	22
84.125	['A#3', 'C5', 'F2', 'F4', 'G#4']	[False, False, False, False, False]	0.125	22
84.25	['C3', 'C4']	[True, True]	0.25	22
84.375	['C3', 'C4']	[False, False]	0.25	22
84.5	['C5', 'D#4', 'F4', 'G#2', 'G#4']	[True, True, True, True, True]	0.125	22
84.625	['C4', 'D#4', 'G2', 'G#2']	[True, False, True, False]	0.125	22
84.75	['C4', 'G2']	[False, False]	0.125	22
84.875	['A#3', 'C5', 'F2', 'F4', 'G#4']	[True, True, True, True, True]	0.125	22
85.0	['A#3', 'F2']	[False, False]	0.125	22
85.125	['C2', 'C4']	[True, True]	0.25	22
85.25	['C2', 'C4']	[False, False]	0.25	22
85.375	['C2', 'C4', 'D#4', 'G4']	[True, True, True, True]	0.125	22
85.5	['C4']	[True]	0.25	22
85.625	['C4']	[False]	0.25	22
85.75	['A#3', 'C4', 'D#4', 'G2', 'G4']	[True, True, True, True, True]	0.125	22
85.875	['A#3']	[False]	0.125	22
86.0	['C4']	[True]	0.125	22
86.125	['C2', 'C4', 'D#4', 'G4']	[True, True, True, True]	0.25	22
86.25	['C2', 'C4', 'D#4', 'G4']	[False, False, False, False]	0.25	22
86.375		[]	0.25	22
86.5		[]	0.25	22
86.625	['C2', 'C4', 'D#4', 'G4']	[True, True, True, True]	0.125	22
86.75	['C2', 'C#2', 'C#4', 'F4', 'G#4']	[False, True, True, True, True]	0.125	22
86.875	['C#2', 'C#4', 'F4', 'G#4']	[False, False, True, False]	0.375	22
87.0	['C#2', 'C#4', 'F4', 'G#4']	[True, True, True, True]	0.375	22
87.125	['C#2', 'C#4', 'F4', 'G#4']	[False, False, False, False]	0.375	22
87.25	['C#2', 'C#4', 'F4', 'G#2', 'G#4']	[True, True, True, True, True]	0.25	22
87.375	['C#2', 'C#4', 'F4', 'G#2', 'G#4']	[False, False, False, False, False]	0.25	22
87.5	['C#2', 'C#4', 'D#4', 'F4', 'G#4']	[True, True, True, True, True]	0.125	22
87.625	['C#2', 'C#4', 'F4', 'G#4']	[True, True, True, True]	0.25	22
87.75	['C#2', 'C#4', 'F4', 'G#4']	[False, False, False, False]	0.25	22
87.875	['C#2', 'C#4', 'F4', 'G4', 'G#2', 'G#4']	[True, True, True, True, True, True]	0.25	22
88.0	['C#2', 'C#4', 'F4', 'G4', 'G#2', 'G#4']	[False, False, False, False, False, False]	0.25	23
88.125	['C#2', 'C#4', 'F4', 'G#4']	[True, True, True, True]	0.125	23
88.25	['C#2', 'C#4', 'F4', 'G#2', 'G#4']	[True, True, True, True, True]	0.25	23
88.375	['C#2', 'C#4', 'F4', 'G#2', 'G#4']	[False, False, False, False, False]	0.25	23
88.5	['A#2', 'A#4', 'D#2', 'D#4', 'G4']	[True, True, True, True, True]	0.625	23
88.625	['A#2', 'A#4', 'D#2', 'D#4', 'G4']	[False, False, False, False, False]	0.625	23
88.75	['A#2', 'A#4', 'D#2', 'D#4', 'G4']	[True, True, True, True, True]	0.625	23
88.875	['A#2', 'A#4', 'D#2', 'D#4', 'G4']	[True, True, True, True, True]	0.625	23
89.0	['A#2', 'A#4', 'D#2', 'D#4', 'G4']	[False, False, False, False, False]	0.625	23
89.125	['A#2', 'A#4', 'D#2', 'D#4', 'F4', 'G4']	[True, True, True, True, True, True]	0.125	23
89.25	['A#2', 'A#4', 'D#2', 'D#4', 'G4']	[False, False, False, True, False]	0.375	23
89.375	['A#2', 'A#4', 'D#2', 'D#4', 'G4']	[True, True, True, True, True]	0.375	23
89.5	['A#2', 'A#4', 'D#2', 'D#4', 'G4']	[False, False, False, False, False]	0.375	23
89.625	['A#2', 'A#4', 'D#2', 'D#4', 'F4', 'G4']	[True, True, True, True, True, True]	0.125	23
89.75	['A#2', 'A#4', 'C4', 'D#2', 'D#4', 'G4']	[True, True, True, True, True, True]	0.5	23
89.875	['A#2', 'A#4', 'C4', 'D#2', 'D#4', 'G4']	[False, False, False, False, False, False]	0.5	23
90.0	['A#2', 'A#4', 'C4', 'D#2', 'D#4', 'G4']	[True, True, False, True, True, True]	0.5	23
90.125	['A#2', 'A#4', 'C4', 'D#2', 'D#4', 'G4']	[False, False, False, False, False, False]	0.5	23
90.25	['A#1', 'A#3', 'A#4', 'F4']	[True, True, True, True]	0.375	23
90.375	['A#1', 'A#3', 'A#4', 'F4']	[True, True, True, True]	0.375	23
90.5	['A#1', 'A#3', 'A#4', 'F4']	[False, False, False, False]	0.375	23
90.625		[]	0.25	23
90.75		[]	0.25	23
90.875	['A#3', 'A#4']	[True, True]	0.125	23
91.0	['C4', 'C5']	[True, True]	0.125	23
91.125	['C#4', 'C#5']	[True, True]	0.125	23
91.25	['A#3', 'A#4']	[True, True]	0.125	23
91.375	['C4', 'C5']	[True, True]	0.125	23
91.5	['C#4', 'C#5']	[True, True]	0.125	23
91.625		[]	0.25	23
91.75		[]	0.25	23
91.875	['C#2', 'C#4', 'C#5', 'G#4']	[True, True, True, True]	0.375	23
92.0	['C#2', 'C#4', 'C#5', 'G#4']	[False, False, False, False]	0.375	24
92.125	['C#2', 'C#4', 'C#5', 'G#4']	[True, True, True, True]	0.375	24
92.25		[]	0.25	24
92.375		[]	0.25	24
92.5	['A#3', 'A#4']	[True, True]	0.125	24
92.625	['A#3', 'A#4', 'C4', 'C5']	[False, False, True, True]	0.125	24
92.75	['C#4', 'C#5']	[True, True]	0.125	24
92.875		[]	0.125	24
93.0	['A#3', 'A#4']	[True, True]	0.125	24
93.125	['C4', 'C5']	[True, True]	0.125	24
93.25	['C#4', 'C#5']	[True, True]	0.125	24
93.375		[]	0.25	24
93.5		[]	0.25	24
93.625	['A#1', 'A#3', 'A#4', 'F4']	[True, True, True, True]	0.375	24
93.75	['A#1', 'A#3', 'A#4', 'F4']	[False, False, False, False]	0.375	24
93.875	['A#1', 'A#3', 'A#4', 'F4']	[True, True, True, True]	0.375	24
94.0		[]	0.25	24
94.125		[]	0.25	24
94.25	['A#3', 'A#4']	[True, True]	0.125	24
94.375	['C4', 'C5']	[True, True]	0.125	24
94.5	['C#4', 'C#5']	[True, True]	0.125	24
94.625	['A#3', 'A#4']	[True, True]	0.125	24
94.75	['A#3', 'A#4', 'C4', 'C5']	[False, False, True, True]	0.125	24
94.875	['C#4', 'C#5']	[True, True]	0.125	24
95.0		[]	0.375	24
95.125		[]	0.375	24
95.25		[]	0.375	24
95.375	['A#5', 'G2', 'G3', 'G5']	[True, True, True, True]	0.125	24
95.5	['A#5', 'D6', 'G#5']	[True, True, True]	0.125	24
95.625	['C6', 'D#6']	[True, True]	0.125	24
95.75	['G#3', 'G#4']	[True, True]	0.125	24
95.875	['C6', 'D5', 'D#5', 'D#6', 'G#3', 'G#4']	[True, True, True, True, False, False]	0.125	24
96.0	['A#4', 'C5', 'D5', 'F5', 'G#3', 'G#4']	[True, True, True, True, False, True]	0.125	25
96.125	['A#3', 'A#4', 'D3', 'F3']	[True, True, True, True]	0.125	25
96.25	['A#3', 'F4']	[True, True]	0.125	25
96.375	['A#3', 'D4', 'F4', 'G#3']	[False, True, True, True]	0.125	25
96.5	['A#3', 'D4', 'D#4']	[True, True, True]	0.125	25
96.625	['B3', 'B4', 'C4']	[True, True, True]	0.125	25
96.75	['B3', 'B4', 'C4', 'D3', 'D#3', 'D#4', 'G3', 'G#3']	[False, False, True, True, True, True, True, True]	0.125	25
96.875	['B3', 'B4', 'C4', 'D3', 'D#3', 'F3', 'G#2']	[False, False, True, True, True, True, True]	0.125	25
97.0	['C2', 'C4', 'C5']	[True, True, True]	0.25	25
97.125	['C2', 'C4', 'C5']	[False, False, False]	0.25	25
97.25	['C2', 'C4', 'C5', 'D#4', 'G4']	[True, True, True, True, True]	0.125	25
97.375	['C2']	[False]	0.125	25
97.5	['D#2', 'D#4', 'D#5']	[True, True, True]	0.125	25
97.625	['C2', 'C4', 'C5', 'D#2', 'D#4', 'D#5', 'G4']	[True, True, True, False, True, False, True]	0.125	25
97.75	['C2', 'C4', 'C5', 'D#4', 'G4']	[False, False, False, False, False]	0.125	25
97.875		[]	0.25	25
98.0		[]	0.25	25
98.125	['C2', 'C4', 'C5', 'D#4', 'G4']	[True, True, True, True, True]	0.125	25
98.25		[]	0.25	25
98.375		[]	0.25	25
98.5	['A#4', 'D#2', 'D#4', 'D#5', 'G3', 'G4']	[True, True, True, True, True, True]	0.125	25
98.625		[]	0.25	25
98.75		[]	0.25	25
98.875	['A#4', 'D#2', 'D#4', 'D#5', 'G3', 'G4']	[True, True, True, True, True, True]	0.25	25
99.0	['A#4', 'D#2', 'D#4', 'D#5', 'G3', 'G4']	[False, False, False, False, False, False]	0.25	25
99.125	['A#2', 'D#2', 'F3', 'F4', 'G3']	[True, False, True, True, False]	0.125	25
99.25	['A#2', 'F3', 'F4']	[False, False, False]	0.125	25
99.375	['A#4', 'D#2', 'D#3', 'D#4', 'D#5', 'G4']	[True, True, True, True, True, True]	0.125	25
99.5	['D#2', 'D#3']	[False, False]	0.125	25
99.625	['C3', 'F3', 'F4']	[True, True, True]	0.125	25
99.75	['A#4', 'C3', 'D#4', 'D#5', 'F3', 'F4', 'G3', 'G4']	[True, False, True, True, False, False, True, True]	0.125	25
99.875	['A#4', 'C3', 'D#4', 'D#5', 'G3', 'G4']	[False, False, False, False, False, False]	0.125	25
100.0	['A#2', 'G#3', 'G#4']	[True, True, True]	0.25	26
100.125	['A#2', 'G#3', 'G#4']	[False, False, False]	0.25	26
100.25	['A#3', 'A#4', 'D#2', 'D#4', 'D#5', 'G4']	[True, True, True, True, True, True]	0.125	26
100.375	['A#3', 'C4', 'C5', 'D#2', 'F2']	[False, True, True, False, True]	0.125	26
100.5	['C4', 'C5', 'F2']	[False, False, False]	0.125	26
100.625	['C4', 'C5', 'F2', 'F4', 'F5', 'G#4']	[True, True, True, True, True, True]	0.125	26
100.75	['F2']	[False]	0.125	26
100.875	['C3', 'D#4', 'D#5']	[True, True, True]	0.25	26
101.0	['C3', 'D#4', 'D#5']	[False, False, False]	0.25	26
101.125	['C4', 'C5', 'F2', 'F4', 'F5', 'G#4']	[True, True, True, True, True, True]	0.125	26
101.25		[]	0.25	26
101.375		[]	0.25	26
101.5	['C5', 'F2', 'F4', 'F5', 'G#4']	[True, True, True, True, True]	0.125	26
101.625		[]	0.25	26
101.75		[]	0.25	26
101.875	['C5', 'F2', 'F4', 'F5', 'G#4']	[True, True, True, True, True]	0.25	26
102.0	['C5', 'F2', 'F4', 'F5', 'G#4']	[False, False, False, False, False]	0.25	26
102.125	['B5', 'D4', 'G2', 'G5']	[True, True, True, True]	0.25	26
102.25	['B5', 'D4', 'G2', 'G5']	[False, False, False, False]	0.25	26
102.375	['B4', 'B5', 'D3', 'D4', 'D5', 'G4', 'G5']	[True, False, True, False, True, True, True]	0.125	26
102.5	['B5', 'D3', 'D4', 'G5']	[False, False, False, False]	0.125	26
102.625	['B5', 'D4', 'G5']	[False, False, False]	0.125	26
102.75	['B4', 'B5', 'D4', 'D5', 'G3', 'G4', 'G5']	[True, False, False, True, True, True, True]	0.125	26
102.875	['B5', 'D4', 'G5', 'G#3']	[False, False, False, True]	0.125	26
103.0	['G3']	[True]	0.25	26
103.125	['G3']	[False]	0.25	26
103.25	['B4', 'D5', 'G2', 'G4', 'G5', 'G#3', 'G#4']	[True, True, True, True, True, True, True]	0.125	26
103.375	['A#3', 'A#4', 'G#2', 'G#3', 'G#4']	[True, True, True, False, False]	0.125	26
103.5	['A#3', 'A#4', 'G#2']	[False, False, False]	0.125	26
103.625	['B3', 'B4', 'D5', 'G2', 'G4', 'G5']	[True, True, True, True, True, True]	0.125	26
103.75	['G2']	[False]	0.125	26
103.875	['C2', 'C4', 'C5']	[True, True, True]	0.125	26
104.0	['C2', 'C4', 'C5', 'D#4', 'G4']	[True, True, True, True, True]	0.25	27
104.125	['C2', 'C4', 'C5', 'D#4', 'G4']	[False, False, False, False, False]	0.25	27
104.25	['D#2', 'D#4', 'D#5']	[True, True, True]	0.25	27
104.375	['D#2', 'D#4', 'D#5']	[False, False, False]	0.25	27
104.5	['C2', 'C4', 'C5', 'D#4', 'G4']	[True, True, True, True, True]	0.125	27
104.625		[]	0.25	27
104.75		[]	0.25	27
104.875	['C2', 'C4', 'C5', 'D#4', 'G4']	[True, True, True, True, True]	0.125	27
105.0		[]	0.375	27
105.125		[]	0.375	27
105.25		[]	0.375	27
105.375	['A#4', 'D#2', 'D#4', 'D#5', 'G3', 'G4']	[True, True, True, True, True, True]	0.125	27
105.5		[]	0.25	27
105.625		[]	0.25	27
105.75	['A#4', 'D#2', 'D#4', 'D#5', 'G3', 'G4']	[True, True, True, True, True, True]	0.125	27
105.875	['D#2', 'G3']	[False, False]	0.125	27
106.0	['A#2', 'F3', 'F4']	[True, True, True]	0.125	27
106.125	['A#2', 'A#4', 'D#2', 'D#3', 'D#4', 'D#5', 'F3', 'F4', 'G4']	[False, True, True, True, True, True, False, False, True]	0.125	27
106.25	['A#4', 'D#2', 'D#3', 'D#4', 'D#5', 'G4']	[False, False, False, False, False, False]	0.125	27
106.375	['C3', 'F3', 'F4']	[True, True, True]	0.25	27
106.5	['C3', 'F3', 'F4']	[False, False, False]	0.25	27
106.625	['A#4', 'C3', 'D#4', 'D#5', 'G3', 'G4']	[True, False, True, True, True, True]	0.125	27
106.75	['A#2', 'C3', 'G3', 'G#3', 'G#4']	[True, False, False, True, True]	0.125	27
106.875	['A#2', 'G#3', 'G#4']	[False, False, False]	0.125	27
107.0	['A#2', 'A#3', 'A#4', 'D#2', 'D#4', 'D#5', 'G4', 'G#3', 'G#4']	[False, True, True, True, True, True, True, False, False]	0.125	27
107.125	['A#3', 'D#2']	[False, False]	0.125	27
107.25	['C4', 'C5', 'F2']	[True, True, True]	0.25	27
107.375	['C4', 'C5', 'F2']	[False, False, False]	0.25	27
107.5	['C4', 'C5', 'F2', 'F4', 'F5', 'G#4']	[True, True, True, True, True, True]	0.125	27
107.625	['C3', 'D#4', 'D#5', 'F2']	[True, True, True, False]	0.125	27
107.75	['C3', 'D#4', 'D#5']	[False, False, False]	0.125	27
107.875	['C4', 'C5', 'F2', 'F4', 'F5', 'G#4']	[True, True, True, True, True, True]	0.125	27
108.0		[]	0.25	28
108.125		[]	0.25	28
108.25	['C5', 'F2', 'F4', 'F5', 'G#4']	[True, True, True, True, True]	0.25	28
108.375	['C5', 'F2', 'F4', 'F5', 'G#4']	[False, False, False, False, False]	0.25	28
108.5		[]	0.25	28
108.625		[]	0.25	28
108.75	['C5', 'F2', 'F4', 'F5', 'G#4']	[True, True, True, True, True]	0.125	28
108.875	['B5', 'D4', 'G2', 'G5']	[True, True, True, True]	0.25	28
109.0	['B5', 'D4', 'G2', 'G5']	[False, False, False, False]	0.25	28
109.125	['B4', 'B5', 'D3', 'D4', 'D5', 'G4', 'G5']	[True, False, True, False, True, True, True]	0.25	28
109.25	['B4', 'B5', 'D3', 'D4', 'D5', 'G4', 'G5']	[False, False, False, False, False, False, False]	0.25	28
109.375	['B5', 'D4', 'G3', 'G5']	[False, False, True, False]	0.25	28
109.5	['B5', 'D4', 'G3', 'G5']	[False, False, False, False]	0.25	28
109.625	['B4', 'B5', 'D3', 'D4', 'D5', 'G4', 'G5']	[True, False, True, False, True, True, True]	0.125	28
109.75	['G2']	[True]	0.25	28
109.875	['G2']	[False]	0.25	28
110.0	['B4', 'D3', 'D5', 'G4', 'G5', 'G#3', 'G#4']	[True, True, True, True, True, True, True]	0.125	28
110.125	['D3', 'G#3', 'G#4']	[False, False, False]	0.125	28
110.25	['A#3', 'A#4', 'G3']	[True, True, True]	0.125	28
110.375	['B3', 'B4', 'D3', 'D5', 'G3', 'G4', 'G5']	[True, True, True, True, False, True, True]	0.125	28
110.5	['B3', 'B4', 'D3', 'D5', 'G4', 'G5']	[False, False, False, False, False, False]	0.125	28
110.625	['C2', 'C4', 'G4']	[True, True, True]	0.25	28
110.75	['C2', 'C4', 'G4']	[False, False, False]	0.25	28
110.875	['A#4', 'C2', 'C4', 'D#4', 'G4']	[True, True, True, True, True]	0.125	28
111.0	['C2', 'C5']	[False, True]	0.125	28
111.125	['D5', 'D#2']	[True, True]	0.125	28
111.25	['C2', 'C4', 'D#2', 'D#4', 'D#5', 'G4']	[True, True, False, True, True, True]	0.125	28
111.375	['C2', 'C4', 'D#4', 'G4']	[False, False, False, False]	0.125	28
111.5	['F5']	[True]	0.125	28
111.625	['D#5']	[True]	0.125	28
111.75	['C2', 'C4', 'D#4', 'F5', 'G4']	[True, True, True, True, True]	0.125	28
111.875	['F5']	[False]	0.125	28
112.0	['F#5']	[True]	0.125	29
112.125	['C2', 'C4', 'D#4', 'G4']	[True, True, True, True]	0.125	29
112.25	['C2', 'F5']	[False, True]	0.125	29
112.375	['D#2', 'D#4', 'F4']	[True, True, True]	0.125	29
112.5	['A#4', 'D#2', 'D#4', 'D#5', 'F4', 'G4']	[True, True, True, True, False, True]	0.125	29
112.625	['A#4', 'D5', 'D#2', 'D#4', 'G4']	[False, True, False, False, False]	0.125	29
112.75	['A#2', 'D#2', 'D#5']	[True, False, True]	0.125	29
112.875	['A#2', 'D5', 'D#5']	[False, True, False]	0.125	29
113.0	['A#4', 'C5', 'D5', 'D#2', 'D#4', 'G4']	[True, True, False, True, True, True]	0.125	29
113.125	['C5']	[False]	0.125	29
113.25	['A#4']	[True]	0.125	29
113.375	['A#4', 'D#2', 'D#4', 'G4']	[True, True, True, True]	0.25	29
113.5	['A#4', 'D#2', 'D#4', 'G4']	[False, False, False, False]	0.25	29
113.625	['A#4']	[False]	0.25	29
113.75	['A#4']	[False]	0.25	29
113.875	['A#4', 'D#2', 'D#4', 'G4']	[True, True, True, True]	0.125	29
114.0	['C5', 'D#2', 'F2']	[True, False, True]	0.125	29
114.125	['C5', 'F2']	[False, False]	0.125	29
114.25	['C5', 'F2', 'F4', 'G#4']	[True, True, True, True]	0.125	29
114.375	['F2']	[False]	0.125	29
114.5	['C3']	[True]	0.125	29
114.625	['C3', 'C5', 'F2', 'F4', 'G4', 'G#4']	[False, True, True, True, True, True]	0.125	29
114.75	['C5', 'F2', 'F4', 'G4', 'G#4']	[False, False, False, False, True]	0.125	29
114.875	['G4']	[True]	0.25	29
115.0	['G4']	[False]	0.25	29
115.125	['C5', 'F2', 'F4', 'G4', 'G#4']	[True, True, True, False, True]	0.125	29
115.25	['G4']	[False]	0.25	29
115.375	['G4']	[False]	0.25	29
115.5	['C5', 'F2', 'F4', 'G4', 'G#4']	[True, True, True, False, True]	0.125	29
115.625	['C5', 'F2', 'F4', 'G#4']	[False, False, False, False]	0.125	29
115.75	['C5', 'G2', 'G#4']	[True, True, True]	0.25	29
115.875	['C5', 'G2', 'G#4']	[False, False, False]	0.25	29
116.0	['B4', 'C5', 'D5', 'F4', 'G2', 'G4', 'G#4']	[True, False, True, True, False, True, False]	0.125	30
116.125	['C5', 'F2', 'G2', 'G#4']	[False, True, False, False]	0.125	30
116.25	['C5', 'F2', 'G#4']	[False, False, False]	0.125	30
116.375	['B4', 'C5', 'D5', 'F2', 'G4', 'G#4']	[True, False, True, False, True, False]	0.125	30
116.5	['C5', 'F2', 'G#4']	[False, False, True]	0.125	30
116.625	['B4', 'D#2', 'G4']	[True, True, True]	0.125	30
116.75	['B4', 'D5', 'D#2', 'G4']	[True, True, False, True]	0.25	30
116.875	['B4', 'D5', 'D#2', 'G4']	[False, False, False, False]	0.25	30
117.0	['B4', 'D2', 'D#2', 'G4']	[False, True, False, False]	0.125	30
117.125	['B4', 'D2', 'G4']	[False, False, False]	0.125	30
117.25	['B4', 'D2', 'D5', 'G4']	[True, False, True, True]	0.125	30
117.375	['B4', 'D2', 'G4']	[False, False, False]	0.125	30
117.5	['C2', 'C4', 'G4']	[True, True, True]	0.125	30
117.625	['C2', 'C4', 'D#4', 'F5', 'G4']	[True, True, True, True, True]	0.125	30
117.75	['C2', 'C4', 'D#4', 'F5', 'G4', 'F#5']	[False, False, False, True, False, True]	0.125	30
117.875	['D#2', 'D#5']	[True, True]	0.125	30
118.0	['D#2']	[False]	0.125	30
118.125	['C2', 'C4', 'D#4', 'G4']	[True, True, True, True]	0.125	30
118.25	['F5']	[True]	0.125	30
118.375	['F#5']	[True]	0.125	30
118.5	['C2', 'C4', 'D#4', 'D#5', 'G4']	[True, True, True, True, True]	0.125	30
118.625		[]	0.25	30
118.75		[]	0.25	30
118.875	['C2', 'C4', 'D#4', 'F5', 'G4']	[True, True, True, True, True]	0.125	30
119.0	['C2', 'C4', 'D#4', 'G4', 'F#5']	[False, False, False, False, True]	0.125	30
119.125	['C2', 'D#2', 'D#4', 'D#5', 'F4', 'F5']	[False, True, True, True, True, True]	0.125	30
119.25	['D#2', 'D#4', 'D#5', 'F4']	[False, False, False, False]	0.125	30
119.375	['A#4', 'D#2', 'D#4', 'G4']	[True, True, True, True]	0.125	30
119.5	['D5', 'D#2']	[True, False]	0.125	30
119.625	['A#2', 'D#5']	[True, True]	0.125	30
119.75	['A#2', 'A#4', 'D5', 'D#2', 'D#4', 'G4']	[False, True, True, True, True, True]	0.125	30
119.875	['A#4', 'C5', 'D#2', 'D#4', 'G4']	[False, True, False, False, False]	0.125	30
120.0	['A#4']	[True]	0.25	31
120.125	['A#4']	[False]	0.25	31
120.25	['A#4', 'D#2', 'D#4', 'G4']	[True, True, True, True]	0.125	31
120.375		[]	0.25	31
120.5		[]	0.25	31
120.625	['A#4', 'D#2', 'D#4', 'G4']	[True, True, True, True]	0.125	31
120.75	['D#2']	[False]	0.125	31
120.875	['C5', 'F2']	[True, True]	0.25	31
121.0	['C5', 'F2']	[False, False]	0.25	31
121.125	['C5', 'E4', 'F2', 'F4', 'G#4']	[True, True, True, True, True]	0.125	31
121.25	['C3', 'E4', 'F2', 'F4']	[True, False, False, True]	0.125	31
121.375	['C3']	[False]	0.125	31
121.5	['C5', 'F2', 'F4', 'G#4']	[True, True, True, True]	0.125	31
121.625		[]	0.125	31
121.75	['E4', 'F4']	[True, True]	0.125	31
121.875	['C5', 'E4', 'F2', 'F4', 'G#4']	[True, False, True, True, True]	0.125	31
122.0	['C5', 'F2', 'F4', 'G#4']	[False, False, False, False]	0.125	31
122.125		[]	0.25	31
122.25		[]	0.25	31
122.375	['C5', 'F2', 'F4', 'G#4']	[True, True, True, True]	0.125	31
122.5	['C5', 'F2', 'G2', 'G#4']	[True, False, True, True]	0.125	31
122.625	['C5', 'G2', 'G#4']	[False, False, False]	0.125	31
122.75	['B4', 'C5', 'D5', 'G2', 'G4', 'G#4']	[True, False, True, False, True, False]	0.125	31
122.875	['C5', 'G2', 'G#4']	[False, False, False]	0.125	31
123.0	['C5', 'F2', 'G4', 'G#4']	[False, True, True, False]	0.25	31
123.125	['C5', 'F2', 'G4', 'G#4']	[False, False, False, False]	0.25	31
123.25	['B4', 'C5', 'D5', 'D#4', 'F2', 'F4', 'G4', 'G#4']	[True, False, True, True, False, True, True, False]	0.125	31
123.375	['B4', 'A#3', 'D#2', 'D#4', 'F2', 'G4']	[True, True, True, False, False, True]	0.125	31
123.5	['B4', 'A#3', 'D#2', 'G4']	[False, False, False, False]	0.125	31
123.625	['B4', 'C4', 'D5', 'D#2', 'G4']	[True, True, True, False, True]	0.125	31
123.75	['B4', 'D#2', 'G4']	[False, False, False]	0.125	31
123.875	['B4', 'C4', 'D2', 'G4']	[False, True, True, False]	0.125	31
124.0	['B4', 'A#3', 'C4', 'D2', 'D5', 'G4']	[True, True, False, False, True, True]	0.125	32
124.125	['B4', 'A#3', 'D2', 'D5', 'G4']	[False, False, False, False, False]	0.125	32
124.25	['C2', 'C4', 'G4']	[True, True, True]	0.25	32
124.375	['C2', 'C4', 'G4']	[False, False, False]	0.25	32
124.5	['C2', 'C4', 'D#4', 'G4', 'F#5']	[True, True, True, True, True]	0.125	32
124.625	['C2', 'D#2', 'F#5']	[False, True, True]	0.125	32
124.75	['D#2', 'F#5']	[False, True]	0.125	32
124.875	['C2', 'C4', 'D#2', 'D#4', 'G4']	[True, True, False, True, True]	0.125	32
125.0	['F#5']	[True]	0.125	32
125.125		[]	0.125	32
125.25	['F5']	[True]	0.125	32
125.375	['C2', 'C4', 'D#4', 'D#5', 'G4']	[True, True, True, True, True]	0.125	32
125.5	['D#5']	[False]	0.125	32
125.625		[]	0.125	32
125.75	['C2', 'C4', 'D#4', 'G4']	[True, True, True, True]	0.125	32
125.875	['C2', 'F#5']	[False, True]	0.125	32
126.0	['D#2', 'D#4', 'F4', 'F5', 'F#5']	[True, True, True, True, False]	0.125	32
126.125	['A#4', 'D#2', 'D#4', 'D#5', 'F4', 'G4']	[True, True, True, True, False, True]	0.125	32
126.25	['A#4', 'D5', 'D#2', 'D#4', 'G4']	[False, True, False, False, False]	0.125	32
126.375	['A#2', 'D#5']	[True, True]	0.125	32
126.5	['A#2', 'D5']	[False, True]	0.125	32
126.625	['A#4', 'C5', 'D5', 'D#2', 'D#4', 'G4']	[True, True, False, True, True, True]	0.125	32
126.75	['A#4', 'C5']	[True, False]	0.125	32
126.875	['A#4']	[False]	0.125	32
127.0	['A#4', 'D#2', 'D#4', 'G4']	[True, True, True, True]	0.125	32
127.125	['A#4']	[False]	0.25	32
127.25	['A#4']	[False]	0.25	32
127.375		[]	0.125	32
127.5	['A#4', 'C5', 'D#2', 'D#4', 'G4']	[True, True, True, True, True]	0.125	32
127.625	['C5', 'D#2', 'F2', 'F4']	[True, False, True, True]	0.125	32
127.75	['C5', 'F2']	[False, False]	0.125	32
127.875	['C5', 'F2', 'F4', 'G#4']	[True, True, True, True]	0.125	32
128.0	['F2']	[False]	0.125	33
128.125	['C3', 'E4']	[True, True]	0.125	33
128.25	['C3', 'C5', 'E4', 'F2', 'F4', 'G#4']	[False, True, False, True, True, True]	0.125	33
128.375	['C5', 'F2', 'F4', 'G#4']	[False, False, False, False]	0.125	33
128.5	['F4']	[True]	0.125	33
128.625		[]	0.125	33
128.75	['C5', 'F2', 'F4', 'G#4']	[True, True, True, True]	0.125	33
128.875	['E4']	[True]	0.25	33
129.0	['E4']	[False]	0.25	33
129.125	['C5', 'F2', 'F4', 'G#4']	[True, True, True, True]	0.25	33
129.25	['C5', 'F2', 'F4', 'G#4']	[False, False, False, False]	0.25	33
129.375	['C4', 'C5', 'G2', 'G#4']	[True, True, True, True]	0.25	33
129.5	['C4', 'C5', 'G2', 'G#4']	[False, False, False, False]	0.25	33
129.625	['B4', 'C4', 'C5', 'D5', 'G2', 'G4', 'G#4']	[True, False, False, True, False, True, False]	0.125	33
129.75	['C4', 'C5', 'F2', 'G2', 'G#4']	[False, False, True, False, False]	0.125	33
129.875	['C5', 'F2', 'G#4']	[False, False, False]	0.125	33
130.0	['B4', 'C5', 'D4', 'D5', 'F2', 'G4', 'G#4']	[True, False, True, True, False, True, False]	0.125	33
130.125	['C5', 'D4', 'F2', 'G#4']	[False, False, False, False]	0.125	33
130.25	['B4', 'D4', 'D#2', 'G4']	[True, False, True, True]	0.125	33
130.375	['B4', 'C4', 'D5', 'D#2', 'G4']	[True, True, True, False, True]	0.25	33
130.5	['B4', 'C4', 'D5', 'D#2', 'G4']	[False, False, False, False, False]	0.25	33
130.625	['B4', 'C4', 'D2', 'G4']	[False, False, True, False]	0.25	33
130.75	['B4', 'C4', 'D2', 'G4']	[False, False, False, False]	0.25	33
130.875	['B4', 'A#3', 'D2', 'D5', 'G4']	[True, True, False, True, True]	0.125	33
131.0	['B4', 'A#3', 'D2', 'G4']	[False, False, False, False]	0.125	33
131.125	['C2', 'C4', 'G4']	[True, True, True]	0.125	33
131.25	['C2', 'C4', 'D#4', 'G4']	[True, True, True, True]	0.125	33
131.375	['C2', 'C4', 'D4', 'D#4', 'G4']	[False, False, True, False, False]	0.125	33
131.5	['C4', 'D#2']	[True, True]	0.125	33
131.625	['D4', 'D#2']	[True, False]	0.125	33
131.75	['C2', 'C4', 'D#4', 'G4']	[True, True, True, True]	0.125	33
131.875	['D4']	[True]	0.25	33
132.0	['D4']	[False]	0.25	34
132.125	['C2', 'C4', 'D4', 'D#4', 'G4']	[True, True, False, True, True]	0.125	34
132.25	['D#4']	[True]	0.125	34
132.375	['D4']	[True]	0.125	34
132.5	['C2', 'C4', 'D#4', 'G4']	[True, True, True, True]	0.25	34
132.625	['C2', 'C4', 'D#4', 'G4']	[False, False, False, False]	0.25	34
132.75	['C2', 'D4', 'D#2', 'D#4', 'F4']	[False, True, True, True, True]	0.125	34
132.875	['D#2', 'D#4', 'F4']	[False, True, False]	0.125	34
133.0	['A#4', 'D#2', 'D#4', 'F4', 'G4']	[True, True, True, True, True]	0.125	34
133.125	['D#2', 'F4']	[False, False]	0.125	34
133.25	['A#2', 'D#4']	[True, True]	0.125	34
133.375	['A#2', 'A#4', 'D#2', 'D#4', 'F4', 'G4']	[False, True, True, True, True, True]	0.125	34
133.5	['A#4', 'D#2', 'D#4', 'G4']	[False, False, True, False]	0.125	34
133.625	['F4']	[True]	0.25	34
133.75	['F4']	[False]	0.25	34
133.875	['A#4', 'D#2', 'D#4', 'F4', 'G4']	[True, True, True, False, True]	0.125	34
134.0	['F4']	[False]	0.25	34
134.125	['F4']	[False]	0.25	34
134.25	['A#4', 'D#2', 'D#4', 'F4', 'G4']	[True, True, True, False, True]	0.125	34
134.375	['D#2']	[False]	0.125	34
134.5	['C4', 'C5', 'F2']	[True, True, True]	0.125	34
134.625	['C4', 'C5', 'F2', 'F4', 'G#4']	[True, True, True, True, True]	0.25	34
134.75	['C4', 'C5', 'F2', 'F4', 'G#4']	[False, False, False, False, False]	0.25	34
134.875	['C3', 'F2']	[True, False]	0.125	34
135.0	['C3']	[False]	0.125	34
135.125	['C4', 'C5', 'F2', 'F4', 'G#4']	[True, True, True, True, True]	0.125	34
135.25	['C4']	[False]	0.125	34
135.375	['A#3']	[True]	0.125	34
135.5	['A#3', 'C5', 'F2', 'F4', 'G#4']	[True, True, True, True, True]	0.125	34
135.625	['C5', 'F2', 'F4', 'G#4']	[False, False, False, False]	0.125	34
135.75		[]	0.25	34
135.875		[]	0.25	34
136.0	['A#3', 'C5', 'F2', 'F4', 'G#4']	[True, True, True, True, True]	0.125	35
136.125	['A#3', 'C5', 'F2', 'G2', 'G#3', 'G#4']	[False, True, False, True, True, True]	0.125	35
136.25	['C5', 'G2', 'G#3', 'G#4']	[False, False, False, False]	0.125	35
136.375	['B4', 'C5', 'D5', 'G2', 'G4', 'G#3', 'G#4']	[True, False, True, False, True, True, False]	0.125	35
136.5	['C5', 'G2', 'G#4']	[False, False, False]	0.125	35
136.625	['C5', 'F2', 'G#4']	[False, True, False]	0.125	35
136.75	['B4', 'C5', 'D5', 'F2', 'G4', 'G#3', 'G#4']	[True, False, True, False, True, True, False]	0.25	35
136.875	['B4', 'C5', 'D5', 'F2', 'G4', 'G#3', 'G#4']	[False, False, False, False, False, False, False]	0.25	35
137.0	['B4', 'D#2', 'F2', 'G3', 'G4']	[True, True, False, True, True]	0.125	35
137.125	['B4', 'D#2', 'G3', 'G4']	[False, False, False, False]	0.125	35
137.25	['B4', 'D5', 'D#2', 'G3', 'G4']	[True, True, False, True, True]	0.125	35
137.375	['B4', 'D#2', 'G3', 'G4']	[False, False, False, False]	0.125	35
137.5	['B4', 'D2', 'G3', 'G4', 'G#3']	[False, True, True, False, True]	0.125	35
137.625	['B4', 'A#3', 'D2', 'D5', 'G4', 'G#3']	[True, True, False, True, True, False]	0.125	35
137.75	['B3', 'B4', 'D2', 'D5', 'G4']	[True, False, False, False, False]	0.125	35
137.875	['C2', 'C4', 'C5', 'D#4', 'G3', 'G4']	[True, True, True, True, True, True]	0.375	35
138.0	['C2', 'C4', 'C5', 'D#4', 'G3', 'G4']	[False, False, False, False, False, False]	0.375	35
138.125	['C2', 'C4', 'C5', 'D#4', 'G3', 'G4']	[True, True, True, True, True, True]	0.375	35
138.25	['C2', 'C4', 'C5', 'D#4', 'G4']	[False, False, False, False, False]	0.125	35
138.375		[]	0.125	35
138.5	['C4', 'G4']	[True, True]	0.125	35
138.625		[]	0.25	35
138.75		[]	0.25	35
138.875	['C4', 'G4']	[True, True]	0.25	35
139.0	['C4', 'G4']	[False, False]	0.25	35
139.125		[]	0.25	35
139.25		[]	0.25	35
139.375	['C4', 'G4']	[True, True]	0.125	35
139.5		[]	0.125	35
139.625	['D#4', 'F4']	[True, True]	0.125	35
139.75	['D#4', 'G4']	[True, True]	0.125	35
139.875		[]	0.375	35
140.0		[]	0.375	36
140.125		[]	0.375	36
140.25	['D#4', 'G4']	[True, True]	0.125	36
140.375		[]	0.25	36
140.5		[]	0.25	36
140.625	['D#4', 'G4']	[True, True]	0.125	36
140.75		[]	0.375	36
140.875		[]	0.375	36
141.0		[]	0.375	36
141.125	['D#4', 'G4']	[True, True]	0.125	36
141.25	['C5', 'F4']	[True, True]	0.375	36
141.375	['C5', 'F4']	[False, False]	0.375	36
141.5	['C5', 'F4']	[True, True]	0.375	36
141.625		[]	0.25	36
141.75		[]	0.25	36
141.875	['C5', 'F4']	[True, True]	0.25	36
142.0	['C5', 'F4']	[False, False]	0.25	36
142.125		[]	0.25	36
142.25		[]	0.25	36
142.375	['C5', 'E4']	[True, True]	0.125	36
142.5		[]	0.25	36
142.625		[]	0.25	36
142.75	['C5', 'F4']	[True, True]	0.125	36
142.875		[]	0.125	36
143.0	['C5', 'D#4', 'G2', 'G3', 'G4', 'G#4']	[True, True, True, True, True, True]	0.5	36
143.125	['C5', 'D#4', 'G2', 'G3', 'G4', 'G#4']	[False, False, False, False, False, False]	0.5	36
143.25	['C5', 'D#4', 'G2', 'G3', 'G4', 'G#4']	[False, False, False, False, False, False]	0.5	36
143.375	['C5', 'D#4', 'G2', 'G3', 'G4', 'G#4']	[False, False, False, False, False, False]	0.5	36
143.5	['C5', 'D#4', 'F2', 'F3', 'F4', 'G#4']	[False, True, True, True, True, False]	0.25	36
143.625	['C5', 'D#4', 'F2', 'F3', 'F4', 'G#4']	[False, False, False, False, False, False]	0.25	36
143.75	['A#4', 'D5', 'F2', 'F3', 'F4']	[True, True, False, False, True]	0.125	36
143.875	['C5', 'D#4', 'F2', 'F3', 'F4', 'G#4']	[True, True, False, False, False, True]	0.125	36
144.0	['B4', 'D4', 'D#2', 'D#3', 'D#4', 'G4']	[True, True, True, True, True, True]	0.5	37
144.125	['B4', 'D4', 'D#2', 'D#3', 'D#4', 'G4']	[False, False, False, False, False, False]	0.5	37
144.25	['B4', 'D4', 'D#2', 'D#3', 'D#4', 'G4']	[False, False, False, False, False, False]	0.5	37
144.375	['B4', 'D4', 'D#2', 'D#3', 'D#4', 'G4']	[False, False, False, False, False, False]	0.5	37
144.5	['B4', 'D2', 'D3', 'D4', 'G4']	[False, True, True, True, False]	0.5	37
144.625	['B4', 'D2', 'D3', 'D4', 'G4']	[False, False, False, False, False]	0.5	37
144.75	['B4', 'D2', 'D3', 'D4', 'G4']	[False, False, False, False, False]	0.5	37
144.875	['B4', 'D2', 'D3', 'D4', 'G4']	[False, False, False, False, False]	0.5	37
145.0	['D2', 'D3', 'D4']	[False, False, False]	0.125	37
145.125	['C2', 'C3', 'C4', 'C5', 'D#3', 'D#4', 'G3', 'G4']	[True, True, True, True, True, True, True, True]	0.125	37
145.25	['C2', 'C3', 'C4', 'D#3', 'G3']	[True, False, True, False, False]	0.125	37
145.375	['C2', 'C3', 'C4', 'D#3', 'D#4', 'G3', 'G4']	[True, False, True, False, True, False, True]	0.125	37
145.5	['A#1', 'C2', 'C3', 'C5', 'D#3', 'G3', 'G#4']	[True, False, False, True, False, False, True]	0.125	37
145.625	['A#1', 'C3', 'C4', 'D#3', 'D#4', 'G3']	[False, False, True, False, True, False]	0.125	37
145.75	['C2', 'C3', 'C5', 'D#3', 'G3', 'G4', 'F#5']	[True, False, True, False, False, True, True]	0.125	37
145.875	['C2', 'C3', 'C4', 'D#3', 'G3', 'F#5']	[True, False, True, False, False, False]	0.125	37
146.0	['C2', 'C3', 'C4', 'D#3', 'D#4', 'G3', 'F#5']	[True, False, True, False, True, False, False]	0.125	37
146.125	['A#4', 'C2', 'C3', 'C5', 'D#3', 'G3', 'G5']	[True, True, False, True, False, False, True]	0.125	37
146.25	['C2', 'C3', 'C4', 'D#3', 'D#4', 'G3', 'G5']	[True, False, True, False, True, False, False]	0.125	37
146.375	['C2', 'C3', 'C5', 'D#3', 'G3', 'G4', 'G5']	[False, False, True, False, False, True, False]	0.125	37
146.5	['C3', 'C4', 'D2', 'D5', 'D#3', 'D#4', 'G3']	[False, True, True, True, False, True, False]	0.125	37
146.625	['C3', 'D5', 'D#2', 'D#3', 'G3', 'G4']	[False, False, True, False, False, True]	0.125	37
146.75	['C3', 'D5', 'D#3', 'F2', 'G3', 'G4']	[False, False, False, True, False, True]	0.125	37
146.875	['A#4', 'C3', 'D4', 'D#3', 'D#5', 'F2', 'G2', 'G3']	[True, False, True, False, True, False, True, False]	0.125	37
147.0	['C3', 'C4', 'D#3', 'D#4', 'D#5', 'G2', 'G3']	[False, True, False, True, False, False, False]	0.125	37
147.125	['C3', 'C4', 'D#3', 'D#4', 'D#5', 'G#2']	[False, True, False, True, False, True]	0.125	37
147.25	['A#2', 'C3', 'C5', 'D#3', 'D#5']	[True, False, True, False, False]	0.125	37
147.375	['A#2', 'A#4', 'C3', 'C4', 'D4', 'D#3', 'D#4']	[False, True, True, True, True, False, True]	0.125	37
147.5	['A#4', 'C3', 'D#3', 'G4']	[False, False, False, True]	0.125	37
147.625	['A#4', 'C3', 'C5', 'D#3', 'G3', 'G4']	[False, True, True, False, True, True]	0.125	37
147.75	['C3', 'D#3', 'G3']	[True, False, False]	0.125	37
147.875	['C3', 'C4', 'D#3', 'D#4', 'G3', 'G4']	[True, True, False, True, False, True]	0.125	37
148.0	['C3', 'C5', 'D#3', 'F4', 'G3', 'G4']	[False, True, False, True, False, True]	0.125	38
148.125	['C3', 'D#3', 'D#4', 'F4', 'G3', 'G4']	[True, False, True, False, False, True]	0.125	38
148.25	['C3', 'D#3', 'F4', 'G3']	[True, False, False, False]	0.125	38
148.375	['C3', 'C5', 'D#3', 'F4', 'G3']	[False, True, False, False, False]	0.125	38
148.5	['C3', 'C5', 'D#3', 'D#4', 'G3', 'G4']	[True, True, False, True, False, True]	0.125	38
148.625	['C3', 'C4', 'D#3', 'D#4', 'G3']	[False, True, False, True, False]	0.125	38
148.75	['A#2', 'A#4', 'C3', 'D#3', 'G3']	[True, True, False, False, False]	0.125	38
148.875	['A#2', 'C3', 'C4', 'D#3', 'D#4', 'G3', 'G4']	[False, False, True, False, True, False, True]	0.125	38
149.0	['C3', 'D#3', 'D#4', 'G3', 'G4']	[True, False, True, False, True]	0.125	38
149.125	['C3', 'C5', 'D#3', 'D#4', 'G3']	[False, True, False, True, False]	0.125	38
149.25	['C3', 'D#3', 'D#4', 'G3']	[False, False, True, False]	0.125	38
149.375	['A#4', 'C3', 'D3', 'D#3', 'D#4', 'G3']	[True, False, True, False, True, False]	0.125	38
149.5	['C3', 'D3', 'D#3', 'G3', 'G4']	[False, False, False, False, True]	0.125	38
149.625	['C3', 'C4', 'D4', 'D#3', 'G3']	[False, True, True, False, False]	0.125	38
149.75	['C3', 'C4', 'D#3', 'D#4', 'G3', 'G4']	[True, True, False, True, False, True]	0.125	38
149.875	['C3', 'C5', 'D#3', 'G3', 'G4']	[False, True, False, False, True]	0.125	38
150.0	['C3', 'C4', 'D#3', 'G3', 'G4']	[False, True, False, False, True]	0.125	38
150.125	['A#2', 'C3', 'C5', 'D#3', 'G3', 'G4']	[True, False, True, False, False, True]	0.125	38
150.25	['A#2', 'C3', 'C4', 'D4', 'D#3', 'G3']	[False, False, True, True, False, False]	0.125	38
150.375	['A#2', 'C3', 'D#3', 'D#4', 'G3']	[False, False, False, True, False]	0.125	38
150.5	['C3', 'C5', 'D#3', 'G2', 'G3', 'G4']	[False, True, False, True, False, True]	0.125	38
150.625	['C3', 'C4', 'D#3', 'G2', 'G3']	[False, True, False, False, False]	0.125	38
150.75	['C3', 'C5', 'D#3', 'D#4', 'G2', 'G3']	[False, True, False, True, False, False]	0.125	38
150.875	['C3', 'C4', 'D#3', 'D#4', 'F2', 'G3']	[False, True, False, True, True, False]	0.125	38
151.0	['C3', 'C5', 'D#3', 'F2', 'G3']	[False, True, False, False, False]	0.125	38
151.125	['C3', 'D#3', 'D#4', 'F2', 'G3', 'G4']	[False, False, True, False, False, True]	0.125	38
151.25	['C3', 'C4', 'D#2', 'D#3', 'G3']	[False, True, True, False, False]	0.125	38
151.375	['C3', 'C5', 'D#2', 'D#3', 'D#4', 'G3']	[False, True, False, False, True, False]	0.125	38
151.5	['C3', 'C4', 'D#2', 'D#3', 'D#4', 'G3']	[False, True, False, False, True, False]	0.125	38
151.625	['C3', 'C5', 'D#2', 'D#3', 'G3']	[False, True, False, False, False]	0.125	38
151.75	['C3', 'C4', 'D#3', 'G3', 'G4']	[False, True, False, False, True]	0.125	38
151.875	['A#4', 'C3', 'D2', 'D#3', 'D#4', 'G3']	[True, False, True, False, True, False]	0.125	38
152.0	['C3', 'D2', 'D#3', 'D#4', 'G3', 'G4', 'G#4']	[False, False, False, True, False, True, True]	0.125	39
152.125	['C3', 'D2', 'D#3', 'D#4', 'G3']	[False, False, False, True, False]	0.125	39
152.25	['C3', 'C5', 'D2', 'D#3', 'D#4', 'G3']	[False, True, False, False, True, False]	0.125	39
152.375	['C3', 'C4', 'D2', 'D#3', 'D#4', 'G3', 'G4']	[False, True, False, False, True, False, True]	0.125	39
152.5	['C3', 'C4', 'D2', 'D#3', 'G3']	[False, True, False, False, False]	0.125	39
152.625	['A#4', 'C3', 'D2', 'D#3', 'D#4', 'G3']	[True, False, False, False, True, False]	0.125	39
152.75	['C3', 'C5', 'D2', 'D#3', 'G3']	[False, True, False, False, False]	0.125	39
152.875	['C3', 'C4', 'D2', 'D#3', 'D#4', 'G3']	[False, True, False, False, True, False]	0.125	39
153.0	['A#4', 'C3', 'D2', 'D#3', 'D#4', 'G3']	[True, False, False, False, True, False]	0.125	39
153.125	['C3', 'C4', 'D2', 'D#3', 'D#4', 'G3']	[False, True, False, False, True, False]	0.125	39
153.25	['D2', 'G4']	[False, True]	0.125	39
153.375	['D2']	[False]	0.125	39
153.5		[]	0.5	39
153.625		[]	0.5	39
153.75		[]	0.5	39
153.875		[]	0.5	39
154.0	['C2', 'C3', 'C4', 'C5', 'C6', 'C7', 'D#4', 'G4']	[True, True, True, True, True, True, True, True]	0.875	39
154.125	['C2', 'C3', 'C4', 'C5', 'C6', 'C7', 'D#4', 'G4']	[False, False, False, False, False, False, False, False]	0.875	39
154.25	['C2', 'C3', 'C4', 'C5', 'C6', 'C7', 'D#4', 'G4']	[False, False, False, False, False, False, False, False]	0.875	39
154.375	['C2', 'C3', 'C4', 'C5', 'C6', 'C7', 'D#4', 'G4']	[False, False, False, False, False, False, False, False]	0.875	39
154.5	['C2', 'C3', 'C4', 'C5', 'C6', 'C7', 'D#4', 'G4']	[False, False, False, False, False, False, False, False]	0.875	39
154.625	['C2', 'C3', 'C4', 'C5', 'C6', 'C7', 'D#4', 'G4']	[False, False, False, False, False, False, False, False]	0.875	39
154.75	['C2', 'C3', 'C4', 'C5', 'C6', 'C7', 'D#4', 'G4']	[False, False, False, False, False, False, False, False]	0.875	39
154.875		[]	2.375	39
155.0		[]	2.375	39
155.125		[]	2.375	39
155.25		[]	2.375	39
155.375		[]	2.375	39
155.5		[]	2.375	39
155.625		[]	2.375	39
155.75		[]	2.375	39
155.875		[]	2.375	39
156.0		[]	2.375	40
156.125		[]	2.375	40
156.25		[]	2.375	40
156.375		[]	2.375	40
156.5		[]	2.375	40
156.625		[]	2.375	40
156.75		[]	2.375	40
156.875		[]	2.375	40
157.0		[]	2.375	40
157.125		[]	2.375	40
