j_offset	s_notes	s_isOnset	s_duration	s_measure
0.0		[]	1.75	1
0.125		[]	1.75	1
0.25		[]	1.75	1
0.375		[]	1.75	1
0.5		[]	1.75	1
0.625		[]	1.75	1
0.75		[]	1.75	1
0.875		[]	1.75	1
1.0		[]	1.75	1
1.125		[]	1.75	1
1.25		[]	1.75	1
1.375		[]	1.75	1
1.5		[]	1.75	1
1.625		[]	1.75	1
1.75	['C#2', 'C#4', 'F4', 'G#3', 'G#4']	[True, True, True, True, True]	0.125	1
1.875	['C#4', 'F4', 'G#3', 'G#4']	[False, False, False, False]	0.125	1
2.0	['C#2', 'C#4', 'F4', 'G#3', 'G#4']	[True, False, False, False, False]	0.5	1
2.125	['C#2', 'C#4', 'F4', 'G#3', 'G#4']	[False, False, False, False, False]	0.5	1
2.25	['C#2', 'C#4', 'F4', 'G#3', 'G#4']	[False, False, False, False, False]	0.5	1
2.375	['C#2', 'C#4', 'F4', 'G#3', 'G#4']	[True, False, False, False, False]	0.5	1
2.5	['C#4', 'F4', 'G#3', 'G#4']	[False, False, False, False]	0.125	1
2.625	['C#2', 'C#4', 'F4', 'G#3', 'G#4']	[True, True, False, False, False]	0.125	1
2.75	['C#4', 'F4', 'G#3']	[False, False, False]	0.125	1
2.875	['C#2', 'C#4', 'D#4', 'F4', 'G#3']	[True, False, True, False, False]	0.25	1
3.0	['C#2', 'C#4', 'D#4', 'F4', 'G#3']	[False, False, False, True, False]	0.25	1
3.125	['C#2', 'C#4', 'F4', 'G#3']	[False, False, False, False]	0.125	1
3.25	['C#2', 'C#4', 'F4', 'F#4', 'G#3']	[True, False, False, True, False]	0.125	1
3.375	['C#4', 'F4', 'F#4', 'G#3']	[False, False, False, False]	0.125	1
3.5	['F2', 'F4', 'G#4']	[True, True, True]	0.125	1
3.625	['F4', 'G#4']	[False, False]	0.125	1
3.75	['F2', 'F4', 'G#4']	[True, False, True]	0.125	1
3.875	['C5', 'F2', 'F4', 'G#4']	[True, False, False, False]	0.125	1
4.0	['C5', 'F2', 'G#4']	[False, False, False]	0.125	2
4.125	['C4', 'F2', 'F4', 'G#3', 'G#4']	[True, True, True, True, False]	0.25	2
4.25	['C4', 'F2', 'F4', 'G#3', 'G#4']	[False, False, False, False, False]	0.25	2
4.375	['C4', 'F4', 'G#1', 'G#3', 'G#4']	[False, False, True, False, False]	0.125	2
4.5	['G#1', 'G#4']	[False, False]	0.125	2
4.625	['A#1', 'C4', 'F4', 'G#3', 'G#4']	[True, True, True, True, False]	0.125	2
4.75	['A#1', 'C2', 'C4', 'C#4', 'F4', 'G#3', 'G#4']	[False, True, False, True, False, False, False]	0.125	2
4.875	['C2', 'C4', 'C#4', 'F4', 'G#3']	[False, False, False, False, False]	0.125	2
5.0	['C4', 'C#4', 'F2', 'F4', 'G#3']	[True, False, True, True, True]	0.125	2
5.125	['C4', 'C#4', 'F4', 'G#3']	[False, False, False, False]	0.125	2
5.25	['A#3', 'A#4', 'C#4', 'F#2', 'F#4']	[True, True, True, True, True]	0.75	2
5.375	['A#3', 'A#4', 'C#4', 'F#2', 'F#4']	[False, False, False, True, False]	0.75	2
5.5	['A#3', 'A#4', 'C#4', 'F#2', 'F#4']	[False, False, False, False, False]	0.75	2
5.625	['A#3', 'A#4', 'C#4', 'F#2', 'F#4']	[False, False, False, False, False]	0.75	2
5.75	['A#3', 'A#4', 'C#4', 'F#2', 'F#4']	[False, False, False, False, False]	0.75	2
5.875	['A#3', 'A#4', 'C#4', 'F#2', 'F#4']	[False, False, False, False, False]	0.75	2
6.0	['A#3', 'A#4', 'C#4', 'F#1', 'F#2', 'F#4']	[False, False, False, True, False, False]	0.125	2
6.125	['C4', 'D#4', 'F#4', 'G#2', 'G#4']	[True, True, True, True, True]	0.375	2
6.25	['C4', 'D#4', 'F#4', 'G#2', 'G#4']	[True, True, True, True, True]	0.375	2
6.375	['C4', 'D#4', 'F#4', 'G#2', 'G#4']	[False, False, False, False, False]	0.375	2
6.5	['A#4', 'C4', 'D#4', 'F#4', 'G#2', 'G#4']	[True, False, False, False, False, False]	0.25	2
6.625	['A#4', 'C4', 'D#4', 'F#4', 'G#2', 'G#4']	[False, False, False, False, False, False]	0.25	2
6.75	['C4', 'C5', 'D#4', 'F#4', 'G#2', 'G#4']	[False, True, False, False, True, False]	0.125	2
6.875	['C5']	[False]	0.125	2
7.0	['C#2', 'C#4', 'C#5', 'F4', 'G#3']	[True, True, True, True, True]	0.625	2
7.125	['C#2', 'C#4', 'C#5', 'F4', 'G#3']	[True, False, False, False, False]	0.625	2
7.25	['C#2', 'C#4', 'C#5', 'F4', 'G#3']	[False, False, False, False, False]	0.625	2
7.375	['C#2', 'C#4', 'C#5', 'F4', 'G#3']	[False, False, False, False, False]	0.625	2
7.5	['C#2', 'C#4', 'C#5', 'F4', 'G#3']	[False, False, False, False, False]	0.625	2
7.625	['C#4', 'C#5', 'F4', 'G#1', 'G#3']	[False, False, False, True, False]	0.125	2
7.75	['C#4', 'C#5', 'F4', 'G#3']	[False, False, False, False]	0.125	2
7.875	['A#1', 'C#4']	[True, True]	0.125	2
8.0	['A#1', 'A#3', 'C#2', 'C#4', 'F4']	[False, True, True, True, True]	0.125	3
8.125	['A#3', 'C#2', 'C#4', 'F4']	[False, False, False, False]	0.125	3
8.25	['A#1', 'A#3', 'C#4', 'F4']	[True, True, True, True]	0.125	3
8.375	['C#4']	[False]	0.125	3
8.5	['A#1', 'A#3', 'C#4', 'F4']	[True, True, True, True]	0.125	3
8.625	['C#4']	[False]	0.125	3
8.75	['A#4', 'C#4', 'D#2', 'D#4', 'F#4']	[True, True, True, True, True]	0.625	3
8.875	['A#4', 'C#4', 'D#2', 'D#4', 'F#4']	[True, True, True, True, True]	0.625	3
9.0	['A#4', 'C#4', 'D#2', 'D#4', 'F#4']	[False, False, False, False, False]	0.625	3
9.125	['A#4', 'C#4', 'D#2', 'D#4', 'F#4']	[False, False, False, False, False]	0.625	3
9.25	['A#4', 'C#4', 'D#2', 'D#4', 'F#4']	[False, False, False, False, False]	0.625	3
9.375	['A#4', 'C#4', 'D#2', 'D#4', 'F4', 'F#4']	[False, False, True, False, True, False]	0.125	3
9.5	['F#4', 'G#4']	[True, True]	0.125	3
9.625	['C4', 'D#4', 'F#4', 'G#2', 'G#4']	[True, True, True, True, True]	0.375	3
9.75	['C4', 'D#4', 'F#4', 'G#2', 'G#4']	[False, False, True, True, False]	0.375	3
9.875	['C4', 'D#4', 'F#4', 'G#2', 'G#4']	[False, False, False, False, False]	0.375	3
10.0	['C4', 'D#4', 'F4', 'F#4', 'G#2', 'G#4']	[False, False, True, False, False, False]	0.125	3
10.125	['C4', 'D#4', 'F#4', 'G#2', 'G#4']	[False, False, False, False, False]	0.25	3
10.25	['C4', 'D#4', 'F#4', 'G#2', 'G#4']	[False, True, False, False, False]	0.25	3
10.375	['C4', 'C#2', 'D#4', 'F4', 'F#4', 'G#1', 'G#2', 'G#4']	[False, True, False, True, False, True, False, False]	0.125	3
10.5	['C#2', 'F4']	[False, False]	0.125	3
10.625	['C#2', 'C#4', 'F4', 'G#3']	[True, True, True, True]	0.125	3
10.75	['C#2', 'F4']	[False, False]	0.125	3
10.875	['C#2', 'C#4', 'F4', 'G#3']	[False, True, True, True]	0.125	3
11.0	['C#2', 'F4']	[False, False]	0.125	3
11.125	['C#2', 'C#4', 'D#4', 'F4', 'G#3']	[True, True, True, True, True]	0.125	3
11.25	['A#1', 'A#3', 'C#4', 'F4', 'F#4']	[True, True, True, True, True]	0.25	3
11.375	['A#1', 'A#3', 'C#4', 'F4', 'F#4']	[False, False, False, False, False]	0.25	3
11.5	['A#1', 'A#3', 'C#4', 'F2', 'F4', 'F#4']	[False, False, False, True, True, False]	0.125	3
11.625	['A#3', 'C#4', 'F4']	[False, False, False]	0.125	3
11.75	['A#2', 'A#3', 'D#4']	[True, True, True]	0.125	3
11.875		[]	0.125	3
12.0	['A#1', 'C#4']	[True, True]	0.125	4
12.125	['C4', 'G#2']	[True, True]	0.25	4
12.25	['C4', 'G#2']	[False, False]	0.25	4
12.375	['C4', 'D#4', 'F#4', 'G#2', 'G#4']	[True, True, True, True, True]	0.125	4
12.5	['C4', 'G#2']	[False, False]	0.125	4
12.625	['C4', 'D#4', 'F#4', 'G#2', 'G#4']	[True, True, True, False, True]	0.125	4
12.75	['C4', 'G#2']	[False, False]	0.125	4
12.875	['C4', 'D#4', 'F#2', 'F#4', 'G#4']	[True, True, True, True, True]	0.125	4
13.0	['C4', 'C#2', 'C#4']	[False, True, True]	0.125	4
13.125	['C#4']	[False]	0.125	4
13.25	['C#2', 'C#4', 'D#4', 'F4']	[True, False, True, True]	0.25	4
13.375	['C#2', 'C#4', 'D#4', 'F4']	[False, False, False, False]	0.25	4
13.5	['A#1', 'A#3', 'F4']	[True, True, True]	0.125	4
13.625	['A#1', 'A#3', 'C#4', 'F4']	[False, False, True, False]	0.125	4
13.75	['A#1', 'A#3', 'C#4']	[False, False, True]	0.125	4
13.875	['A#1', 'A#3', 'A#4', 'C#4', 'D#2', 'D#4', 'F4', 'F#4']	[False, False, True, True, True, True, True, True]	0.125	4
14.0	['A#4', 'C#4', 'D#2', 'D#4', 'F4', 'F#4']	[False, False, False, False, False, False]	0.375	4
14.125	['A#4', 'C#4', 'D#2', 'D#4', 'F4', 'F#4']	[False, False, True, False, False, False]	0.375	4
14.25	['A#4', 'C#4', 'D#2', 'D#4', 'F4', 'F#4']	[False, False, False, False, False, False]	0.375	4
14.375	['C#4', 'D#2', 'F4']	[True, False, False]	0.125	4
14.5	['D#2', 'D#4', 'F4']	[False, True, False]	0.125	4
14.625	['A#4', 'D#4', 'F#4']	[True, True, True]	0.125	4
14.75	['C4', 'D#4', 'F#4', 'G#2', 'G#4']	[True, True, True, True, True]	0.125	4
14.875	['C4', 'D#4', 'F#4', 'G#4']	[False, False, False, False]	0.125	4
15.0	['C4', 'D#4', 'F#4', 'G#2', 'G#4']	[False, False, False, True, True]	0.125	4
15.125	['C4', 'D#4', 'F#4', 'G#4']	[False, False, False, False]	0.125	4
15.25	['A#4', 'C4', 'D#4', 'F#4', 'G#2', 'G#4']	[True, False, False, False, True, False]	0.125	4
15.375	['A#4', 'C4', 'D#2', 'D#4', 'F#4', 'G#2', 'G#4']	[False, False, True, False, False, False, False]	0.125	4
15.5	['C4', 'D#2', 'D#4', 'F#4', 'G#4']	[False, False, False, False, True]	0.125	4
15.625	['C#2', 'G#4']	[True, True]	0.25	4
15.75	['C#2', 'G#4']	[False, False]	0.25	4
15.875	['C#2', 'C#4', 'F4', 'G#3', 'G#4']	[True, True, True, True, False]	0.375	4
16.0	['C#2', 'C#4', 'F4', 'G#3', 'G#4']	[False, False, False, False, False]	0.375	5
16.125	['C#2', 'C#4', 'F4', 'G#3', 'G#4']	[False, False, False, False, False]	0.375	5
16.25	['C#1', 'C#2', 'C#4', 'F4', 'G#3', 'G#4']	[True, False, False, False, False, False]	0.125	5
16.375	['C#1', 'C#4', 'F4', 'G#3']	[False, False, False, False]	0.125	5
16.5	['C#1', 'C#2', 'C#4', 'F4', 'G#3']	[False, True, True, True, True]	0.125	5
16.625		[]	0.125	5
16.75	['C#2', 'C#4', 'D#4', 'F4', 'G#3']	[True, True, True, True, True]	0.25	5
16.875	['C#2', 'C#4', 'D#4', 'F4', 'G#3']	[False, False, False, True, False]	0.25	5
17.0	['C#2', 'C#4', 'F4', 'G#3']	[False, False, False, False]	0.125	5
17.125	['C#1', 'C#2', 'C#4', 'F4', 'F#4', 'G#1', 'G#3']	[True, False, False, False, True, True, False]	0.125	5
17.25	['C#4', 'F4', 'F#4', 'G#1', 'G#3']	[False, False, False, False, False]	0.125	5
17.375	['C#4', 'F2', 'F4', 'G#1', 'G#3', 'G#4']	[False, True, False, False, False, True]	0.125	5
17.5	['G#4']	[False]	0.125	5
17.625	['C4', 'F2', 'F4', 'G#3', 'G#4']	[True, True, True, True, False]	0.125	5
17.75	['F2', 'G#4']	[False, False]	0.125	5
17.875	['C4', 'F2', 'F4', 'G#3', 'G#4']	[True, False, True, True, False]	0.125	5
18.0	['C2', 'C4', 'F2', 'F4', 'G#3', 'G#4']	[True, True, False, True, True, False]	0.125	5
18.125	['C2', 'C4', 'F4', 'G#3', 'G#4']	[False, False, False, False, False]	0.125	5
18.25	['C2', 'C4', 'F2', 'F4', 'G#3', 'G#4']	[False, True, True, True, True, False]	0.125	5
18.375	['F2', 'G#4']	[False, False]	0.125	5
18.5	['C4', 'F2', 'F4', 'G#3', 'G#4']	[True, True, True, True, False]	0.125	5
18.625	['C4', 'F4', 'G#3', 'G#4']	[False, False, False, False]	0.125	5
18.75	['C4', 'C#4', 'F2', 'F4', 'G#3']	[False, True, True, False, False]	0.125	5
18.875	['C4', 'C#4', 'F2', 'F3', 'F4', 'G#3']	[False, False, True, True, False, False]	0.125	5
19.0	['C#4', 'F2', 'F3']	[False, False, False]	0.125	5
19.125	['A#3', 'A#4', 'C#4', 'F3', 'F#2', 'F#4']	[True, True, True, False, True, True]	0.125	5
19.25	['A#3', 'A#4', 'C#4', 'F#4']	[False, False, False, False]	0.125	5
19.375	['A#3', 'A#4', 'C#4', 'F#2', 'F#4']	[False, False, False, True, False]	0.375	5
19.5	['A#3', 'A#4', 'C#4', 'F#2', 'F#4']	[False, False, False, False, False]	0.375	5
19.625	['A#3', 'A#4', 'C#4', 'F#2', 'F#4']	[False, False, False, False, False]	0.375	5
19.75	['A#3', 'A#4', 'C#3', 'C#4', 'F#2', 'F#4']	[False, False, True, False, False, False]	0.125	5
19.875	['B2', 'A#3', 'A#4', 'C#4', 'F#4']	[True, False, False, False, False]	0.125	5
20.0	['A#4', 'F#4', 'G#2']	[False, True, True]	0.125	6
20.125	['F#4']	[False]	0.125	6
20.25	['C4', 'D#4', 'F#4', 'G#2', 'G#4']	[True, True, True, True, True]	0.25	6
20.375	['C4', 'D#4', 'F#4', 'G#2', 'G#4']	[True, True, True, False, True]	0.25	6
20.5	['A#4', 'C4', 'D#4', 'F#4', 'G#2', 'G#4']	[True, False, False, False, False, False]	0.125	6
20.625	['C4', 'C5', 'D#2', 'D#4', 'F#4', 'G#2', 'G#4']	[True, True, True, True, True, False, True]	0.125	6
20.75	['C5']	[False]	0.125	6
20.875	['C#2', 'C#4', 'C#5', 'F4', 'G#3']	[True, True, True, True, True]	0.125	6
21.0	['C#4', 'C#5', 'F4', 'G#3']	[False, False, False, False]	0.125	6
21.125	['C#2', 'C#4', 'C#5', 'F4', 'G#3']	[True, False, False, False, False]	0.375	6
21.25	['C#2', 'C#4', 'C#5', 'F4', 'G#3']	[False, False, False, False, False]	0.375	6
21.375	['C#2', 'C#4', 'C#5', 'F4', 'G#3']	[False, False, False, False, False]	0.375	6
21.5	['C#2', 'C#4', 'C#5', 'F4', 'G#1', 'G#3']	[False, False, False, False, True, False]	0.125	6
21.625	['C#4', 'C#5', 'F4', 'G#3']	[False, False, False, False]	0.125	6
21.75	['A#1', 'A#3', 'C#4', 'F4']	[True, True, True, True]	0.5	6
21.875	['A#1', 'A#3', 'C#4', 'F4']	[False, False, False, False]	0.5	6
22.0	['A#1', 'A#3', 'C#4', 'F4']	[True, False, False, False]	0.5	6
22.125	['A#1', 'A#3', 'C#4', 'F4']	[True, True, False, False]	0.5	6
22.25	['A#3']	[False]	0.125	6
22.375	['A#1', 'C#4']	[True, True]	0.125	6
22.5	['F4', 'F#4']	[True, True]	0.125	6
22.625	['D#2', 'F#4']	[True, False]	0.125	6
22.75	['F#4']	[False]	0.125	6
22.875	['A#4', 'C#4', 'D#2', 'D#4', 'F#4']	[True, True, True, True, True]	0.5	6
23.0	['A#4', 'C#4', 'D#2', 'D#4', 'F#4']	[True, True, False, True, True]	0.5	6
23.125	['A#4', 'C#4', 'D#2', 'D#4', 'F#4']	[False, False, False, False, False]	0.5	6
23.25	['A#4', 'C#4', 'D#2', 'D#4', 'F#4']	[True, True, True, True, True]	0.5	6
23.375	['F2', 'F#4']	[True, False]	0.125	6
23.5	['C4', 'D#4', 'F#4', 'G#2', 'G#4']	[True, True, True, True, True]	0.125	6
23.625	['F#4']	[True]	0.125	6
23.75	['C4', 'D#4', 'F#4', 'G#2', 'G#4']	[True, True, True, True, True]	0.125	6
23.875	['C4', 'D#4', 'F4', 'F#4', 'G#2', 'G#4']	[False, False, True, False, False, False]	0.25	6
24.0	['C4', 'D#4', 'F4', 'F#4', 'G#2', 'G#4']	[False, False, False, False, False, False]	0.25	7
24.125	['C2', 'C4', 'D#4', 'F#4', 'G#2', 'G#4']	[True, False, True, False, False, False]	0.125	7
24.25	['D#4']	[False]	0.125	7
24.375	['C#2', 'F4']	[True, True]	0.125	7
24.5	['F4']	[False]	0.125	7
24.625	['C#2', 'C#4', 'F4', 'G#3']	[True, True, True, True]	0.375	7
24.75	['C#2', 'C#4', 'F4', 'G#3']	[False, True, True, True]	0.375	7
24.875	['C#2', 'C#4', 'F4', 'G#3']	[False, False, False, False]	0.375	7
25.0	['C#2', 'C#4', 'D#4', 'F4', 'G#1', 'G#3']	[False, True, True, True, True, True]	0.125	7
25.125	['D#4', 'F4']	[False, True]	0.125	7
25.25	['A#1', 'A#3', 'C#4', 'F4', 'F#4']	[True, True, True, True, True]	0.25	7
25.375	['A#1', 'A#3', 'C#4', 'F4', 'F#4']	[True, False, False, False, False]	0.25	7
25.5	['A#1', 'A#3', 'C#4', 'F4']	[False, False, False, True]	0.125	7
25.625	['A#1', 'A#3', 'C#4', 'D#4', 'F4']	[True, False, False, True, False]	0.125	7
25.75	['A#1', 'A#3', 'C#4', 'F4']	[False, False, False, False]	0.125	7
25.875	['A#1', 'A#3', 'C#4', 'F1', 'F4']	[False, False, True, True, False]	0.125	7
26.0	['A#3', 'C#4', 'F4']	[False, False, False]	0.125	7
26.125	['A#4', 'C#4', 'D#2', 'D#4', 'F#4']	[True, True, True, True, True]	0.75	7
26.25	['A#4', 'C#4', 'D#2', 'D#4', 'F#4']	[True, True, True, True, True]	0.75	7
26.375	['A#4', 'C#4', 'D#2', 'D#4', 'F#4']	[False, False, False, False, False]	0.75	7
26.5	['A#4', 'C#4', 'D#2', 'D#4', 'F#4']	[False, False, False, False, False]	0.75	7
26.625	['A#4', 'C#4', 'D#2', 'D#4', 'F#4']	[False, False, False, False, False]	0.75	7
26.75	['A#4', 'C#4', 'D#2', 'D#4', 'F#4']	[False, False, True, False, False]	0.75	7
26.875	['D#2']	[True]	0.125	7
27.0	['F4', 'G#2']	[True, True]	0.125	7
27.125	['C4', 'D#4', 'F4', 'F#4', 'G#2', 'G#4']	[True, True, False, True, True, True]	0.125	7
27.25	['C4', 'D#4', 'F#4', 'G#2', 'G#4']	[False, False, False, False, False]	0.125	7
27.375	['C4', 'C#4', 'D#4', 'F#4', 'G#2', 'G#4']	[True, True, True, True, False, True]	0.25	7
27.5	['C4', 'C#4', 'D#4', 'F#4', 'G#2', 'G#4']	[False, False, False, False, False, False]	0.25	7
27.625	['C4', 'D#4', 'F2', 'F#4', 'G#4']	[True, True, True, True, True]	0.125	7
27.75	['C2']	[True]	0.125	7
27.875	['C#2', 'C#4']	[True, True]	0.125	7
28.0	['C#2', 'C#4', 'F4', 'G#3']	[True, True, True, True]	0.375	8
28.125	['C#2', 'C#4', 'F4', 'G#3']	[False, False, False, False]	0.375	8
28.25	['C#2', 'C#4', 'F4', 'G#3']	[False, True, True, True]	0.375	8
28.375	['C#2']	[False]	0.125	8
28.5	['C#4', 'D#4', 'F2', 'F4', 'G#3']	[True, True, True, True, True]	0.125	8
28.625	['G#4']	[True]	0.125	8
28.75	['C4', 'D#4', 'F#4', 'G#2', 'G#4']	[True, True, True, True, True]	0.125	8
28.875	['C4', 'D#2', 'D#4', 'F#4', 'G#2', 'G#4']	[False, True, False, False, False, False]	0.125	8
29.0	['C4', 'D#4', 'F#4', 'G#4']	[False, False, False, False]	0.125	8
29.125	['C4', 'D#4', 'F#3', 'F#4', 'G#2', 'G#4']	[False, False, True, False, True, False]	0.125	8
29.25	['G#3', 'G#4']	[True, False]	0.125	8
29.375	['C4', 'G#2']	[True, True]	0.125	8
29.5	['D#4', 'G#4']	[True, True]	0.125	8
29.625	['C#2', 'G#4']	[True, False]	0.125	8
29.75	['C#2', 'C#4', 'F4', 'G#3', 'G#4']	[True, True, True, True, False]	0.5	8
29.875	['C#2', 'C#4', 'F4', 'G#3', 'G#4']	[False, False, False, False, False]	0.5	8
30.0	['C#2', 'C#4', 'F4', 'G#3', 'G#4']	[True, False, False, False, False]	0.5	8
30.125	['C#2', 'C#4', 'F4', 'G#3', 'G#4']	[False, False, False, False, False]	0.5	8
30.25	['C#2', 'C#4', 'F4', 'F#4', 'G#3', 'G#4']	[True, False, False, True, False, False]	0.125	8
30.375	['C#2', 'C#4', 'F4', 'F#4', 'G#3']	[True, True, True, False, True]	0.125	8
30.5	['C#2', 'C#4', 'D#4', 'F4', 'G#3']	[False, True, True, False, False]	0.125	8
30.625	['C#2', 'C#4', 'F4', 'G#3']	[True, True, True, True]	0.125	8
30.75	['C#2', 'C#4', 'D#4', 'F4', 'G#3']	[False, False, True, False, False]	0.25	8
30.875	['C#2', 'C#4', 'D#4', 'F4', 'G#3']	[True, False, False, True, False]	0.25	8
31.0	['C#2', 'C#4', 'F4', 'G#3']	[False, False, False, False]	0.125	8
31.125	['C#2', 'C#4', 'F4', 'F#4', 'G#3']	[True, False, False, True, False]	0.125	8
31.25	['C4', 'C#4', 'F2', 'F4', 'F#4', 'G#1', 'G#3']	[True, False, True, True, False, True, True]	0.125	8
31.375	['C4', 'F2', 'F4', 'G#3', 'G#4']	[False, False, False, False, True]	0.875	8
31.5	['C4', 'F2', 'F4', 'G#3', 'G#4']	[False, True, False, False, False]	0.875	8
31.625	['C4', 'F2', 'F4', 'G#3', 'G#4']	[False, False, False, False, False]	0.875	8
31.75	['C4', 'F2', 'F4', 'G#3', 'G#4']	[False, True, False, False, False]	0.875	8
31.875	['C4', 'F2', 'F4', 'G#3', 'G#4']	[False, False, False, False, False]	0.875	8
32.0	['C4', 'F2', 'F4', 'G#3', 'G#4']	[False, True, False, False, False]	0.875	9
32.125	['C4', 'F2', 'F4', 'G#3', 'G#4']	[False, True, True, False, False]	0.875	9
32.25	['F2', 'F4', 'G#4']	[False, False, False]	0.375	9
32.375	['F2', 'F4', 'G#4']	[True, False, True]	0.375	9
32.5	['F2', 'F4', 'G#4']	[False, False, False]	0.375	9
32.625	['C5', 'C#4', 'F2', 'F4', 'G#4']	[True, True, True, False, False]	0.25	9
32.75	['C5', 'C#4', 'F2', 'F4', 'G#4']	[False, False, False, False, False]	0.25	9
32.875	['C2', 'C#4', 'F2', 'F5']	[True, False, True, True]	0.125	9
33.0	['A#3', 'A#4', 'C2', 'C#4', 'F5', 'F#2', 'F#4']	[True, True, False, True, False, True, True]	0.125	9
33.125	['A#3', 'A#4', 'C#4', 'F#2', 'F#4']	[False, False, False, False, False]	0.375	9
33.25	['A#3', 'A#4', 'C#4', 'F#2', 'F#4']	[False, False, False, True, False]	0.375	9
33.375	['A#3', 'A#4', 'C#4', 'F#2', 'F#4']	[False, False, False, False, False]	0.375	9
33.5	['A#4', 'F#2', 'F#4']	[False, True, True]	0.125	9
33.625	['A#4', 'F#2']	[False, False]	0.125	9
33.75	['A#4', 'C#5', 'F#1']	[True, True, True]	0.125	9
33.875	['A#4', 'C4', 'D#4', 'F#4', 'G#2', 'G#4']	[False, True, True, True, True, True]	0.125	9
34.0	['C4', 'D#4', 'F#4', 'G#2', 'G#4']	[False, False, False, False, False]	0.375	9
34.125	['C4', 'D#4', 'F#4', 'G#2', 'G#4']	[False, False, False, True, True]	0.375	9
34.25	['C4', 'D#4', 'F#4', 'G#2', 'G#4']	[False, False, False, False, False]	0.375	9
34.375	['A#4', 'C4', 'D#4', 'F#4', 'G#2', 'G#4']	[True, False, False, False, True, False]	0.125	9
34.5	['A#4', 'C4', 'C5', 'D#4', 'F#4', 'G#4']	[False, False, True, False, False, False]	0.125	9
34.625	['C4', 'C5', 'D#4', 'F#4', 'G#2', 'G#4']	[False, False, False, False, True, False]	0.125	9
34.75	['C5', 'C#2', 'C#4', 'C#5', 'F4', 'G#3']	[False, True, True, True, True, True]	0.125	9
34.875	['C#2', 'C#4', 'C#5', 'F4', 'G#3']	[False, False, False, False, False]	0.25	9
35.0	['C#2', 'C#4', 'C#5', 'F4', 'G#3']	[True, False, False, False, False]	0.25	9
35.125	['C#2', 'C#4', 'F4', 'G#3']	[False, False, False, False]	0.5	9
35.25	['C#2', 'C#4', 'F4', 'G#3']	[True, False, False, False]	0.5	9
35.375	['C#2', 'C#4', 'F4', 'G#3']	[False, False, False, False]	0.5	9
35.5	['C#2', 'C#4', 'F4', 'G#3']	[True, False, False, False]	0.5	9
35.625	['A#1', 'C#4']	[True, True]	0.25	9
35.75	['A#1', 'C#4']	[False, False]	0.25	9
35.875	['A#1', 'A#3', 'C#4', 'F4']	[True, True, True, True]	0.125	9
36.0	['A#1', 'C#4']	[False, False]	0.125	10
36.125	['A#1', 'A#3', 'C#4', 'F4']	[True, True, True, True]	0.125	10
36.25	['A#1', 'A#3', 'C#4', 'F1', 'F4']	[False, True, True, True, True]	0.25	10
36.375	['A#1', 'A#3', 'C#4', 'F1', 'F4']	[True, False, False, False, False]	0.25	10
36.5	['A#4', 'C#4', 'D#2', 'D#4', 'F#4']	[True, True, True, True, True]	0.125	10
36.625	['D#4', 'F#4']	[True, True]	0.125	10
36.75	['A#4', 'C#4', 'D#2', 'D#4', 'F#4']	[True, True, True, True, True]	0.625	10
36.875	['A#4', 'C#4', 'D#2', 'D#4', 'F#4']	[False, False, False, False, False]	0.625	10
37.0	['A#4', 'C#4', 'D#2', 'D#4', 'F#4']	[False, False, True, False, False]	0.625	10
37.125	['A#4', 'C#4', 'D#2', 'D#4', 'F#4']	[False, False, True, False, False]	0.625	10
37.25	['A#4', 'C#4', 'D#2', 'D#4', 'F#4']	[False, False, False, False, False]	0.625	10
37.375	['G#2', 'G#4']	[True, True]	0.25	10
37.5	['G#2', 'G#4']	[False, False]	0.25	10
37.625	['C4', 'D#4', 'F#4', 'G#2', 'G#4']	[True, True, True, True, True]	0.125	10
37.75	['G#2']	[False]	0.125	10
37.875	['C4', 'D#4', 'F4', 'F#4', 'G#2', 'G#4']	[True, True, True, True, True, True]	0.125	10
38.0	['C4', 'D#4', 'F#4', 'G#2', 'G#4']	[True, True, True, True, True]	0.125	10
38.125	['C4', 'C#4', 'D#4', 'F#4', 'G#2', 'G#4']	[False, True, False, False, False, False]	0.125	10
38.25	['C#2', 'C#4', 'F4', 'G#3']	[True, True, True, True]	0.125	10
38.375	['C#4', 'F4', 'G#3']	[False, False, False]	0.125	10
38.5	['C#2', 'C#4', 'F4', 'G#3']	[True, False, False, False]	0.125	10
38.625	['C#4', 'F4', 'G#3']	[False, False, False]	0.125	10
38.75	['C#2', 'C#4']	[True, True]	0.125	10
38.875	['C#2', 'F4', 'G#1']	[False, True, True]	0.125	10
39.0	['C#2', 'G#1', 'G#4']	[True, False, True]	0.125	10
39.125	['A#1', 'A#3', 'C#4', 'F4', 'F#4']	[True, True, True, True, True]	0.125	10
39.25	['A#1', 'F#4']	[False, False]	0.125	10
39.375	['A#1', 'A#3', 'C#4', 'F4']	[True, True, True, True]	0.125	10
39.5	['A#1', 'A#3', 'C#4', 'D#4', 'F4']	[False, False, False, True, False]	0.25	10
39.625	['A#1', 'A#3', 'C#4', 'D#4', 'F4']	[True, False, False, False, False]	0.25	10
39.75	['A#1', 'A#3', 'C#4', 'F4']	[True, False, True, False]	0.125	10
39.875	['A#1', 'C#4']	[False, False]	0.125	10
40.0	['A#4', 'C#4', 'D#2', 'D#4', 'F#4']	[True, True, True, True, True]	0.125	11
40.125		[]	0.125	11
40.25	['A#4', 'C#4', 'D#2', 'D#4', 'F#4']	[True, True, True, True, True]	0.375	11
40.375	['A#4', 'C#4', 'D#2', 'D#4', 'F#4']	[False, False, True, False, False]	0.375	11
40.5	['A#4', 'C#4', 'D#2', 'D#4', 'F#4']	[False, False, False, False, False]	0.375	11
40.625	['A#1', 'A#4', 'C#4', 'D#2', 'D#4', 'F#4']	[True, False, False, False, False, False]	0.125	11
40.75	['A#1', 'D#2']	[False, True]	0.125	11
40.875	['C4', 'D#4', 'F4', 'F#4', 'G#2', 'G#4']	[True, True, True, True, True, True]	0.125	11
41.0	['C4', 'D#4', 'F4', 'F#4', 'G#4']	[False, False, False, False, False]	0.125	11
41.125	['C4', 'D#4', 'F#4', 'G#2', 'G#4']	[False, True, False, True, False]	0.125	11
41.25	['C4', 'C#4', 'D#4', 'F#3', 'F#4', 'G#2', 'G#4']	[False, True, False, True, False, True, False]	0.125	11
41.375	['C#4', 'F#3', 'G#2', 'G#3']	[False, False, False, True]	0.125	11
41.5	['C4', 'D#2', 'D#4', 'G#2', 'G#3']	[True, True, True, False, False]	0.125	11
41.625	['D#2', 'D#4', 'G#2']	[False, True, True]	0.125	11
41.75	['C#2', 'C#4', 'F4', 'G#3']	[True, True, True, True]	0.125	11
41.875	['C#4', 'F4', 'G#3']	[False, False, False]	0.125	11
42.0	['C#2', 'C#4', 'F4', 'G#3']	[True, False, False, False]	0.25	11
42.125	['C#2', 'C#4', 'F4', 'G#3']	[True, True, False, False]	0.25	11
42.25	['C#2', 'C#4']	[False, False]	0.125	11
42.375	['C#2', 'F4']	[True, True]	0.125	11
42.5	['C#2', 'D#4', 'G#4']	[False, True, True]	0.125	11
42.625	['C4', 'D#4', 'F#4', 'G#2', 'G#4']	[True, True, True, True, True]	0.125	11
42.75	['C4', 'D#4', 'F#4', 'G#4']	[False, False, False, False]	0.125	11
42.875	['C4', 'D#4', 'F#4', 'G#2', 'G#4']	[False, False, False, True, False]	0.125	11
43.0	['C4', 'D#4', 'F#3', 'F#4', 'G#2', 'G#4']	[False, False, True, False, True, False]	0.125	11
43.125	['F#3', 'G#2', 'G#3']	[False, False, True]	0.125	11
43.25	['C4', 'C#4', 'D#4', 'G#1', 'G#2', 'G#3']	[True, True, True, True, False, False]	0.125	11
43.375	['D#4', 'F4', 'G#1']	[True, True, False]	0.125	11
43.5	['C#2', 'G#4']	[True, True]	0.125	11
43.625	['G#4']	[False]	0.125	11
43.75	['C#2', 'C#4', 'F4', 'G#3', 'G#4']	[True, True, True, True, False]	0.5	11
43.875	['C#2', 'C#4', 'F4', 'G#3', 'G#4']	[False, True, True, True, False]	0.5	11
44.0	['C#2', 'C#4', 'F4', 'G#3', 'G#4']	[False, False, False, False, False]	0.5	12
44.125	['C#2', 'C#4', 'F4', 'G#3', 'G#4']	[True, True, True, True, False]	0.5	12
44.25	['G#4']	[False]	0.125	12
44.375	['C#2', 'C#4', 'F4', 'G#3']	[True, True, True, True]	0.125	12
44.5	['D#4']	[True]	0.125	12
44.625	['C#2', 'C#4', 'D#4', 'F4', 'G#3']	[True, True, False, True, True]	0.125	12
44.75	['C#2', 'C#4', 'F4', 'G#3']	[False, False, True, False]	0.25	12
44.875	['C#2', 'C#4', 'F4', 'G#3']	[False, False, False, False]	0.25	12
45.0	['C#2', 'C#4', 'F4', 'F#4', 'G#3']	[True, False, False, True, False]	0.125	12
45.125	['C#3', 'F#4']	[True, False]	0.125	12
45.25	['F2', 'G#4']	[True, True]	0.125	12
45.375	['C4', 'F2', 'F4', 'G#3', 'G#4']	[True, True, True, True, False]	0.5	12
45.5	['C4', 'F2', 'F4', 'G#3', 'G#4']	[False, False, False, False, False]	0.5	12
45.625	['C4', 'F2', 'F4', 'G#3', 'G#4']	[False, False, False, False, False]	0.5	12
45.75	['C4', 'F2', 'F4', 'G#3', 'G#4']	[False, False, False, False, False]	0.5	12
45.875	['C2', 'C4', 'F4', 'G#3', 'G#4']	[True, False, False, False, False]	0.25	12
46.0	['C2', 'C4', 'F4', 'G#3', 'G#4']	[False, False, False, False, False]	0.25	12
46.125	['C4', 'F4', 'G#2', 'G#3', 'G#4']	[True, True, True, True, False]	0.125	12
46.25	['A#2', 'C4', 'F4', 'G#2', 'G#3', 'G#4']	[True, True, True, False, True, False]	0.125	12
46.375	['A#2', 'C4', 'F4', 'G#3', 'G#4']	[False, False, False, False, False]	0.125	12
46.5	['B2', 'C4', 'C#4', 'F4', 'G#3', 'G#4']	[True, False, True, False, False, False]	0.125	12
46.625	['B2', 'C4', 'C#4', 'F4', 'G#3']	[False, False, False, False, False]	0.125	12
46.75	['C3', 'C4', 'C#4', 'F4', 'G#3']	[True, False, False, False, False]	0.125	12
46.875	['C4', 'C#4', 'F4', 'G#3']	[False, False, False, False]	0.125	12
47.0	['A#3', 'A#4', 'C#4', 'F#2', 'F#4']	[True, True, True, True, True]	0.875	12
47.125	['A#3', 'A#4', 'C#4', 'F#2', 'F#4']	[False, False, False, True, False]	0.875	12
47.25	['A#3', 'A#4', 'C#4', 'F#2', 'F#4']	[False, False, False, False, False]	0.875	12
47.375	['A#3', 'A#4', 'C#4', 'F#2', 'F#4']	[False, False, False, False, False]	0.875	12
47.5	['A#3', 'A#4', 'C#4', 'F#2', 'F#4']	[False, False, False, False, False]	0.875	12
47.625	['A#3', 'A#4', 'C#4', 'F#2', 'F#4']	[False, False, False, True, False]	0.875	12
47.75	['A#3', 'A#4', 'C#4', 'F#2', 'F#4']	[False, False, False, True, False]	0.875	12
47.875	['C4', 'D#4', 'F#4', 'G#2', 'G#4']	[True, True, True, True, True]	0.375	12
48.0	['C4', 'D#4', 'F#4', 'G#2', 'G#4']	[False, False, False, True, False]	0.375	13
48.125	['C4', 'D#4', 'F#4', 'G#2', 'G#4']	[False, False, False, False, True]	0.375	13
48.25	['A#4', 'C4', 'D#4', 'F#3', 'F#4', 'G#2', 'G#4']	[True, False, False, True, False, False, False]	0.125	13
48.375	['A#4', 'G#2', 'G#3']	[False, False, True]	0.125	13
48.5	['C4', 'C5', 'F2', 'G#3']	[True, True, True, False]	0.125	13
48.625	['C5', 'C#5', 'D#4']	[False, True, True]	0.125	13
48.75	['C#2', 'C#4', 'C#5', 'F4', 'G#3']	[True, True, False, True, True]	0.625	13
48.875	['C#2', 'C#4', 'C#5', 'F4', 'G#3']	[True, False, False, False, False]	0.625	13
49.0	['C#2', 'C#4', 'C#5', 'F4', 'G#3']	[False, False, False, False, False]	0.625	13
49.125	['C#2', 'C#4', 'C#5', 'F4', 'G#3']	[False, False, False, False, False]	0.625	13
49.25	['C#2', 'C#4', 'C#5', 'F4', 'G#3']	[False, False, False, False, False]	0.625	13
49.375	['C#4', 'C#5', 'F4', 'G#1', 'G#3']	[False, False, False, True, False]	0.125	13
49.5	['C#4', 'C#5', 'F4', 'G#3']	[False, False, False, False]	0.125	13
49.625	['A#1', 'A#3', 'C#4', 'F4']	[True, True, True, True]	0.25	13
49.75	['A#1', 'A#3', 'C#4', 'F4']	[True, True, True, True]	0.25	13
49.875	['A#3', 'C#4', 'F4']	[False, False, False]	0.125	13
50.0	['A#1', 'A#3', 'C#4', 'F4']	[True, False, False, False]	0.125	13
50.125	['A#3', 'C#4', 'F4']	[False, False, False]	0.125	13
50.25	['A#1', 'A#3', 'C#4', 'F4']	[True, False, False, False]	0.125	13
50.375	['A#4', 'C#4', 'D#2', 'D#4', 'F#4']	[True, True, True, True, True]	0.875	13
50.5	['A#4', 'C#4', 'D#2', 'D#4', 'F#4']	[False, False, False, False, True]	0.875	13
50.625	['A#4', 'C#4', 'D#2', 'D#4', 'F#4']	[True, True, True, True, True]	0.875	13
50.75	['A#4', 'C#4', 'D#2', 'D#4', 'F#4']	[False, False, False, False, False]	0.875	13
50.875	['A#4', 'C#4', 'D#2', 'D#4', 'F#4']	[False, False, False, False, False]	0.875	13
51.0	['A#4', 'C#4', 'D#2', 'D#4', 'F#4']	[False, False, False, False, False]	0.875	13
51.125	['A#4', 'C#4', 'D#2', 'D#4', 'F#4']	[False, False, False, False, False]	0.875	13
51.25	['C4', 'D#4', 'F#4', 'G#2', 'G#4']	[True, True, True, True, True]	0.5	13
51.375	['C4', 'D#4', 'F#4', 'G#2', 'G#4']	[False, False, False, False, False]	0.5	13
51.5	['C4', 'D#4', 'F#4', 'G#2', 'G#4']	[False, False, True, True, False]	0.5	13
51.625	['C4', 'D#4', 'F#4', 'G#2', 'G#4']	[False, False, False, False, False]	0.5	13
51.75	['F4', 'F#3', 'G#2']	[True, True, False]	0.125	13
51.875	['G#2', 'G#3']	[False, True]	0.125	13
52.0	['C4', 'D#4', 'G#2']	[True, True, True]	0.125	14
52.125	['C#2', 'C#4', 'F4', 'G#3']	[True, True, True, True]	0.75	14
52.25	['C#2', 'C#4', 'F4', 'G#3']	[False, False, True, False]	0.75	14
52.375	['C#2', 'C#4', 'F4', 'G#3']	[True, False, False, False]	0.75	14
52.5	['C#2', 'C#4', 'F4', 'G#3']	[False, False, False, False]	0.75	14
52.625	['C#2', 'C#4', 'F4', 'G#3']	[False, False, False, False]	0.75	14
52.75	['C#2', 'C#4', 'F4', 'G#3']	[False, False, False, False]	0.75	14
52.875	['C#1', 'C#2', 'C#4', 'F4', 'G#3']	[True, False, False, False, False]	0.125	14
53.0	['A#1', 'C#4', 'F4', 'G#3']	[True, False, False, False]	0.125	14
53.125	['F#4']	[True]	0.125	14
53.25	['A#1', 'A#3', 'C#4', 'F4', 'F#4']	[True, True, True, True, False]	0.125	14
53.375		[]	0.125	14
53.5	['A#1', 'A#3', 'C#4', 'D#4', 'F4']	[True, True, True, True, True]	0.125	14
53.625	['A#1']	[False]	0.125	14
53.75	['A#3', 'C#4', 'F1', 'F4']	[True, True, True, True]	0.125	14
53.875	['A#4', 'C#4', 'D#2', 'D#4', 'F#4']	[True, True, True, True, True]	0.5	14
54.0	['A#4', 'C#4', 'D#2', 'D#4', 'F#4']	[False, False, False, False, False]	0.5	14
54.125	['A#4', 'C#4', 'D#2', 'D#4', 'F#4']	[False, False, True, False, False]	0.5	14
54.25	['A#4', 'C#4', 'D#2', 'D#4', 'F#4']	[False, False, False, False, False]	0.5	14
54.375	['C#4', 'D#2']	[True, False]	0.125	14
54.5	['D#2', 'D#4']	[False, True]	0.125	14
54.625	['A#4', 'F#4']	[True, True]	0.125	14
54.75	['C4', 'D#4', 'F4', 'F#4', 'G#2', 'G#4']	[True, True, True, True, True, True]	0.375	14
54.875	['C4', 'D#4', 'F4', 'F#4', 'G#2', 'G#4']	[False, False, False, False, False, False]	0.375	14
55.0	['C4', 'D#4', 'F4', 'F#4', 'G#2', 'G#4']	[False, True, False, False, True, False]	0.375	14
55.125	['C4', 'D#4', 'F#4', 'G#2', 'G#4']	[False, False, False, False, False]	0.125	14
55.25	['C#4', 'F#3', 'G#2']	[True, True, False]	0.125	14
55.375	['C4', 'C#4', 'F2', 'G#2', 'G#3']	[True, False, True, False, True]	0.125	14
55.5	['C2', 'C4', 'D#4']	[True, False, True]	0.125	14
55.625	['C#2', 'C#4', 'F4', 'G#3']	[True, True, True, True]	0.125	14
55.75	['C#4', 'F4', 'G#3']	[False, False, False]	0.125	14
55.875	['C#2', 'C#4', 'F4', 'G#3']	[True, False, False, False]	0.375	14
56.0	['C#2', 'C#4', 'F4', 'G#3']	[False, False, False, False]	0.375	15
56.125	['C#2', 'C#4', 'F4', 'G#3']	[False, False, False, False]	0.375	15
56.25	['C#2', 'C#4', 'F4', 'G#2', 'G#3']	[False, False, False, True, False]	0.125	15
56.375	['C#4', 'F4', 'G#3']	[False, False, False]	0.125	15
56.5	['G#2']	[True]	0.25	15
56.625	['G#2']	[False]	0.25	15
56.75	['C4', 'D#4', 'F#4', 'G#2', 'G#4']	[True, True, True, True, True]	0.125	15
56.875		[]	0.125	15
57.0	['C4', 'D#4', 'F#4', 'G#2', 'G#4']	[True, True, True, True, True]	0.25	15
57.125	['C4', 'D#4', 'F#4', 'G#2', 'G#4']	[True, True, True, True, True]	0.25	15
57.25	['C4', 'D#4', 'F#4', 'G#4']	[False, False, False, False]	0.125	15
57.375	['C4', 'D#4', 'F#4', 'G#2', 'G#4']	[True, True, True, True, True]	0.125	15
57.5		[]	0.125	15
57.625	['C4', 'D#4', 'F#4', 'G#2', 'G#4']	[True, True, True, True, True]	0.25	15
57.75	['C4', 'D#4', 'F#4', 'G#2', 'G#4']	[False, False, False, False, False]	0.25	15
57.875	['C#4', 'F4', 'F#2', 'G#4']	[True, True, True, True]	0.375	15
58.0	['C#4', 'F4', 'F#2', 'G#4']	[True, True, True, True]	0.375	15
58.125	['C#4', 'F4', 'F#2', 'G#4']	[False, False, False, False]	0.375	15
58.25	['C4', 'C#4', 'D#4', 'F2', 'F4', 'F#2', 'F#4', 'G#4']	[True, False, True, True, False, False, True, True]	0.125	15
58.375		[]	0.125	15
58.5	['C4', 'D#4', 'F2', 'F#4', 'G#4']	[True, True, True, True, True]	0.125	15
58.625	['C4', 'D#4', 'F#4', 'G#4']	[False, False, False, False]	0.125	15
58.75	['C#4', 'D#2', 'F4', 'G#4']	[True, True, True, True]	0.375	15
58.875	['C#4', 'D#2', 'F4', 'G#4']	[True, True, True, True]	0.375	15
59.0	['C#4', 'D#2', 'F4', 'G#4']	[False, False, False, False]	0.375	15
59.125	['C4', 'D#4', 'F#4', 'G#2', 'G#4']	[True, True, True, True, True]	0.125	15
59.25	['C4', 'D#4', 'F#4', 'G#4']	[False, False, False, False]	0.125	15
59.375	['D#2']	[True]	0.125	15
59.5		[]	0.125	15
59.625	['F2']	[True]	0.125	15
59.75	['C4', 'D#4', 'F2', 'F#4', 'G#2', 'G#4']	[True, True, False, True, True, True]	0.125	15
59.875	['C4', 'D#4', 'F#4', 'G#2', 'G#4']	[False, False, False, False, False]	0.5	15
60.0	['C4', 'D#4', 'F#4', 'G#2', 'G#4']	[False, False, False, False, False]	0.5	16
60.125	['C4', 'D#4', 'F#4', 'G#2', 'G#4']	[False, False, False, False, False]	0.5	16
60.25	['C4', 'D#4', 'F#4', 'G#2', 'G#4']	[False, False, False, False, False]	0.5	16
60.375	['G#2']	[False]	0.125	16
60.5		[]	0.375	16
60.625		[]	0.375	16
60.75		[]	0.375	16
