j_offset	s_notes	s_isOnset	s_duration	s_measure
0.0	['A#4', 'C#2', 'C#4', 'F4', 'G#3', 'G#4']	[True, True, True, True, True, True]	0.125	1
0.125	['A#4', 'C#2', 'G#4']	[False, False, False]	0.125	1
0.25	['A#4', 'C#2', 'C#4', 'F4', 'G#3', 'G#4']	[False, True, True, True, True, False]	0.375	1
0.375	['A#4', 'C#2', 'C#4', 'F4', 'G#3', 'G#4']	[False, True, False, False, False, False]	0.375	1
0.5	['A#4', 'C#2', 'C#4', 'F4', 'G#3', 'G#4']	[False, False, False, False, False, False]	0.375	1
0.625	['A#4', 'C#2', 'C#4', 'F4', 'G#3']	[False, True, False, False, False]	0.125	1
0.75	['C#2', 'C#4', 'E4', 'A4', 'G#3', 'G#4']	[True, True, True, True, True, True]	0.375	1
0.875	['C#2', 'C#4', 'E4', 'A4', 'G#3', 'G#4']	[False, False, False, False, False, False]	0.375	1
1.0	['C#2', 'C#4', 'E4', 'A4', 'G#3', 'G#4']	[True, True, True, False, True, False]	0.375	1
1.125	['C#4', 'E4', 'A4', 'G#3', 'G#4']	[False, False, False, False, False]	0.125	1
1.25	['C#2', 'C#4', 'E4', 'A4', 'G#3', 'G#4']	[True, False, False, False, False, False]	0.125	1
1.375	['C#2', 'C#4', 'E4', 'G#1', 'G#3', 'G#4']	[False, False, False, True, False, True]	0.125	1
1.5	['C#2', 'G#1', 'G#4']	[True, False, False]	0.125	1
1.625	['C5', 'D#4', 'G#2', 'G#3', 'G#4']	[True, True, True, True, True]	0.125	1
1.75	['C4', 'C5', 'D#4', 'G#2', 'G#3', 'G#4']	[True, False, False, True, False, False]	0.375	1
1.875	['C4', 'C5', 'D#4', 'G#2', 'G#3', 'G#4']	[False, False, False, False, False, False]	0.375	1
2.0	['C4', 'C5', 'D#4', 'G#2', 'G#3', 'G#4']	[False, False, True, True, False, False]	0.375	1
2.125	['C5', 'D#4', 'G#2', 'G#4']	[False, False, False, False]	0.125	1
2.25	['C4', 'C5', 'D#4', 'G#2', 'G#3', 'G#4']	[True, False, True, True, True, False]	0.25	1
2.375	['C4', 'C5', 'D#4', 'G#2', 'G#3', 'G#4']	[False, False, False, True, False, False]	0.25	1
2.5	['C5', 'D#4', 'G#2', 'G#4']	[False, False, False, False]	0.125	1
2.625	['C4', 'C5', 'D#4', 'G#2', 'G#3', 'G#4']	[True, False, True, True, True, False]	0.125	1
2.75	['A#4', 'C4', 'C5', 'D#4', 'G#2', 'G#3', 'G#4']	[True, False, False, False, True, False, False]	0.125	1
2.875	['A#4', 'C4', 'D#4', 'G#2', 'G#3']	[False, False, False, False, False]	0.125	1
3.0	['C4', 'D#4', 'G#2', 'G#3', 'G#4']	[True, True, True, True, True]	0.125	1
3.125	['A#4', 'C4', 'D#2', 'D#4', 'G#2', 'G#3', 'G#4']	[True, False, True, False, False, False, False]	0.125	1
3.25	['A#4', 'C#2', 'C#4', 'F4', 'G#3', 'G#4']	[False, True, True, True, True, True]	0.5	1
3.375	['A#4', 'C#2', 'C#4', 'F4', 'G#3', 'G#4']	[False, True, False, False, False, False]	0.5	1
3.5	['A#4', 'C#2', 'C#4', 'F4', 'G#3', 'G#4']	[False, False, False, False, False, False]	0.5	1
3.625	['A#4', 'C#2', 'C#4', 'F4', 'G#3', 'G#4']	[True, True, False, False, False, False]	0.5	1
3.75	['A#4', 'C#1', 'C#2', 'C#4', 'F4', 'G#3']	[False, True, False, False, False, False]	0.125	1
3.875	['A#4', 'C#1', 'C#4', 'F4', 'G#3']	[False, False, False, False, False]	0.125	1
4.0	['C#2', 'C#4', 'E4', 'A4', 'G#3', 'G#4']	[True, True, True, True, True, True]	0.125	2
4.125	['C#4', 'E4', 'A4', 'G#3', 'G#4']	[False, False, False, False, False]	0.125	2
4.25	['C#2', 'C#4', 'E4', 'A4', 'G#3', 'G#4']	[True, False, False, False, False, False]	0.25	2
4.375	['C#2', 'C#4', 'E4', 'A4', 'G#3', 'G#4']	[True, False, False, False, False, False]	0.25	2
4.5	['C#2', 'C#4', 'E4', 'A4', 'G#3']	[False, False, False, True, False]	0.125	2
4.625	['C#1', 'C#4', 'E4', 'G#3', 'G#4']	[True, False, False, False, True]	0.125	2
4.75	['C5', 'C#4', 'E4', 'D#4', 'G#2', 'G#3', 'G#4']	[True, False, False, True, True, False, True]	0.125	2
4.875	['C5', 'D#4', 'G#2', 'G#4']	[False, False, False, False]	0.125	2
5.0	['C4', 'C5', 'D#4', 'G#2', 'G#3', 'G#4']	[True, False, True, True, True, False]	0.125	2
5.125	['C5', 'D#4', 'G#2', 'G#4']	[False, False, False, False]	0.125	2
5.25	['C4', 'C5', 'D#4', 'G#2', 'G#3', 'G#4']	[True, False, True, True, True, False]	0.25	2
5.375	['C4', 'C5', 'D#4', 'G#2', 'G#3', 'G#4']	[True, False, True, True, True, False]	0.25	2
5.5	['C5', 'D#4', 'G#2', 'G#4']	[False, False, False, False]	0.125	2
5.625	['C4', 'C5', 'D#4', 'G#2', 'G#3', 'G#4']	[True, False, True, True, True, False]	0.375	2
5.75	['C4', 'C5', 'D#4', 'G#2', 'G#3', 'G#4']	[True, False, True, True, True, False]	0.375	2
5.875	['C4', 'C5', 'D#4', 'G#2', 'G#3', 'G#4']	[False, False, False, False, False, False]	0.375	2
6.0	['A#4', 'C4', 'C5', 'D#4', 'G#2', 'G#3', 'G#4']	[True, False, False, False, True, False, False]	0.125	2
6.125	['C4', 'D#4', 'G#2', 'G#3', 'G#4']	[False, False, False, False, True]	0.125	2
6.25	['C4', 'D#2', 'D#4', 'G#2', 'G#3', 'G#4']	[False, True, False, True, False, False]	0.125	2
6.375	['C#2', 'C#4', 'F4', 'G#3', 'G#4']	[True, True, True, True, True]	0.125	2
6.5	['C#4', 'F4', 'G#3', 'G#4']	[False, False, False, False]	0.125	2
6.625	['C#2', 'C#4', 'C#5', 'F4', 'G#3', 'G#4']	[True, False, True, False, False, False]	0.25	2
6.75	['C#2', 'C#4', 'C#5', 'F4', 'G#3', 'G#4']	[True, False, False, False, False, False]	0.25	2
6.875	['C#2', 'C#4', 'F4', 'G#3']	[False, False, False, False]	0.125	2
7.0	['C5', 'C#2', 'C#4', 'F4', 'G#3']	[True, True, False, False, False]	0.125	2
7.125	['C5', 'C#4', 'E4', 'F4', 'G4', 'G#3']	[False, False, True, False, True, False]	0.125	2
7.25	['C2', 'C4', 'C5', 'E4', 'G4']	[True, True, False, False, False]	0.125	2
7.375	['A#3', 'C2', 'C4', 'C5', 'E4', 'G4']	[True, True, True, False, True, True]	0.125	2
7.5	['C2', 'C4', 'C5', 'E4', 'G4']	[False, False, True, False, False]	0.125	2
7.625	['A#3', 'C2', 'C4', 'C5', 'E4', 'G4']	[True, True, True, False, True, True]	0.25	2
7.75	['A#3', 'C2', 'C4', 'C5', 'E4', 'G4']	[True, True, True, True, True, True]	0.25	2
7.875	['C2', 'C5']	[False, False]	0.125	2
8.0	['A#1', 'A#3', 'A#4', 'C#4', 'F4']	[True, True, True, True, True]	0.375	3
8.125	['A#1', 'A#3', 'A#4', 'C#4', 'F4']	[False, False, False, False, False]	0.375	3
8.25	['A#1', 'A#3', 'A#4', 'C#4', 'F4']	[True, False, False, False, False]	0.375	3
8.375	['A#1', 'A#3', 'A#4', 'C5', 'C#4', 'F4']	[True, True, False, True, False, False]	0.125	3
8.5	['A#1', 'C5']	[False, False]	0.125	3
8.625	['A#1', 'A#4', 'C#4']	[True, True, True]	0.125	3
8.75	['A#1', 'A#3', 'A#4', 'D4', 'G#4']	[True, True, False, True, True]	0.25	3
8.875	['A#1', 'A#3', 'A#4', 'D4', 'G#4']	[False, True, False, False, False]	0.25	3
9.0	['A#1', 'A#3', 'D4', 'G#4']	[True, False, False, True]	0.125	3
9.125	['A#1', 'A#3', 'D4', 'F#4', 'G#4']	[False, False, False, True, False]	0.125	3
9.25	['A#1', 'A#3', 'F#4', 'G#4']	[True, True, False, False]	0.125	3
9.375	['A#1', 'D4', 'F#4']	[True, True, False]	0.125	3
9.5	['A#1', 'F4', 'F#4']	[False, True, False]	0.125	3
9.625	['A#4', 'D#2', 'D#4', 'F4', 'G4', 'A4']	[True, True, True, True, True, True]	0.125	3
9.75	['A#3', 'A#4', 'D#2', 'D#4', 'F4', 'G4']	[True, False, True, True, False, True]	0.375	3
9.875	['A#3', 'A#4', 'D#2', 'D#4', 'F4', 'G4']	[False, False, False, False, False, False]	0.375	3
10.0	['A#3', 'A#4', 'D#2', 'D#4', 'F4', 'G4']	[True, False, True, True, False, True]	0.375	3
10.125	['D#2', 'D#4', 'F4']	[False, False, False]	0.125	3
10.25	['A#3', 'D#2', 'D#4', 'F4', 'G4']	[True, True, True, False, True]	0.125	3
10.375	['C4', 'C5', 'D#4', 'F4', 'G#2', 'G#3', 'G#4']	[True, True, True, True, True, True, True]	0.125	3
10.5	['C5', 'G#4']	[False, False]	0.125	3
10.625	['C4', 'C5', 'D#4', 'G#2', 'G#3', 'G#4']	[True, False, True, True, True, False]	0.25	3
10.75	['C4', 'C5', 'D#4', 'G#2', 'G#3', 'G#4']	[False, False, False, True, False, False]	0.25	3
10.875	['C4', 'D#4', 'G#2', 'G#3']	[False, False, False, False]	0.125	3
11.0	['C4', 'C#4', 'D#2', 'D#4', 'G#2', 'G#3']	[False, True, True, False, False, False]	0.125	3
11.125	['C#4', 'F4', 'G#2', 'G#4']	[True, True, True, True]	0.125	3
11.25	['C#1', 'C#2', 'C#4', 'F4', 'G#3', 'G#4']	[True, True, True, True, True, False]	0.25	3
11.375	['C#1', 'C#2', 'C#4', 'F4', 'G#3', 'G#4']	[False, True, False, False, False, False]	0.25	3
11.5	['C#4', 'F4', 'G#3', 'G#4']	[False, False, False, False]	0.125	3
11.625	['C#2', 'C#4', 'F4', 'G#3', 'G#4']	[True, False, False, False, False]	0.375	3
11.75	['C#2', 'C#4', 'F4', 'G#3', 'G#4']	[True, False, False, False, False]	0.375	3
11.875	['C#2', 'C#4', 'F4', 'G#3', 'G#4']	[False, False, False, False, False]	0.375	3
12.0	['C#2', 'C#4', 'F4', 'G#4']	[True, True, False, False]	0.125	4
12.125	['C#4', 'F4', 'G#4']	[False, False, False]	0.125	4
12.25	['C#2', 'C#4', 'F4', 'G#4']	[True, False, True, False]	0.375	4
12.375	['C#2', 'C#4', 'F4', 'G#4']	[True, False, False, True]	0.375	4
12.5	['C#2', 'C#4', 'F4', 'G#4']	[False, False, False, False]	0.375	4
12.625	['C#2', 'C#5']	[True, True]	0.125	4
12.75	['A#4', 'C#2', 'C#4', 'C#5', 'F4', 'G#3', 'G#4']	[True, True, True, False, True, True, True]	0.125	4
12.875	['A#4', 'C#2', 'C#4', 'F4', 'G#3', 'G#4']	[False, False, True, False, False, False]	0.25	4
13.0	['A#4', 'C#2', 'C#4', 'F4', 'G#3', 'G#4']	[False, True, True, True, True, False]	0.25	4
13.125	['A#4', 'C#4', 'F4', 'G#3', 'G#4']	[False, False, False, False, False]	0.125	4
13.25	['A#4', 'C#2', 'C#4', 'F4', 'G#3', 'G#4']	[False, True, False, False, False, False]	0.125	4
13.375	['A#4', 'C#2', 'C#4', 'F4', 'G#1', 'G#3']	[False, False, False, False, True, False]	0.125	4
13.5	['A#4', 'C#2', 'G#1']	[False, True, False]	0.125	4
13.625	['C#2', 'C#4', 'E4', 'A4', 'G#4']	[True, True, True, True, True]	0.125	4
13.75	['C#2', 'C#4', 'E4', 'A4', 'G#3', 'G#4']	[True, True, True, False, True, False]	0.25	4
13.875	['C#2', 'C#4', 'E4', 'A4', 'G#3', 'G#4']	[False, False, False, False, False, False]	0.25	4
14.0	['C#2', 'C#4', 'E4', 'A4', 'G#3']	[True, True, True, False, True]	0.125	4
14.125	['C#2']	[False]	0.125	4
14.25	['C5', 'C#2', 'C#4', 'E4', 'D#4', 'G#3', 'G#4']	[True, True, True, True, True, True, True]	0.125	4
14.375	['C5', 'D#4', 'G#2', 'G#4']	[False, False, True, False]	0.25	4
14.5	['C5', 'D#4', 'G#2', 'G#4']	[False, False, False, False]	0.25	4
14.625	['C4', 'C5', 'D#4', 'G#2', 'G#3', 'G#4']	[True, False, True, True, True, False]	1.0	4
14.75	['C4', 'C5', 'D#4', 'G#2', 'G#3', 'G#4']	[False, False, False, True, False, False]	1.0	4
14.875	['C4', 'C5', 'D#4', 'G#2', 'G#3', 'G#4']	[False, False, False, False, False, False]	1.0	4
15.0	['C4', 'C5', 'D#4', 'G#2', 'G#3', 'G#4']	[False, False, False, True, False, False]	1.0	4
15.125	['C4', 'C5', 'D#4', 'G#2', 'G#3', 'G#4']	[False, False, False, False, False, False]	1.0	4
15.25	['C4', 'C5', 'D#4', 'G#2', 'G#3', 'G#4']	[True, False, True, True, True, False]	1.0	4
15.375	['C4', 'C5', 'D#4', 'G#2', 'G#3', 'G#4']	[True, False, True, True, True, False]	1.0	4
15.5	['C4', 'C5', 'D#4', 'G#2', 'G#3', 'G#4']	[False, False, False, False, False, False]	1.0	4
15.625	['A#4', 'C4', 'C5', 'D#4', 'G#2', 'G#3']	[True, False, False, False, True, False]	0.125	4
15.75	['A#4', 'C4', 'D#4', 'G#2', 'G#3', 'G#4']	[False, False, False, True, False, True]	0.125	4
15.875	['C4', 'D#2', 'D#4', 'G#2', 'G#3', 'G#4']	[False, True, False, False, False, False]	0.125	4
16.0	['A#4', 'C#2', 'C#4', 'F4', 'G#3', 'G#4']	[True, True, True, True, True, True]	0.125	5
16.125	['A#4', 'C#2', 'G#4']	[False, False, False]	0.125	5
16.25	['A#4', 'C#2', 'C#4', 'F4', 'G#3', 'G#4']	[False, True, True, True, True, False]	0.25	5
16.375	['A#4', 'C#2', 'C#4', 'F4', 'G#3', 'G#4']	[True, True, False, False, False, False]	0.25	5
16.5	['A#4', 'C#2', 'C#4', 'F4', 'G#3']	[False, False, False, False, False]	0.25	5
16.625	['A#4', 'C#2', 'C#4', 'F4', 'G#3']	[False, True, False, False, False]	0.25	5
16.75	['C#2', 'C#4', 'E4', 'A4', 'G#4']	[True, True, True, True, True]	0.25	5
16.875	['C#2', 'C#4', 'E4', 'A4', 'G#4']	[False, False, False, False, False]	0.25	5
17.0	['C#2', 'C#4', 'E4', 'A4', 'G#3', 'G#4']	[True, True, True, False, True, False]	0.125	5
17.125	['C#2', 'C#4', 'E4', 'A4', 'G#4']	[False, False, False, True, False]	0.125	5
17.25	['C#2', 'C#4', 'E4', 'A4', 'G#3']	[True, True, True, False, True]	0.125	5
17.375	['C#2', 'C#4', 'E4', 'A4', 'G#3', 'G#4']	[True, True, True, False, True, True]	0.125	5
17.5	['C#2', 'G#4']	[False, False]	0.125	5
17.625	['C5', 'D#4', 'F4', 'G#2', 'G#4']	[True, True, True, True, True]	0.125	5
17.75	['C4', 'C5', 'D#4', 'G#2', 'G#3', 'G#4']	[True, False, True, True, True, False]	0.75	5
17.875	['C4', 'C5', 'D#4', 'G#2', 'G#3', 'G#4']	[False, False, False, False, False, False]	0.75	5
18.0	['C4', 'C5', 'D#4', 'G#2', 'G#3', 'G#4']	[False, False, False, True, False, False]	0.75	5
18.125	['C4', 'C5', 'D#4', 'G#2', 'G#3', 'G#4']	[False, False, False, False, False, False]	0.75	5
18.25	['C4', 'C5', 'D#4', 'G#2', 'G#3', 'G#4']	[False, False, False, True, False, False]	0.75	5
18.375	['C4', 'C5', 'D#4', 'G#2', 'G#3', 'G#4']	[True, False, True, True, True, False]	0.75	5
18.5	['C5', 'D#4', 'G#2', 'G#4']	[False, False, False, False]	0.125	5
18.625	['C4', 'C5', 'D#4', 'G#2', 'G#3', 'G#4']	[True, False, True, True, True, False]	0.125	5
18.75	['A#4', 'C4', 'C5', 'D#4', 'G#2', 'G#3', 'G#4']	[True, False, False, False, True, False, False]	0.125	5
18.875	['A#4', 'C4', 'D#4', 'G#2', 'G#3']	[False, False, False, False, False]	0.125	5
19.0	['C4', 'D#4', 'G#2', 'G#3', 'G#4']	[False, False, True, False, True]	0.125	5
19.125	['C4', 'D#2', 'D#4', 'G#2', 'G#3', 'G#4']	[False, True, False, False, False, False]	0.125	5
19.25	['C#2', 'C#4', 'F4', 'G#3', 'G#4']	[True, True, True, True, True]	0.125	5
19.375	['C#2', 'C#4', 'C#5', 'F4', 'G#3', 'G#4']	[True, True, True, True, True, False]	0.375	5
19.5	['C#2', 'C#4', 'C#5', 'F4', 'G#3', 'G#4']	[False, False, False, False, False, False]	0.375	5
19.625	['C#2', 'C#4', 'C#5', 'F4', 'G#3', 'G#4']	[True, False, False, False, False, False]	0.375	5
19.75	['C5', 'C#2', 'C#4', 'F4', 'G#3']	[True, True, False, False, False]	0.25	5
19.875	['C5', 'C#2', 'C#4', 'F4', 'G#3']	[False, False, False, False, False]	0.25	5
20.0	['A#3', 'C2', 'C4', 'C5', 'E4', 'G4']	[True, True, True, False, True, True]	0.125	6
20.125	['A#3', 'C4', 'C5', 'E4', 'G4']	[False, False, False, False, False]	0.125	6
20.25	['A#3', 'C2', 'C4', 'C5', 'E4', 'G4']	[False, True, False, False, False, False]	0.25	6
20.375	['A#3', 'C2', 'C4', 'C5', 'E4', 'G4']	[True, True, False, True, False, False]	0.25	6
20.5	['C2', 'C4', 'C5']	[False, True, True]	0.125	6
20.625	['C2', 'C5', 'E4']	[True, False, True]	0.125	6
20.75	['A#1', 'A#3', 'A#4', 'C#4', 'F4']	[True, True, True, True, True]	0.125	6
20.875	['A#1', 'A#3', 'A#4', 'C#4', 'D#4', 'F4']	[False, True, False, True, True, True]	0.125	6
21.0	['A#1', 'A#3', 'A#4', 'C#4', 'F4']	[True, False, False, False, False]	0.125	6
21.125	['A#3', 'A#4', 'C#4', 'F4']	[False, False, False, False]	0.125	6
21.25	['A#1', 'A#3', 'C5', 'C#4', 'F4']	[True, False, True, False, False]	0.125	6
21.375	['A#1', 'A#3', 'A#4', 'C5', 'C#4', 'F1', 'F4']	[False, False, True, False, False, True, False]	0.125	6
21.5	['A#1', 'A#3', 'A#4', 'D4', 'C#4', 'F1', 'F4']	[True, True, False, True, False, False, True]	0.125	6
21.625	['A#1', 'A#3', 'A#4', 'D4', 'F4']	[True, True, False, True, True]	0.125	6
21.75	['A#1', 'A#3', 'A#4', 'D4', 'F4', 'G#4']	[True, False, False, False, False, True]	0.125	6
21.875	['A#1', 'A#3', 'D4', 'F4', 'G#4']	[False, False, False, False, False]	0.125	6
22.0	['A#1', 'A#3', 'D4', 'F4', 'F#4']	[True, False, False, False, True]	0.375	6
22.125	['A#1', 'A#3', 'D4', 'F4', 'F#4']	[False, False, False, False, False]	0.375	6
22.25	['A#1', 'A#3', 'D4', 'F4', 'F#4']	[True, False, False, False, False]	0.375	6
22.375	['A#3', 'D#2', 'D#4', 'F4', 'G4', 'F#4']	[True, True, True, True, True, False]	0.125	6
22.5	['A#3', 'D#2', 'D#4', 'F4', 'G4']	[False, False, False, False, False]	0.25	6
22.625	['A#3', 'D#2', 'D#4', 'F4', 'G4']	[False, True, False, False, False]	0.25	6
22.75	['A#3', 'A#4', 'D#2', 'D#4', 'F4', 'G4']	[False, True, True, True, False, True]	0.125	6
22.875	['A#4', 'D#2', 'D#4', 'F4', 'G4']	[False, False, False, False, False]	0.125	6
23.0	['D#2', 'F4', 'G4']	[True, False, True]	0.125	6
23.125	['A#4', 'C5', 'D#2', 'D#4', 'G#4']	[True, True, False, True, True]	0.125	6
23.25	['C5', 'D#4', 'G#2', 'G#4']	[False, False, True, False]	0.125	6
23.375	['C4', 'C5', 'D#4', 'G#2', 'G#3', 'G#4']	[True, False, True, True, True, False]	0.125	6
23.5	['C5', 'D#4', 'G#2', 'G#4']	[False, False, False, False]	0.125	6
23.625	['C4', 'D#4', 'G#2', 'G#3']	[True, True, True, True]	0.125	6
23.75	['C4', 'C#4', 'D#2', 'D#4', 'G#2', 'G#3']	[True, True, True, True, False, True]	0.125	6
23.875	['C#4', 'D#2', 'G#2']	[False, False, True]	0.125	6
24.0	['C#2', 'C#4', 'F4', 'G#4']	[True, True, True, True]	0.125	7
24.125	['C#4', 'F4', 'G#4']	[False, False, False]	0.125	7
24.25	['C#2', 'C#4', 'F4', 'G#3', 'G#4']	[True, True, True, True, False]	0.125	7
24.375	['C#2', 'C#4', 'C#5', 'F4', 'G#3', 'G#4']	[True, True, True, True, True, False]	0.125	7
24.5	['C#2', 'C#4', 'C#5', 'F4', 'G#4']	[False, False, False, False, False]	0.125	7
24.625	['C#2', 'C#4', 'F4', 'G#3', 'G#4']	[True, True, True, True, False]	0.125	7
24.75	['C#2', 'C#4', 'C#5', 'F4', 'G#3', 'G#4']	[True, True, True, True, True, False]	0.125	7
24.875	['C#2', 'C#4', 'C#5', 'F4', 'G#4']	[False, False, False, False, False]	0.125	7
25.0	['C#2', 'C#4', 'C#5', 'F4', 'G#3', 'G#4']	[True, True, False, True, True, False]	0.25	7
25.125	['C#2', 'C#4', 'C#5', 'F4', 'G#3', 'G#4']	[False, False, False, False, False, False]	0.25	7
25.25	['A#4', 'C#2', 'C#4', 'F4', 'G#3', 'G#4']	[True, True, False, False, False, False]	0.125	7
25.375	['C#2', 'C#4', 'C#5', 'F4', 'G#3']	[True, False, True, False, False]	0.125	7
25.5	['C#3', 'C#4', 'C#5', 'F4', 'G#3']	[True, False, False, False, False]	0.125	7
25.625	['A#3', 'A#4', 'C#4', 'C#5', 'F#2', 'F#4']	[True, True, True, False, True, True]	0.375	7
25.75	['A#3', 'A#4', 'C#4', 'C#5', 'F#2', 'F#4']	[True, True, True, False, True, True]	0.375	7
25.875	['A#3', 'A#4', 'C#4', 'C#5', 'F#2', 'F#4']	[False, False, False, False, False, False]	0.375	7
26.0	['A#3', 'C#4', 'C#5', 'F#2', 'F#4']	[False, False, False, False, False]	0.25	7
26.125	['A#3', 'C#4', 'C#5', 'F#2', 'F#4']	[False, False, False, False, False]	0.25	7
26.25	['C#2', 'C#5', 'F#3']	[True, False, True]	0.125	7
26.375	['A#3', 'A#4', 'C#2', 'C#4', 'C#5', 'F#2', 'F#3', 'F#4']	[True, True, False, True, False, True, False, True]	0.125	7
26.5	['A#4', 'C#5']	[False, False]	0.125	7
26.625	['A#3', 'A#4', 'C#4', 'C#5', 'F#2', 'F#4']	[True, True, True, False, True, True]	0.125	7
26.75	['A#3', 'C#4', 'C#5', 'F#2', 'F#4']	[False, False, False, False, False]	0.25	7
26.875	['A#3', 'C#4', 'C#5', 'F#2', 'F#4']	[False, False, False, False, False]	0.25	7
27.0	['A#3', 'C#4', 'C#5', 'F2', 'F#2', 'F#3', 'F#4']	[False, False, False, True, False, True, False]	0.125	7
27.125	['C#5', 'F#3']	[False, False]	0.125	7
27.25	['A#3', 'A#4', 'C#4', 'C#5', 'F#2', 'F#4']	[True, True, True, False, True, True]	0.375	7
27.375	['A#3', 'A#4', 'C#4', 'C#5', 'F#2', 'F#4']	[False, True, True, False, True, True]	0.375	7
27.5	['A#3', 'A#4', 'C#4', 'C#5', 'F#2', 'F#4']	[False, False, False, False, False, False]	0.375	7
27.625	['A#3', 'C#4', 'C#5', 'F#2', 'F#4']	[False, False, True, False, False]	0.125	7
27.75	['A#3', 'C#2', 'C#4', 'C#5', 'F#2', 'F#4']	[False, True, False, False, False, False]	0.125	7
27.875	['A#3', 'C#2', 'C#4', 'F#4']	[False, False, False, False]	0.125	7
28.0	['A#4', 'C#2', 'C#4', 'C#5', 'F#2', 'F#4']	[True, False, True, True, True, True]	0.125	8
28.125	['A#4', 'C#4', 'C#5', 'F#2', 'F#4']	[True, True, False, False, True]	0.125	8
28.25	['A#1', 'A#4', 'C#4', 'C#5', 'F#4']	[True, True, False, False, False]	0.125	8
28.375	['A#4', 'C#5', 'F#2', 'F#4']	[True, True, True, False]	0.125	8
28.5	['A#4', 'C#5', 'F#4']	[False, False, False]	0.125	8
28.625	['C#5', 'F#2', 'F#5']	[True, True, True]	0.125	8
28.75	['C#2', 'C#4', 'C#5', 'F4', 'F#5']	[True, True, False, True, False]	0.125	8
28.875	['C#2', 'C#4', 'C#5', 'F4', 'G#4']	[False, True, False, True, True]	0.125	8
29.0	['C#2', 'C#4', 'F4', 'G#3', 'G#4']	[True, True, True, True, True]	0.25	8
29.125	['C#2', 'C#4', 'F4', 'G#3', 'G#4']	[False, False, False, False, False]	0.25	8
29.25	['C#2', 'C#4', 'F4', 'G#3']	[False, False, False, False]	0.125	8
29.375	['C#1', 'C#2', 'C#4', 'F4', 'G#3']	[True, False, False, False, False]	0.125	8
29.5	['C#1', 'C#4', 'F4', 'G#3']	[False, False, False, False]	0.125	8
29.625	['C#2', 'C#4', 'F4', 'G#3', 'G#4']	[True, True, True, True, True]	0.375	8
29.75	['C#2', 'C#4', 'F4', 'G#3', 'G#4']	[True, True, True, True, True]	0.375	8
29.875	['C#2', 'C#4', 'F4', 'G#3', 'G#4']	[False, False, False, False, False]	0.375	8
30.0	['C#2', 'C#4', 'F4', 'G#3']	[False, False, False, False]	0.125	8
30.125	['C#2', 'C#4', 'F4']	[False, False, False]	0.125	8
30.25	['C#4', 'F4', 'G#1', 'G#3']	[True, True, True, True]	0.125	8
30.375	['C#2', 'C#4', 'F4', 'G#1', 'G#3', 'G#4']	[True, True, True, False, True, True]	0.125	8
30.5	['C#4', 'F4', 'G#4']	[False, False, False]	0.125	8
30.625	['C#2', 'C#4', 'C#5', 'F4', 'G#3', 'G#4']	[True, True, True, True, True, True]	0.125	8
30.75	['C#2', 'C#4', 'C#5', 'F4', 'G#3']	[False, False, False, False, False]	0.25	8
30.875	['C#2', 'C#4', 'C#5', 'F4', 'G#3']	[False, False, False, False, False]	0.25	8
31.0	['C#2', 'C#3', 'C#4', 'C#5', 'F4', 'G#3']	[True, True, False, False, False, False]	0.125	8
31.125	['C#3', 'C#4', 'C#5', 'F4']	[False, False, True, False]	0.125	8
31.25	['C#2', 'C#4', 'C#5', 'F4', 'G#3', 'G#4']	[True, True, False, True, True, True]	0.25	8
31.375	['C#2', 'C#4', 'C#5', 'F4', 'G#3', 'G#4']	[True, True, False, True, True, True]	0.25	8
31.5	['C#4', 'C#5', 'F4', 'G#3', 'G#4']	[False, False, False, False, False]	0.125	8
31.625	['A#4', 'C#2', 'C#4', 'F4', 'G#3']	[True, True, False, False, False]	0.125	8
31.75	['A#4', 'C#2', 'C#3', 'C#4', 'C#5', 'F4', 'G#1', 'G#3']	[False, False, True, False, True, False, True, False]	0.125	8
31.875	['C#3', 'C#5', 'G#1']	[False, False, False]	0.125	8
32.0	['A#4', 'C#4', 'C#5', 'F#2', 'F#4']	[True, True, False, True, True]	0.125	9
32.125	['A#4', 'C#4', 'C#5', 'F#4']	[False, False, False, False]	0.125	9
32.25	['A#3', 'A#4', 'C#4', 'C#5', 'F#2', 'F#4']	[True, True, True, False, True, True]	0.125	9
32.375	['A#3', 'C#4', 'C#5', 'F#2', 'F#4']	[True, True, False, False, True]	0.375	9
32.5	['A#3', 'C#4', 'C#5', 'F#2', 'F#4']	[False, False, False, False, False]	0.375	9
32.625	['A#3', 'C#4', 'C#5', 'F#2', 'F#4']	[True, True, False, True, True]	0.375	9
32.75	['A#3', 'A#4', 'C#4', 'C#5', 'F#2', 'F#4']	[True, True, True, False, True, True]	0.125	9
32.875	['A#3', 'A#4', 'C#4', 'C#5', 'F#4']	[False, False, False, False, False]	0.125	9
33.0	['A#3', 'A#4', 'C#4', 'C#5', 'F#2', 'F#4']	[True, True, True, False, True, True]	0.125	9
33.125	['A#3', 'C#4', 'C#5', 'F#2', 'F#4']	[False, False, False, False, False]	0.25	9
33.25	['A#3', 'C#4', 'C#5', 'F#2', 'F#4']	[False, False, False, False, False]	0.25	9
33.375	['A#3', 'C#4', 'C#5', 'F#2', 'F#3', 'F#4']	[False, False, False, True, True, False]	0.125	9
33.5	['C#5', 'F#3']	[False, False]	0.125	9
33.625	['A#3', 'A#4', 'C#4', 'C#5', 'F#2', 'F#4']	[True, True, True, False, True, True]	0.125	9
33.75	['A#3', 'C#4', 'C#5', 'F#2', 'F#4']	[True, True, False, True, True]	0.125	9
33.875	['A#3', 'A#4', 'C#4', 'F#2', 'F#4']	[False, True, False, False, True]	0.125	9
34.0	['A#3', 'C#4', 'C#5', 'F#2', 'F#4']	[False, False, True, False, False]	0.125	9
34.125	['A#3', 'C#4', 'C#5', 'F#4']	[False, False, False, False]	0.125	9
34.25	['F#2', 'F#3']	[True, True]	0.125	9
34.375	['A#1', 'A#3', 'A#4', 'C#4', 'C#5', 'F#3', 'F#4']	[True, True, True, True, True, False, True]	0.125	9
34.5	['A#1', 'A#4', 'C#5']	[False, False, False]	0.125	9
34.625	['B1', 'A#3', 'A#4', 'C#4', 'C#5', 'F#4']	[True, True, True, True, False, True]	0.125	9
34.75	['B1', 'A#3', 'A#4', 'C#2', 'C#4', 'C#5', 'F#4']	[False, False, True, True, False, False, False]	0.125	9
34.875	['A#3', 'A#4', 'C#2', 'C#4', 'F#4']	[False, False, False, False, False]	0.125	9
35.0	['A#3', 'C#4', 'C#5', 'F#2', 'F#3', 'F#4']	[False, False, True, True, True, False]	0.125	9
35.125	['C#4', 'C#5', 'F4', 'F#3']	[True, False, True, False]	0.125	9
35.25	['C#2', 'C#4', 'C#5', 'F4', 'G#4']	[True, True, False, True, True]	0.125	9
35.375	['C#2', 'C#4', 'F4', 'G#3', 'G#4']	[True, True, True, True, True]	0.25	9
35.5	['C#2', 'C#4', 'F4', 'G#3', 'G#4']	[False, False, False, False, False]	0.25	9
35.625	['C#2', 'C#4', 'F4', 'G#3']	[False, False, False, False]	0.125	9
35.75	['C#2', 'C#4', 'F4', 'G#1', 'G#3']	[False, False, False, True, False]	0.125	9
35.875	['C#4', 'F4', 'G#1', 'G#3']	[False, False, False, False]	0.125	9
36.0	['C#2', 'C#4', 'F4', 'G#1', 'G#3', 'G#4']	[True, True, True, False, True, True]	0.125	10
36.125	['C#4', 'F4', 'G#4']	[False, False, False]	0.125	10
36.25	['C#2', 'C#4', 'F4', 'G#3', 'G#4']	[True, True, True, True, True]	0.125	10
36.375	['C#2', 'C#4', 'F4', 'G#3']	[False, False, False, False]	0.25	10
36.5	['C#2', 'C#4', 'F4', 'G#3']	[False, False, False, False]	0.25	10
36.625	['C#4', 'F4', 'G#1', 'G#3']	[True, True, True, True]	0.125	10
36.75	['C#4', 'F4', 'G#2', 'G#3']	[False, False, True, True]	0.125	10
36.875	['C5', 'D#4', 'G#3', 'G#4']	[True, True, False, True]	0.125	10
37.0	['C4', 'C5', 'D#4', 'G#2', 'G#3', 'G#4']	[True, True, True, True, False, True]	0.25	10
37.125	['C4', 'C5', 'D#4', 'G#2', 'G#3', 'G#4']	[False, False, False, False, False, False]	0.25	10
37.25	['D#4', 'G#2']	[True, False]	0.125	10
37.375	['C4', 'D#2', 'D#4', 'G#2', 'G#3']	[True, True, True, False, True]	0.125	10
37.5	['C4', 'D#2', 'D#4', 'G#3']	[False, False, False, False]	0.125	10
37.625	['C3', 'C4', 'C5', 'D#4', 'G#3', 'G#4']	[True, False, True, True, False, True]	0.125	10
37.75	['C3', 'C4', 'C5', 'C#3', 'D#4', 'G#3', 'G#4']	[False, True, True, True, True, True, True]	0.125	10
37.875	['C4', 'C5', 'C#3', 'D#4', 'G#3', 'G#4']	[False, False, False, False, False, False]	0.125	10
38.0	['C4', 'D3', 'D#4', 'G#3']	[False, True, False, False]	0.125	10
38.125	['D3']	[False]	0.125	10
38.25	['C4', 'D#3', 'D#4', 'G#3']	[True, True, True, True]	0.125	10
38.375	['A#4', 'C4', 'C#2', 'C#4', 'D#4', 'F4', 'G#3', 'G#4']	[True, False, True, True, False, True, True, True]	0.125	10
38.5	['A#4', 'G#4']	[False, False]	0.125	10
38.625	['A#4', 'C#2', 'C#4', 'F4', 'G#3', 'G#4']	[False, True, True, True, True, False]	0.125	10
38.75	['A#4', 'C#2', 'C#4', 'F4', 'G#3']	[False, True, False, False, False]	0.375	10
38.875	['A#4', 'C#2', 'C#4', 'F4', 'G#3']	[False, False, False, False, False]	0.375	10
39.0	['A#4', 'C#2', 'C#4', 'F4', 'G#3']	[False, True, False, False, False]	0.375	10
39.125	['A#4', 'A4']	[False, True]	0.125	10
39.25	['C#2', 'C#4', 'E4', 'A4', 'G#3', 'G#4']	[True, True, True, False, True, True]	0.25	10
39.375	['C#2', 'C#4', 'E4', 'A4', 'G#3', 'G#4']	[True, False, False, False, False, False]	0.25	10
39.5	['C#2', 'C#4', 'E4', 'A4', 'G#3']	[False, False, False, False, False]	0.25	10
39.625	['C#2', 'C#4', 'E4', 'A4', 'G#3']	[True, False, False, False, False]	0.25	10
39.75	['C#2', 'C#4', 'E4', 'F#2', 'A4', 'G#3', 'G#4']	[False, False, False, True, False, False, True]	0.125	10
39.875	['C5', 'C#4', 'E4', 'D#4', 'F#2', 'G#3', 'G#4']	[True, False, False, True, False, False, True]	0.125	10
40.0	['C5', 'D#4', 'G#2', 'G#4']	[False, False, True, False]	0.125	11
40.125	['C5', 'D#4', 'G#4']	[False, False, False]	0.125	11
40.25	['C4', 'C5', 'D#4', 'G#2', 'G#3', 'G#4']	[True, False, True, True, True, False]	0.25	11
40.375	['C4', 'C5', 'D#4', 'G#2', 'G#3', 'G#4']	[True, False, True, True, True, False]	0.25	11
40.5	['C5', 'D#4', 'G#2', 'G#4']	[False, False, False, False]	0.125	11
40.625	['C4', 'C5', 'D#4', 'G#2', 'G#3', 'G#4']	[True, False, True, True, True, False]	0.25	11
40.75	['C4', 'C5', 'D#4', 'G#2', 'G#3', 'G#4']	[True, False, True, True, True, False]	0.25	11
40.875	['C5', 'D#4', 'G#2', 'G#4']	[False, False, False, False]	0.125	11
41.0	['C4', 'C5', 'D#4', 'G#2', 'G#3', 'G#4']	[True, False, True, True, True, False]	0.125	11
41.125	['A#4', 'C4', 'C5', 'D#4', 'G#2', 'G#3', 'G#4']	[True, False, False, False, False, False, False]	0.125	11
41.25	['A#4', 'C4', 'D#4', 'G#2', 'G#3']	[False, False, False, True, False]	0.125	11
41.375	['A#4', 'C4', 'D#2', 'D#4', 'G#3', 'G#4']	[False, False, True, False, False, True]	0.125	11
41.5	['C4', 'D#4', 'G#2', 'G#3', 'G#4']	[False, False, True, False, False]	0.125	11
41.625	['A#4', 'C#2', 'C#4', 'F4', 'G#3', 'G#4']	[True, True, True, True, True, True]	0.5	11
41.75	['A#4', 'C#2', 'C#4', 'F4', 'G#3', 'G#4']	[False, True, True, True, True, False]	0.5	11
41.875	['A#4', 'C#2', 'C#4', 'F4', 'G#3', 'G#4']	[False, False, False, False, False, False]	0.5	11
42.0	['A#4', 'C#2', 'C#4', 'F4', 'G#3', 'G#4']	[True, True, False, False, False, False]	0.5	11
42.125	['A#4', 'C#2', 'C#4', 'F4', 'G#3']	[False, False, False, False, False]	0.125	11
42.25	['A#4', 'C2', 'C#4', 'F4', 'G#3']	[False, True, False, False, False]	0.125	11
42.375	['C#2', 'C#4', 'E4', 'A4', 'G#4']	[True, True, True, True, True]	0.125	11
42.5	['C#4', 'E4', 'A4', 'G#4']	[False, False, False, False]	0.125	11
42.625	['C#2', 'C#4', 'E4', 'A4', 'G#3', 'G#4']	[True, True, True, False, True, False]	0.25	11
42.75	['C#2', 'C#4', 'E4', 'A4', 'G#3', 'G#4']	[True, True, True, False, True, False]	0.25	11
42.875	['C#2', 'C#4', 'E4', 'A4', 'G#3']	[False, False, False, True, False]	0.125	11
43.0	['C#4', 'E4', 'F#2', 'A4', 'G#3', 'G#4']	[True, True, True, False, True, True]	0.125	11
43.125	['G#4']	[False]	0.125	11
43.25	['C4', 'C5', 'D#4', 'G#2', 'G#3', 'G#4']	[True, True, True, True, True, True]	0.875	11
43.375	['C4', 'C5', 'D#4', 'G#2', 'G#3', 'G#4']	[False, False, False, True, False, False]	0.875	11
43.5	['C4', 'C5', 'D#4', 'G#2', 'G#3', 'G#4']	[False, False, False, False, False, False]	0.875	11
43.625	['C4', 'C5', 'D#4', 'G#2', 'G#3', 'G#4']	[False, False, False, True, False, False]	0.875	11
43.75	['C4', 'C5', 'D#4', 'G#2', 'G#3', 'G#4']	[False, False, False, True, False, False]	0.875	11
43.875	['C4', 'C5', 'D#4', 'G#2', 'G#3', 'G#4']	[False, False, False, False, False, False]	0.875	11
44.0	['C4', 'C5', 'D#4', 'G#2', 'G#3', 'G#4']	[False, False, False, True, False, False]	0.875	12
44.125	['C4', 'C5', 'D#4', 'G#3', 'G#4']	[False, False, False, False, False]	0.125	12
44.25	['C4', 'C5', 'D#4', 'G#2', 'G#3', 'G#4']	[False, False, False, True, False, False]	0.125	12
44.375	['A#4', 'C4', 'C5', 'D#4', 'G#2', 'G#3', 'G#4']	[True, False, False, False, True, False, False]	0.125	12
44.5	['A#4', 'C4', 'D#4', 'G#2', 'G#3', 'G#4']	[False, False, False, False, False, True]	0.125	12
44.625	['C4', 'D#4', 'G#2', 'G#3', 'G#4']	[False, False, True, False, False]	0.125	12
44.75	['C4', 'C#2', 'C#4', 'D#2', 'D#4', 'F4', 'G#3']	[False, True, True, True, False, True, True]	0.125	12
44.875	['C#2', 'C#4', 'F4', 'G#3', 'G#4']	[False, True, True, False, True]	0.125	12
45.0	['C#2', 'C#4', 'C#5', 'F4', 'G#3', 'G#4']	[True, False, True, False, False, False]	0.125	12
45.125	['C#4', 'C#5', 'F4', 'G#3', 'G#4']	[False, False, False, False, False]	0.125	12
45.25	['C#2', 'C#4', 'C#5']	[True, True, False]	0.125	12
45.375	['C5', 'C#2', 'F4', 'G#1']	[True, False, True, True]	0.125	12
45.5	['C5', 'C#2', 'G#1', 'G#4']	[False, True, False, True]	0.125	12
45.625	['A#3', 'C2', 'C4', 'C5', 'E4', 'G4']	[True, True, True, False, True, True]	0.625	12
45.75	['A#3', 'C2', 'C4', 'C5', 'E4', 'G4']	[False, True, False, False, False, False]	0.625	12
45.875	['A#3', 'C2', 'C4', 'C5', 'E4', 'G4']	[False, False, False, False, False, False]	0.625	12
46.0	['A#3', 'C2', 'C4', 'C5', 'E4', 'G4']	[False, True, False, True, False, False]	0.625	12
46.125	['A#3', 'C2', 'C4', 'C5', 'E4', 'G4']	[False, False, False, False, False, False]	0.625	12
46.25	['A#3', 'C2', 'C4', 'C5', 'E4', 'G1', 'G4']	[False, True, False, False, False, True, False]	0.125	12
46.375	['A#1', 'A#3', 'A#4', 'C#4', 'F4']	[True, True, True, True, True]	0.375	12
46.5	['A#1', 'A#3', 'A#4', 'C#4', 'F4']	[False, False, False, False, False]	0.375	12
46.625	['A#1', 'A#3', 'A#4', 'C#4', 'F4']	[True, True, False, True, True]	0.375	12
46.75	['A#1', 'A#3', 'A#4', 'C5', 'C#4', 'F4']	[True, True, False, True, True, True]	0.125	12
46.875	['A#1', 'A#3', 'C5', 'C#4', 'F4']	[False, False, False, False, False]	0.125	12
47.0	['A#1', 'A#3', 'A#4', 'C5', 'C#4', 'F4']	[True, True, True, False, True, True]	0.125	12
47.125	['A#1', 'A#4']	[False, False]	0.125	12
47.25	['A#1', 'A#3', 'A#4', 'D4', 'F4']	[True, True, False, True, True]	0.125	12
47.375	['A#1', 'A#3', 'A#4', 'D4', 'F4', 'G#4']	[True, True, False, True, True, True]	0.125	12
47.5	['A#1', 'A#3', 'D4', 'F4', 'G#4']	[False, False, False, False, False]	0.125	12
47.625	['A#1', 'A#3', 'D4', 'F4', 'F#4']	[True, False, False, False, True]	0.125	12
47.75	['A#1', 'A#3', 'D4', 'F1', 'F4', 'F#4']	[False, False, False, True, False, False]	0.25	12
47.875	['A#1', 'A#3', 'D4', 'F1', 'F4', 'F#4']	[True, False, False, False, False, False]	0.25	12
48.0	['A#3', 'A#4', 'D#2', 'D#4', 'F4', 'G4']	[True, True, True, True, True, True]	0.125	13
48.125	['A#3', 'A#4', 'D#4', 'F4', 'G4']	[False, False, False, False, False]	0.125	13
48.25	['A#3', 'A#4', 'D#2', 'D#4', 'F4', 'G4']	[False, False, True, False, False, False]	0.25	13
48.375	['A#3', 'A#4', 'D#2', 'D#4', 'F4', 'G4']	[False, False, True, True, False, False]	0.25	13
48.5	['D#2', 'F4']	[False, False]	0.125	13
48.625	['D#2', 'F4', 'G4']	[True, False, True]	0.125	13
48.75	['C4', 'C5', 'D#4', 'G#2', 'G#3', 'G#4']	[True, True, True, True, True, True]	0.375	13
48.875	['C4', 'C5', 'D#4', 'G#2', 'G#3', 'G#4']	[False, False, False, False, False, False]	0.375	13
49.0	['C4', 'C5', 'D#4', 'G#2', 'G#3', 'G#4']	[True, False, True, True, True, False]	0.375	13
49.125	['C4', 'C5', 'D#4', 'G#3', 'G#4']	[False, False, False, False, False]	0.125	13
49.25	['C4', 'D#4', 'G#2', 'G#3']	[False, False, True, False]	0.125	13
49.375	['C4', 'C#4', 'D#2', 'D#4', 'G#2', 'G#3']	[False, True, True, False, False, False]	0.125	13
49.5	['C#4', 'D#2', 'G#2']	[False, False, True]	0.125	13
49.625	['C#2', 'C#4', 'F4', 'G#3', 'G#4']	[True, True, True, True, True]	0.375	13
49.75	['C#2', 'C#4', 'F4', 'G#3', 'G#4']	[True, False, False, False, False]	0.375	13
49.875	['C#2', 'C#4', 'F4', 'G#3', 'G#4']	[False, False, False, False, False]	0.375	13
50.0	['C#2', 'C#4', 'C#5', 'F4', 'G#3', 'G#4']	[True, False, True, False, False, False]	0.625	13
50.125	['C#2', 'C#4', 'C#5', 'F4', 'G#3', 'G#4']	[False, False, False, False, False, False]	0.625	13
50.25	['C#2', 'C#4', 'C#5', 'F4', 'G#3', 'G#4']	[True, False, False, False, False, False]	0.625	13
50.375	['C#2', 'C#4', 'C#5', 'F4', 'G#3', 'G#4']	[True, False, True, False, False, False]	0.625	13
50.5	['C#2', 'C#4', 'C#5', 'F4', 'G#3', 'G#4']	[False, False, False, False, False, False]	0.625	13
50.625	['C#2', 'C#4', 'F4', 'G#3', 'G#4']	[True, False, False, False, False]	0.125	13
50.75	['A#4', 'C#2', 'C#4', 'F4', 'G#3', 'G#4']	[True, True, False, False, False, False]	0.375	13
50.875	['A#4', 'C#2', 'C#4', 'F4', 'G#3', 'G#4']	[False, False, False, False, False, False]	0.375	13
51.0	['A#4', 'C#2', 'C#4', 'F4', 'G#3', 'G#4']	[False, True, False, False, False, False]	0.375	13
51.125	['C#2', 'C#4', 'C#5', 'F4', 'G#1', 'G#3']	[False, False, True, False, True, False]	0.125	13
51.25	['A#3', 'A#4', 'C#4', 'C#5', 'F#2', 'F#4']	[True, True, True, False, True, True]	0.375	13
51.375	['A#3', 'A#4', 'C#4', 'C#5', 'F#2', 'F#4']	[False, True, True, False, True, True]	0.375	13
51.5	['A#3', 'A#4', 'C#4', 'C#5', 'F#2', 'F#4']	[False, False, False, False, False, False]	0.375	13
51.625	['A#3', 'C#4', 'C#5', 'F#2', 'F#4']	[False, False, False, False, False]	0.125	13
51.75	['A#3', 'C#2', 'C#4', 'C#5', 'F#2', 'F#4']	[False, True, False, False, False, False]	0.125	13
51.875	['A#3', 'C#2', 'C#4', 'C#5', 'F#4']	[False, False, False, False, False]	0.125	13
52.0	['A#4', 'C#4', 'C#5', 'F#2', 'F#4']	[True, True, False, True, True]	0.125	14
52.125	['A#4', 'C#5', 'F#4']	[False, False, False]	0.125	14
52.25	['A#4', 'C#4', 'C#5', 'F#2', 'F#4']	[True, True, False, True, True]	0.125	14
52.375	['A#4', 'C#5', 'F#2', 'F#4']	[False, True, False, False]	0.25	14
52.5	['A#4', 'C#5', 'F#2', 'F#4']	[False, False, False, False]	0.25	14
52.625	['C#2', 'C#5', 'F#5']	[True, False, True]	0.125	14
52.75	['A#3', 'A#4', 'C#2', 'C#4', 'C#5', 'F#2', 'F#4', 'F#5']	[True, True, False, True, False, True, True, False]	0.125	14
52.875	['A#4', 'C#5', 'F#4']	[False, False, True]	0.125	14
53.0	['A#3', 'A#4', 'C#4', 'F#2', 'F#4']	[True, True, True, True, True]	0.125	14
53.125	['A#3', 'A#4', 'C#4', 'C#5', 'F#2', 'F#4']	[False, False, False, True, False, False]	0.125	14
53.25	['A#3', 'C#4', 'C#5', 'F#2', 'F#4']	[False, False, False, False, False]	0.25	14
53.375	['A#3', 'C#4', 'C#5', 'F#2', 'F#4']	[True, True, False, True, True]	0.25	14
53.5	['A#3', 'C#4', 'F#2', 'F#4']	[False, False, False, False]	0.125	14
53.625	['A#1', 'A#3', 'A#4', 'C#4', 'C#5', 'F#4']	[True, False, True, True, True, True]	0.125	14
53.75	['B1', 'A#1', 'A#3', 'A#4', 'C#4', 'C#5', 'F#4']	[True, True, False, True, True, False, True]	0.125	14
53.875	['B1', 'A#1', 'A#3', 'A#4', 'C#4', 'F#3', 'F#4']	[False, False, False, False, False, True, False]	0.125	14
54.0	['B1', 'A#3', 'A#4', 'C2', 'C#4', 'F#4']	[False, True, True, True, True, True]	0.125	14
54.125	['C2', 'C#5', 'F#3']	[False, True, True]	0.125	14
54.25	['A#3', 'C#2', 'C#4', 'C#5', 'F#4']	[True, True, True, False, True]	0.125	14
54.375	['C#2', 'C#4', 'C#5', 'F4', 'G#4']	[True, True, False, True, True]	0.125	14
54.5	['C#2', 'C#4', 'F4', 'G#4']	[False, False, False, False]	0.375	14
54.625	['C#2', 'C#4', 'F4', 'G#4']	[True, True, True, True]	0.375	14
54.75	['C#2', 'C#4', 'F4', 'G#4']	[False, False, False, True]	0.375	14
54.875	['C#2', 'G#4']	[False, False]	0.125	14
55.0	['C#2', 'C#4', 'F4', 'G#1', 'G#3']	[False, True, True, True, True]	0.125	14
55.125	['C#4', 'F4', 'G#1', 'G#3']	[False, False, False, False]	0.125	14
55.25	['C#2', 'C#4', 'F4', 'G#3', 'G#4']	[True, True, True, False, True]	0.375	14
55.375	['C#2', 'C#4', 'F4', 'G#3', 'G#4']	[True, True, True, True, True]	0.375	14
55.5	['C#2', 'C#4', 'F4', 'G#3', 'G#4']	[False, False, False, False, False]	0.375	14
55.625	['C#2', 'C#4', 'F4', 'G#3']	[False, False, False, False]	0.125	14
55.75	['C#2', 'C#4', 'F4', 'G#1', 'G#3']	[False, True, True, True, True]	0.125	14
55.875	['C#4', 'F4', 'G#1', 'G#3']	[False, False, False, False]	0.125	14
56.0	['C#2', 'C#4', 'F4', 'G#1', 'G#3', 'G#4']	[True, True, True, False, False, True]	0.125	15
56.125	['C#4', 'F4', 'G#3']	[False, False, False]	0.125	15
56.25	['C#2', 'C#4', 'F4', 'G#3', 'G#4']	[True, True, True, False, True]	0.125	15
56.375	['C#2', 'C#4', 'C#5', 'F4', 'G#3']	[False, False, True, False, False]	0.25	15
56.5	['C#2', 'C#4', 'C#5', 'F4', 'G#3']	[False, False, False, False, False]	0.25	15
56.625	['C#3', 'G#1']	[True, True]	0.125	15
56.75	['C#3', 'C#4', 'C#5', 'F2', 'F4', 'G#1', 'G#3', 'G#4']	[False, True, True, True, True, False, True, True]	0.125	15
56.875	['C#4', 'C#5', 'F2', 'F4', 'G#3', 'G#4']	[False, False, False, False, False, False]	0.125	15
57.0	['C#3', 'C#4', 'C#5', 'F2', 'F4', 'F#2', 'G#3', 'G#4']	[True, True, False, False, True, True, False, True]	0.125	15
57.125	['A#4', 'C#3', 'C#4', 'F#2']	[True, False, False, False]	0.125	15
57.25	['A#4', 'C#4', 'F4', 'G2', 'G#3']	[False, True, True, True, True]	0.125	15
57.375	['A#4', 'G2', 'G#2']	[False, False, True]	0.125	15
57.5	['G#2']	[False]	0.125	15
57.625	['A#4', 'C#4', 'C#5', 'F#2', 'F#4']	[True, True, True, True, True]	0.375	15
57.75	['A#4', 'C#4', 'C#5', 'F#2', 'F#4']	[True, True, False, True, True]	0.375	15
57.875	['A#4', 'C#4', 'C#5', 'F#2', 'F#4']	[False, False, False, False, False]	0.375	15
58.0	['A#4', 'C#5', 'F#2', 'F#4']	[False, True, False, False]	0.125	15
58.125	['C#5', 'F#2']	[False, False]	0.125	15
58.25	['A#3', 'C#2', 'C#4', 'C#5', 'F#4']	[True, True, True, False, True]	0.125	15
58.375	['A#3', 'A#4', 'C#2', 'C#4', 'C#5', 'F#2', 'F#4']	[False, True, False, True, False, True, True]	0.125	15
58.5	['A#4', 'C#4', 'C#5', 'F#4']	[False, False, False, False]	0.125	15
58.625	['A#3', 'A#4', 'C#4', 'C#5', 'F#2', 'F#4']	[True, True, True, False, True, True]	0.125	15
58.75	['A#3', 'C#4', 'C#5', 'F#2', 'F#4']	[False, False, False, False, False]	0.25	15
58.875	['A#3', 'C#4', 'C#5', 'F#2', 'F#4']	[False, False, False, False, False]	0.25	15
59.0	['A#3', 'C#2', 'C#4', 'C#5', 'F#4']	[True, True, True, False, True]	0.25	15
59.125	['A#3', 'C#2', 'C#4', 'C#5', 'F#4']	[False, False, True, False, False]	0.25	15
59.25	['A#3', 'A#4', 'C#4', 'C#5', 'F#2', 'F#4']	[False, True, False, False, True, True]	0.25	15
59.375	['A#3', 'A#4', 'C#4', 'C#5', 'F#2', 'F#4']	[False, True, True, False, True, True]	0.25	15
59.5	['A#3', 'C#4', 'F#2', 'F#4']	[False, False, False, False]	0.125	15
59.625	['A#3', 'C#4', 'C#5', 'F#2', 'F#4']	[False, False, True, False, False]	0.125	15
59.75	['A#3', 'C#4', 'C#5', 'F#2', 'F#3', 'F#4']	[False, False, False, True, True, False]	0.125	15
59.875	['F#2', 'F#3']	[False, False]	0.125	15
60.0	['A#3', 'A#4', 'C#4', 'C#5', 'F#2', 'F#3', 'F#4']	[True, True, True, True, True, False, True]	0.125	16
60.125	['A#3', 'C#4', 'C#5', 'F#2', 'F#4']	[False, False, False, False, False]	0.125	16
60.25	['A#4', 'C#4', 'C#5', 'F#2', 'F#3', 'F#4']	[True, True, False, True, True, True]	0.125	16
60.375	['A#3', 'A#4', 'C#4', 'F#2', 'F#3', 'F#4']	[True, True, True, True, False, True]	0.125	16
60.5	['A#3', 'A#4', 'C#4', 'F#2', 'F#4']	[False, False, False, False, False]	0.125	16
60.625	['C#5', 'F#2']	[True, True]	0.125	16
60.75	['C#2', 'C#4', 'C#5', 'F4', 'G#3', 'G#4']	[True, True, False, True, True, True]	0.125	16
60.875	['C#4', 'F4', 'G#3', 'G#4']	[True, True, False, False]	0.125	16
61.0	['C#2', 'C#4', 'F4', 'G#3', 'G#4']	[True, True, True, False, True]	0.125	16
61.125	['C#2', 'C#4', 'F4', 'G#3']	[False, False, False, False]	0.25	16
61.25	['C#2', 'C#4', 'F4', 'G#3']	[False, False, False, False]	0.25	16
61.375	['C#2', 'C#4', 'F4', 'G#1', 'G#3']	[False, False, False, True, False]	0.125	16
61.5	['C#4', 'F4', 'G#1', 'G#3']	[False, False, False, False]	0.125	16
61.625	['C#2', 'C#4', 'F4', 'G#1', 'G#3', 'G#4']	[True, True, True, False, False, True]	0.125	16
61.75	['C#2', 'C#4', 'F4', 'G#3', 'G#4']	[True, True, True, False, True]	0.25	16
61.875	['C#2', 'C#4', 'F4', 'G#3', 'G#4']	[False, False, False, False, False]	0.25	16
62.0	['C#2', 'C#4', 'F4', 'G#3']	[False, False, False, False]	0.375	16
62.125	['C#2', 'C#4', 'F4', 'G#3']	[False, False, False, False]	0.375	16
62.25	['C#2', 'C#4', 'F4', 'G#3']	[True, False, False, False]	0.375	16
62.375	['C5', 'C#4', 'D#4', 'F4', 'G#2', 'G#3', 'G#4']	[True, False, True, False, True, False, True]	0.125	16
62.5	['C5', 'G#4']	[False, False]	0.125	16
62.625	['C4', 'C5', 'D#4', 'G#2', 'G#3', 'G#4']	[True, True, True, True, True, True]	0.25	16
62.75	['C4', 'C5', 'D#4', 'G#2', 'G#3', 'G#4']	[True, True, True, False, True, True]	0.25	16
62.875	['C4', 'D#4', 'G#2', 'G#3']	[False, False, False, False]	0.125	16
63.0	['C4', 'C5', 'D#4', 'G#2', 'G#3', 'G#4']	[True, True, True, True, True, True]	0.125	16
63.125		[]	0.125	16
63.25	['C4', 'D#4', 'G#2', 'G#3']	[True, True, True, True]	0.125	16
63.375	['C4', 'C5', 'D#4', 'G#2', 'G#3', 'G#4']	[True, True, True, True, True, True]	0.125	16
63.5	['C4', 'C5', 'D#4', 'G#3', 'G#4']	[False, False, False, False, False]	0.125	16
63.625	['C4', 'D#4', 'G#2', 'G#3']	[False, False, True, False]	0.125	16
63.75	['C4', 'C5', 'D#2', 'D#4', 'G#2', 'G#3', 'G#4']	[False, True, True, True, True, False, True]	0.125	16
63.875	['D#2', 'G#2']	[False, False]	0.125	16
64.0	['A#4', 'C#2', 'C#4', 'F4', 'G#3', 'G#4']	[True, True, True, True, True, True]	0.5	17
64.125	['A#4', 'C#2', 'C#4', 'F4', 'G#3', 'G#4']	[False, False, False, False, False, False]	0.5	17
64.25	['A#4', 'C#2', 'C#4', 'F4', 'G#3', 'G#4']	[False, True, False, False, False, False]	0.5	17
64.375	['A#4', 'C#2', 'C#4', 'F4', 'G#3', 'G#4']	[False, True, True, False, False, False]	0.5	17
64.5	['A#4', 'C#2']	[False, False]	0.125	17
64.625	['A#4', 'C#2', 'F4']	[False, True, True]	0.125	17
64.75	['C#2', 'C#4', 'E4', 'A4', 'G#3']	[True, True, True, True, True]	0.375	17
64.875	['C#2', 'C#4', 'E4', 'A4', 'G#3']	[False, False, False, False, False]	0.375	17
65.0	['C#2', 'C#4', 'E4', 'A4', 'G#3']	[True, False, False, False, False]	0.375	17
65.125	['C#4', 'E4', 'A4', 'G#3']	[False, False, False, False]	0.125	17
65.25	['C#2', 'C#4', 'E4', 'G#3']	[True, False, False, False]	0.125	17
65.375	['C#2', 'C#4', 'E4', 'G#1', 'G#3', 'G#4']	[False, False, False, True, False, True]	0.25	17
65.5	['C#2', 'C#4', 'E4', 'G#1', 'G#3', 'G#4']	[True, False, False, False, False, False]	0.25	17
65.625	['C5', 'D#4', 'G#2', 'G#4']	[True, True, True, True]	0.125	17
65.75	['C4', 'C5', 'D#4', 'G#2', 'G#3', 'G#4']	[True, False, True, True, True, False]	0.75	17
65.875	['C4', 'C5', 'D#4', 'G#2', 'G#3', 'G#4']	[False, False, False, False, False, False]	0.75	17
66.0	['C4', 'C5', 'D#4', 'G#2', 'G#3', 'G#4']	[False, False, False, True, False, False]	0.75	17
66.125	['C4', 'C5', 'D#4', 'G#2', 'G#3', 'G#4']	[False, False, False, False, False, False]	0.75	17
66.25	['C4', 'C5', 'D#4', 'G#2', 'G#3', 'G#4']	[False, False, False, True, False, False]	0.75	17
66.375	['C4', 'C5', 'D#4', 'G#2', 'G#3', 'G#4']	[True, False, True, True, True, False]	0.75	17
66.5	['C5', 'D#4', 'G#4']	[False, False, False]	0.125	17
66.625	['C4', 'C5', 'D#4', 'G#2', 'G#3', 'G#4']	[True, False, True, True, True, False]	0.125	17
66.75	['A#4', 'C4', 'C5', 'D#4', 'G#2', 'G#3', 'G#4']	[True, False, False, False, True, False, False]	0.125	17
66.875	['A#4', 'C4', 'D#4', 'G#2', 'G#3']	[False, False, False, False, False]	0.125	17
67.0	['C4', 'D#4', 'G#2', 'G#3', 'G#4']	[True, True, True, True, True]	0.125	17
67.125	['A#4', 'C4', 'D#2', 'D#4', 'G#2', 'G#3']	[True, False, True, False, False, False]	0.125	17
67.25	['A#4', 'C#2', 'C#4', 'F4', 'G#3', 'G#4']	[False, True, True, True, True, True]	0.5	17
67.375	['A#4', 'C#2', 'C#4', 'F4', 'G#3', 'G#4']	[False, True, True, True, True, False]	0.5	17
67.5	['A#4', 'C#2', 'C#4', 'F4', 'G#3', 'G#4']	[False, False, False, False, False, False]	0.5	17
67.625	['A#4', 'C#2', 'C#4', 'F4', 'G#3', 'G#4']	[True, True, False, False, False, False]	0.5	17
67.75	['A#4', 'C#2', 'C#4', 'F4', 'G#1', 'G#3']	[False, False, False, False, True, False]	0.125	17
67.875	['C#2', 'C#4', 'F4', 'G#1', 'G#3']	[True, False, False, False, False]	0.125	17
68.0	['C#2', 'C#4', 'E4', 'A4', 'G#3', 'G#4']	[True, True, True, True, True, True]	0.125	18
68.125	['C#2', 'A4', 'G#4']	[False, False, False]	0.125	18
68.25	['C#2', 'C#4', 'E4', 'A4', 'G#3', 'G#4']	[True, True, True, False, True, False]	0.25	18
68.375	['C#2', 'C#4', 'E4', 'A4', 'G#3', 'G#4']	[True, False, False, True, False, False]	0.25	18
68.5	['C#2', 'C#4', 'E4', 'A4', 'G#3']	[False, False, False, False, False]	0.125	18
68.625	['C#2', 'C#4', 'E4', 'G#3', 'G#4']	[True, False, False, False, True]	0.125	18
68.75	['C5', 'C#2', 'D#4', 'G#2', 'G#4']	[True, False, True, True, True]	0.125	18
68.875	['C5', 'D#4', 'G#2', 'G#4']	[False, False, False, False]	0.125	18
69.0	['C4', 'C5', 'D#4', 'G#2', 'G#3', 'G#4']	[True, False, True, True, True, False]	0.125	18
69.125	['C5', 'D#4', 'G#2', 'G#4']	[False, False, False, False]	0.125	18
69.25	['C4', 'C5', 'D#4', 'G#2', 'G#3', 'G#4']	[True, False, True, True, True, False]	0.75	18
69.375	['C4', 'C5', 'D#4', 'G#2', 'G#3', 'G#4']	[True, False, True, True, True, False]	0.75	18
69.5	['C4', 'C5', 'D#4', 'G#2', 'G#3', 'G#4']	[False, False, False, False, False, False]	0.75	18
69.625	['C4', 'C5', 'D#4', 'G#2', 'G#3', 'G#4']	[True, False, True, True, True, False]	0.75	18
69.75	['C4', 'C5', 'D#4', 'G#2', 'G#3', 'G#4']	[True, False, True, True, True, False]	0.75	18
69.875	['C4', 'C5', 'D#4', 'G#2', 'G#3', 'G#4']	[False, False, False, False, False, False]	0.75	18
70.0	['A#4', 'C4', 'C5', 'D#4', 'G#2', 'G#3', 'G#4']	[True, False, False, False, True, False, False]	0.125	18
70.125	['A#4', 'C4', 'D#4', 'G#2', 'G#3']	[False, False, False, False, False]	0.125	18
70.25	['C4', 'D#2', 'D#4', 'G#2', 'G#3', 'G#4']	[False, True, False, True, False, True]	0.125	18
70.375	['C#2', 'C#4', 'D#2', 'F4', 'G#3', 'G#4']	[True, True, False, True, True, True]	0.125	18
70.5	['C#4', 'F4', 'G#3', 'G#4']	[False, False, False, False]	0.125	18
70.625	['C#2', 'C#4', 'C#5', 'F4', 'G#3', 'G#4']	[True, False, True, False, False, False]	0.25	18
70.75	['C#2', 'C#4', 'C#5', 'F4', 'G#3', 'G#4']	[True, False, False, False, False, False]	0.25	18
70.875	['C#2', 'C#4', 'F4', 'G#3']	[False, False, False, False]	0.125	18
71.0	['C5', 'C#2', 'C#4', 'F4', 'G#1', 'G#3']	[True, False, False, False, True, False]	0.125	18
71.125	['C4', 'C5', 'C#2', 'C#4', 'E4', 'F4', 'G4', 'G#3']	[True, False, True, False, True, False, True, False]	0.125	18
71.25	['A#3', 'C2', 'C4', 'C5', 'E4', 'G4']	[True, True, True, False, True, True]	0.75	18
71.375	['A#3', 'C2', 'C4', 'C5', 'E4', 'G4']	[False, True, False, False, False, False]	0.75	18
71.5	['A#3', 'C2', 'C4', 'C5', 'E4', 'G4']	[False, False, False, True, False, False]	0.75	18
71.625	['A#3', 'C2', 'C4', 'C5', 'E4', 'G4']	[False, True, False, False, False, False]	0.75	18
71.75	['A#3', 'C2', 'C4', 'C5', 'E4', 'G4']	[False, True, False, True, False, False]	0.75	18
71.875	['A#3', 'C2', 'C4', 'C5', 'E4', 'G4']	[False, False, False, False, False, False]	0.75	18
72.0	['A#1', 'A#3', 'A#4', 'C#4', 'F4']	[True, True, True, True, True]	0.375	19
72.125	['A#1', 'A#3', 'A#4', 'C#4', 'F4']	[False, False, False, False, False]	0.375	19
72.25	['A#1', 'A#3', 'A#4', 'C#4', 'F4']	[True, True, False, True, True]	0.375	19
72.375	['A#1', 'A#3', 'C5', 'C#4', 'F4']	[True, True, True, True, True]	0.125	19
72.5	['A#1', 'C5']	[False, False]	0.125	19
72.625	['A#1', 'A#3', 'A#4', 'C#4', 'F4']	[True, True, True, True, True]	0.125	19
72.75	['A#1', 'A#3', 'A#4', 'D4', 'F4']	[True, True, False, True, True]	0.25	19
72.875	['A#1', 'A#3', 'A#4', 'D4', 'F4']	[False, False, False, False, False]	0.25	19
73.0	['A#1', 'A#3', 'D4', 'F4', 'G#4']	[True, False, False, False, True]	0.125	19
73.125	['A#1', 'A#3', 'D4', 'F4', 'F#4', 'G#4']	[False, False, False, False, True, False]	0.125	19
73.25	['A#1', 'A#3', 'D4', 'F4', 'F#4']	[True, False, False, False, False]	0.125	19
73.375	['A#0', 'A#1', 'A#3', 'D4', 'F4', 'F#4']	[True, False, False, False, False, False]	0.125	19
73.5	['A#0', 'A#3', 'D4', 'F4', 'F#4']	[False, False, False, False, False]	0.125	19
73.625	['A#3', 'A#4', 'D#2', 'D#4', 'F4', 'G3', 'G4']	[True, True, True, True, True, True, True]	0.375	19
73.75	['A#3', 'A#4', 'D#2', 'D#4', 'F4', 'G3', 'G4']	[False, False, True, False, False, False, False]	0.375	19
73.875	['A#3', 'A#4', 'D#2', 'D#4', 'F4', 'G3', 'G4']	[False, False, False, False, False, False, False]	0.375	19
74.0	['A#4', 'D#2', 'D#4', 'F4', 'G4']	[False, True, True, False, False]	0.125	19
74.125	['D#2', 'F4']	[False, False]	0.125	19
74.25	['A#4', 'D#1', 'F4', 'G4']	[True, True, False, True]	0.125	19
74.375	['C4', 'C5', 'D#4', 'F4', 'G#2', 'G#3', 'G#4']	[True, True, True, True, True, True, True]	0.5	19
74.5	['C4', 'C5', 'D#4', 'F4', 'G#2', 'G#3', 'G#4']	[False, False, False, False, False, False, False]	0.5	19
74.625	['C4', 'C5', 'D#4', 'F4', 'G#2', 'G#3', 'G#4']	[False, False, False, False, True, False, False]	0.5	19
74.75	['C4', 'C5', 'D#4', 'F4', 'G#2', 'G#3', 'G#4']	[False, False, False, False, True, False, False]	0.5	19
74.875	['C4', 'D#4', 'G#2', 'G#3']	[False, False, False, False]	0.125	19
75.0	['C4', 'C#4', 'D#4', 'G#2', 'G#3']	[False, True, False, True, False]	0.125	19
75.125	['C4', 'C#4', 'D#4', 'F4', 'G#2', 'G#3', 'G#4']	[False, True, False, True, False, False, True]	0.125	19
75.25	['C#2', 'C#4', 'F4', 'G#3', 'G#4']	[True, True, True, True, False]	0.75	19
75.375	['C#2', 'C#4', 'F4', 'G#3', 'G#4']	[True, False, False, False, False]	0.75	19
75.5	['C#2', 'C#4', 'F4', 'G#3', 'G#4']	[False, False, False, False, False]	0.75	19
75.625	['C#2', 'C#4', 'F4', 'G#3', 'G#4']	[True, False, False, False, False]	0.75	19
75.75	['C#2', 'C#4', 'F4', 'G#3', 'G#4']	[True, False, False, False, False]	0.75	19
75.875	['C#2', 'C#4', 'F4', 'G#3', 'G#4']	[False, False, False, False, False]	0.75	19
76.0	['C#2', 'C#4', 'F4', 'G#4']	[True, True, False, False]	0.625	20
76.125	['C#2', 'C#4', 'F4', 'G#4']	[False, False, False, False]	0.625	20
76.25	['C#2', 'C#4', 'F4', 'G#4']	[True, False, True, False]	0.625	20
76.375	['C#2', 'C#4', 'F4', 'G#4']	[True, False, False, True]	0.625	20
76.5	['C#2', 'C#4', 'F4', 'G#4']	[False, False, False, False]	0.625	20
76.625	['C#2', 'C#4', 'C#5']	[True, False, True]	0.125	20
76.75	['C#2', 'C#4', 'C#5', 'F4', 'G#1', 'G#3', 'G#4']	[True, True, False, True, True, True, True]	0.125	20
76.875	['C#4', 'F4', 'G#3', 'G#4']	[False, True, False, False]	0.125	20
77.0	['C#2', 'C#4', 'F4', 'G#3', 'G#4']	[True, True, True, True, False]	0.25	20
77.125	['C#2', 'C#4', 'F4', 'G#3', 'G#4']	[False, False, False, False, False]	0.25	20
77.25	['A#3', 'C#4', 'F4', 'F#4', 'G#4']	[True, True, False, True, False]	0.125	20
77.375	['A#3', 'C#2', 'C#4', 'F4', 'F#4']	[True, True, True, False, True]	0.25	20
77.5	['A#3', 'C#2', 'C#4', 'F4', 'F#4']	[False, False, False, False, False]	0.25	20
77.625	['A#1', 'C#4', 'F4', 'G#3']	[True, True, True, True]	0.375	20
77.75	['A#1', 'C#4', 'F4', 'G#3']	[True, True, True, True]	0.375	20
77.875	['A#1', 'C#4', 'F4', 'G#3']	[False, False, False, False]	0.375	20
78.0	['A#3', 'C#4', 'F#4', 'G#1']	[True, True, True, True]	0.125	20
78.125		[]	0.125	20
78.25	['A#3', 'C#4', 'F#4', 'G#1']	[True, True, True, True]	0.125	20
78.375	['C#2', 'C#4', 'F4', 'G#3']	[True, True, True, True]	0.125	20
78.5	['C#4', 'F4', 'G#3']	[False, False, False]	0.125	20
78.625	['G#1']	[True]	0.125	20
78.75	['A#1', 'C5', 'D#4', 'G#4']	[True, True, True, True]	0.125	20
78.875	['A#1']	[False]	0.125	20
79.0	['A#1', 'C#2', 'C#4', 'F4', 'G#3', 'G#4']	[False, True, True, True, True, True]	0.125	20
79.125	['C#2', 'C#4', 'F4', 'G#3', 'G#4']	[False, False, False, False, False]	0.5	20
79.25	['C#2', 'C#4', 'F4', 'G#3', 'G#4']	[False, False, False, False, False]	0.5	20
79.375	['C#2', 'C#4', 'F4', 'G#3', 'G#4']	[False, False, False, False, False]	0.5	20
79.5	['C#2', 'C#4', 'F4', 'G#3', 'G#4']	[False, False, False, False, False]	0.5	20
79.625	['G#4']	[False]	0.25	20
79.75	['G#4']	[False]	0.25	20
79.875		[]	0.25	20
80.0		[]	0.25	21
