j_offset	s_notes	s_isOnset	s_duration	s_measure
0.0		[]	3.75	1
0.125		[]	3.75	1
0.25		[]	3.75	1
0.375		[]	3.75	1
0.5		[]	3.75	1
0.625		[]	3.75	1
0.75		[]	3.75	1
0.875		[]	3.75	1
1.0		[]	3.75	1
1.125		[]	3.75	1
1.25		[]	3.75	1
1.375		[]	3.75	1
1.5		[]	3.75	1
1.625		[]	3.75	1
1.75		[]	3.75	1
1.875		[]	3.75	1
2.0		[]	3.75	1
2.125		[]	3.75	1
2.25		[]	3.75	1
2.375		[]	3.75	1
2.5		[]	3.75	1
2.625		[]	3.75	1
2.75		[]	3.75	1
2.875		[]	3.75	1
3.0		[]	3.75	1
3.125		[]	3.75	1
3.25		[]	3.75	1
3.375		[]	3.75	1
3.5		[]	3.75	1
3.625		[]	3.75	1
3.75	['B3', 'B4', 'E1', 'E3', 'G#3']	[True, True, True, True, True]	0.125	1
3.875	['B3', 'B4', 'E1', 'E3', 'E4', 'G#3', 'G#4']	[False, False, False, False, True, False, True]	0.375	1
4.0	['B3', 'B4', 'E1', 'E3', 'E4', 'G#3', 'G#4']	[False, False, False, False, False, True, False]	0.375	2
4.125	['B3', 'B4', 'E1', 'E3', 'E4', 'G#3', 'G#4']	[False, False, False, False, False, False, False]	0.375	2
4.25	['B3', 'B4', 'E1', 'E4', 'G#3', 'G#4']	[True, False, False, False, False, True]	0.25	2
4.375	['B3', 'B4', 'E1', 'E4', 'G#3', 'G#4']	[False, False, False, False, False, False]	0.25	2
4.5	['B3', 'B4', 'E1', 'E3', 'E4', 'F#4', 'G#3', 'G#4']	[True, False, False, True, True, True, True, False]	0.125	2
4.625	['B3', 'B4', 'E1', 'E4', 'F#4', 'G#3', 'G#4']	[False, False, False, False, False, False, False]	0.125	2
4.75	['B3', 'B4', 'E1', 'E3', 'E4', 'F#4', 'G#3', 'G#4']	[True, False, False, True, False, False, True, True]	0.125	2
4.875	['B3', 'B4', 'E1', 'E3', 'E4', 'G#3', 'G#4']	[False, False, False, False, False, False, False]	0.125	2
5.0	['B3', 'B4', 'E1', 'E3', 'E4', 'F#4', 'G#3', 'G#4']	[False, True, False, False, False, True, False, False]	0.375	2
5.125	['B3', 'B4', 'E1', 'E3', 'E4', 'F#4', 'G#3', 'G#4']	[False, False, False, False, False, False, False, False]	0.375	2
5.25	['B3', 'B4', 'E1', 'E3', 'E4', 'F#4', 'G#3', 'G#4']	[False, False, False, False, False, False, False, True]	0.375	2
5.375	['B4', 'E1', 'E4', 'G#4']	[False, False, False, False]	0.25	2
5.5	['B4', 'E1', 'E4', 'G#4']	[False, False, True, False]	0.25	2
5.625	['B4', 'C#5', 'E1', 'E4', 'A3', 'G#4']	[False, True, False, False, True, False]	0.125	2
5.75	['C#4', 'C#5', 'E1', 'E3', 'E4', 'A1', 'A3', 'A4', 'G#4']	[True, False, False, True, False, True, True, True, True]	0.125	2
5.875	['C#4', 'C#5', 'E3', 'E4', 'A1', 'A3', 'A4', 'G#4']	[False, False, False, False, False, False, False, False]	0.25	2
6.0	['C#4', 'C#5', 'E3', 'E4', 'A1', 'A3', 'A4', 'G#4']	[False, False, False, True, False, False, False, True]	0.25	2
6.125	['C#5', 'E3', 'E4', 'A1', 'A3', 'A4', 'G#4']	[False, False, False, False, False, False, False]	0.125	2
6.25	['C#4', 'C#5', 'E4', 'A1', 'A3', 'A4', 'G#4']	[True, False, False, False, False, False, False]	0.125	2
6.375	['C#4', 'C#5', 'E3', 'E4', 'A1', 'A3', 'G#4']	[True, False, True, False, False, True, False]	0.875	2
6.5	['C#4', 'C#5', 'E3', 'E4', 'A1', 'A3', 'G#4']	[False, False, False, False, False, False, False]	0.875	2
6.625	['C#4', 'C#5', 'E3', 'E4', 'A1', 'A3', 'G#4']	[True, False, True, False, False, True, False]	0.875	2
6.75	['C#4', 'C#5', 'E3', 'E4', 'A1', 'A3', 'G#4']	[False, False, False, False, False, False, False]	0.875	2
6.875	['C#4', 'C#5', 'E3', 'E4', 'A1', 'A3', 'G#4']	[False, False, False, False, False, True, False]	0.875	2
7.0	['C#4', 'C#5', 'E3', 'E4', 'A1', 'A3', 'G#4']	[False, False, False, False, False, False, False]	0.875	2
7.125	['C#4', 'C#5', 'E3', 'E4', 'A1', 'A3', 'G#4']	[True, False, False, False, False, False, False]	0.875	2
7.25	['C#4', 'C#5', 'E4', 'A1', 'A3', 'G#4']	[False, False, False, False, False, False]	0.125	2
7.375	['C#4', 'C#5', 'E4', 'A1', 'A3']	[False, False, True, False, False]	0.125	2
7.5	['E4', 'D#5', 'A1', 'A3']	[False, True, False, False]	0.125	2
7.625	['B1', 'B3', 'B4', 'E4', 'D#4', 'D#5', 'F#3', 'F#4', 'A1']	[True, True, True, False, True, False, True, True, False]	0.125	2
7.75	['B1', 'B3', 'B4', 'D#4', 'D#5', 'F#3', 'F#4']	[False, False, False, False, False, False, False]	0.375	2
7.875	['B1', 'B3', 'B4', 'D#4', 'D#5', 'F#3', 'F#4']	[False, False, False, True, False, False, False]	0.375	2
8.0	['B1', 'B3', 'B4', 'D#4', 'D#5', 'F#3', 'F#4']	[False, False, False, False, False, False, False]	0.375	3
8.125	['B1', 'B4', 'D#4', 'D#5', 'F#4']	[False, False, False, False, True]	0.25	3
8.25	['B1', 'B4', 'D#4', 'D#5', 'F#4']	[False, False, False, False, False]	0.25	3
8.375	['B1', 'B3', 'B4', 'D#4', 'D#5', 'F#3', 'F#4']	[False, True, True, True, False, True, True]	0.125	3
8.5	['B1', 'B4', 'D#4', 'D#5', 'F#4']	[False, False, False, False, False]	0.125	3
8.625	['B1', 'B3', 'B4', 'D#4', 'D#5', 'F#3', 'F#4']	[False, True, False, True, True, True, False]	0.375	3
8.75	['B1', 'B3', 'B4', 'D#4', 'D#5', 'F#3', 'F#4']	[False, False, True, False, False, False, False]	0.375	3
8.875	['B1', 'B3', 'B4', 'D#4', 'D#5', 'F#3', 'F#4']	[False, False, True, False, False, False, False]	0.375	3
9.0	['B1', 'B4', 'D#4', 'D#5', 'F#4', 'A3']	[False, False, False, False, True, True]	0.125	3
9.125	['B1', 'B4', 'D#5', 'F#4', 'A3']	[False, False, False, False, False]	0.125	3
9.25	['B1', 'B4', 'D#4', 'D#5', 'F#4', 'A3']	[False, False, True, False, False, False]	0.25	3
9.375	['B1', 'B4', 'D#4', 'D#5', 'F#4', 'A3']	[False, False, False, False, False, False]	0.25	3
9.5	['B1', 'B3', 'B4', 'D#4', 'D#5', 'F#4', 'G#1', 'G#3', 'G#4']	[False, True, False, True, True, False, True, True, True]	0.125	3
9.625	['B3', 'B4', 'D#4', 'D#5', 'G#1', 'G#3', 'G#4']	[False, False, False, False, False, False, False]	0.375	3
9.75	['B3', 'B4', 'D#4', 'D#5', 'G#1', 'G#3', 'G#4']	[False, True, False, False, False, False, False]	0.375	3
9.875	['B3', 'B4', 'D#4', 'D#5', 'G#1', 'G#3', 'G#4']	[False, False, False, False, False, False, False]	0.375	3
10.0	['B3', 'B4', 'D#5', 'G#1', 'G#3', 'G#4']	[False, False, False, False, False, True]	0.125	3
10.125	['B4', 'D#5', 'G#1', 'G#4']	[False, False, False, False]	0.125	3
10.25	['B3', 'B4', 'D#4', 'D#5', 'G#1', 'G#3', 'G#4']	[True, False, True, False, False, True, False]	0.125	3
10.375	['B4', 'D#5', 'G#1', 'G#3', 'G#4']	[False, False, False, False, False]	0.125	3
10.5	['B3', 'B4', 'D#4', 'D#5', 'F#4', 'G#1', 'G#3']	[True, False, True, False, True, False, True]	0.5	3
10.625	['B3', 'B4', 'D#4', 'D#5', 'F#4', 'G#1', 'G#3']	[False, False, False, False, False, False, False]	0.5	3
10.75	['B3', 'B4', 'D#4', 'D#5', 'F#4', 'G#1', 'G#3']	[False, False, False, False, False, False, True]	0.5	3
10.875	['B3', 'B4', 'D#4', 'D#5', 'F#4', 'G#1', 'G#3']	[False, False, False, False, False, False, False]	0.5	3
11.0	['B4', 'D#3', 'D#5', 'F#4', 'G#1']	[False, True, False, False, False]	0.125	3
11.125	['B4', 'D#3', 'D#5', 'F#4', 'G#1', 'G#3']	[False, False, False, False, False, True]	0.125	3
11.25	['B4', 'D#5', 'F#4', 'G#1', 'G#3']	[False, False, False, False, False]	0.125	3
11.375	['B4', 'C#2', 'E3', 'E4', 'D#5', 'G#1', 'G#3', 'G#4']	[False, True, True, True, False, False, True, True]	0.125	3
11.5	['C#2', 'C#3', 'C#4', 'E3', 'E4', 'D#5', 'G#3', 'G#4']	[False, True, True, True, False, False, False, False]	0.25	3
11.625	['C#2', 'C#3', 'C#4', 'E3', 'E4', 'D#5', 'G#3', 'G#4']	[False, False, False, False, False, False, True, False]	0.25	3
11.75	['C#2', 'C#3', 'C#4', 'E3', 'E4', 'G#3', 'G#4']	[False, False, False, False, False, False, False]	0.125	3
11.875	['C#2', 'C#4', 'E3', 'E4', 'G#3', 'G#4']	[False, True, False, False, False, False]	0.125	3
12.0	['C#2', 'C#4', 'E4', 'G#4']	[False, False, False, False]	0.125	4
12.125	['C#2', 'C#3', 'C#4', 'E3', 'E4', 'G#3', 'G#4']	[False, True, True, True, True, True, False]	0.125	4
12.25	['C#2', 'C#4', 'E3', 'E4', 'G#3', 'G#4']	[False, False, False, False, False, False]	0.125	4
12.375	['C#2', 'C#3', 'C#4', 'E3', 'E4', 'G#3', 'G#4']	[False, True, False, True, True, True, True]	0.25	4
12.5	['C#2', 'C#3', 'C#4', 'E3', 'E4', 'G#3', 'G#4']	[False, False, False, False, False, False, False]	0.25	4
12.625	['C#2', 'C#3', 'C#4', 'C#5', 'E3', 'E4', 'G#3', 'G#4']	[False, False, False, True, False, True, False, False]	0.25	4
12.75	['C#2', 'C#3', 'C#4', 'C#5', 'E3', 'E4', 'G#3', 'G#4']	[False, False, False, False, False, False, False, False]	0.25	4
12.875	['C#2', 'C#4', 'C#5', 'E4', 'D#4', 'G#4']	[False, False, False, True, True, True]	0.125	4
13.0	['C#2', 'C#4', 'E4', 'D#4', 'G#4']	[False, False, False, False, False]	0.125	4
13.125	['C#2', 'C#4', 'E4', 'G#4']	[False, False, True, False]	0.25	4
13.25	['C#2', 'C#4', 'E4', 'G#4']	[False, False, False, False]	0.25	4
13.375	['B1', 'B2', 'B3', 'C#4', 'C#5', 'E3', 'E4', 'G#3', 'G#4']	[True, True, True, False, True, True, False, True, False]	0.125	4
13.5	['B1', 'B2', 'B3', 'C#5', 'E3', 'E4', 'G#3', 'G#4']	[False, False, False, False, False, False, False, False]	0.125	4
13.625	['B1', 'B2', 'B3', 'B4', 'C#5', 'E3', 'E4', 'G#3', 'G#4']	[False, False, False, True, False, False, False, False, False]	0.25	4
13.75	['B1', 'B2', 'B3', 'B4', 'C#5', 'E3', 'E4', 'G#3', 'G#4']	[False, False, False, False, False, False, False, False, True]	0.25	4
13.875	['B1', 'B3', 'B4', 'E4', 'G#4']	[False, False, False, False, False]	0.125	4
14.0	['B1', 'B2', 'B3', 'B4', 'E3', 'E4', 'G#3', 'G#4']	[False, True, False, False, True, True, True, False]	0.125	4
14.125	['B1', 'B2', 'B3', 'E3', 'E4', 'G#3', 'G#4']	[False, False, False, False, False, False, False]	0.125	4
14.25	['B1', 'B2', 'B3', 'C#4', 'E3', 'E4', 'D#4', 'G#3', 'G#4']	[False, True, False, True, True, False, True, True, False]	0.375	4
14.375	['B1', 'B2', 'B3', 'C#4', 'E3', 'E4', 'D#4', 'G#3', 'G#4']	[False, False, False, False, False, False, False, False, False]	0.375	4
14.5	['B1', 'B2', 'B3', 'C#4', 'E3', 'E4', 'D#4', 'G#3', 'G#4']	[False, False, True, False, False, False, False, False, False]	0.375	4
14.625	['B1', 'B2', 'B3', 'E3', 'E4', 'D#4', 'G#3', 'G#4']	[False, False, False, False, False, False, False, False]	0.25	4
14.75	['B1', 'B2', 'B3', 'E3', 'E4', 'D#4', 'G#3', 'G#4']	[False, False, False, False, True, False, True, False]	0.25	4
14.875	['B1', 'B3', 'E4', 'G#3', 'G#4']	[False, False, False, False, False]	0.125	4
15.0	['B1', 'B3', 'E3', 'E4', 'G#3', 'G#4']	[False, False, True, False, False, False]	0.125	4
15.125	['B1', 'B3', 'E3', 'E4', 'G#4']	[False, False, False, False, False]	0.125	4
15.25	['B1', 'B3', 'A#1', 'A#2', 'A#3', 'C#3', 'C#4', 'E3', 'E4', 'G#3', 'G#4']	[False, False, True, True, True, True, True, False, False, True, False]	0.125	4
15.375	['A#1', 'A#2', 'A#3', 'C#3', 'C#4', 'G#3', 'G#4']	[False, False, False, False, False, False, False]	0.375	4
15.5	['A#1', 'A#2', 'A#3', 'C#3', 'C#4', 'G#3', 'G#4']	[False, False, False, False, True, False, False]	0.375	4
15.625	['A#1', 'A#2', 'A#3', 'C#3', 'C#4', 'G#3', 'G#4']	[False, False, False, False, False, False, False]	0.375	4
15.75	['A#1', 'A#3', 'C#4', 'E4', 'G#4']	[False, False, False, True, False]	0.125	4
15.875	['A#1', 'C#4', 'E4', 'G#4']	[False, False, False, False]	0.125	4
16.0	['A#1', 'A#2', 'C#3', 'C#4', 'E4', 'G#3', 'G#4']	[False, True, True, False, False, True, True]	0.125	5
16.125	['A#1', 'C#4', 'E4', 'G#4']	[False, False, False, True]	0.125	5
16.25	['A#1', 'A#2', 'C#3', 'C#4', 'C#5', 'E4', 'G#3', 'G#4']	[False, True, True, False, True, False, True, False]	0.125	5
16.375	['A#1', 'A#2', 'C#3', 'C#4', 'C#5', 'G#3', 'G#4']	[False, False, False, False, False, False, True]	0.125	5
16.5	['A#1', 'A#2', 'C#3', 'C#4', 'G#3', 'G#4']	[False, False, False, False, False, False]	0.125	5
16.625	['A#1', 'A#2', 'C#3', 'C#4', 'E4', 'G#3', 'G#4']	[False, False, False, True, True, False, False]	0.125	5
16.75	['A#1', 'A#2', 'C#4', 'E4', 'G#4']	[False, False, False, False, False]	0.125	5
16.875	['A#1', 'C#4', 'E4', 'G#3', 'G#4']	[False, False, False, True, False]	0.25	5
17.0	['A#1', 'C#4', 'E4', 'G#3', 'G#4']	[False, False, False, False, False]	0.25	5
17.125	['A#1', 'C#3', 'C#4', 'E4', 'G3', 'G4', 'A1', 'A2', 'A3', 'A4', 'G#3', 'G#4']	[False, True, False, False, True, True, True, True, True, True, False, False]	0.125	5
17.25	['C#3', 'C#4', 'G3', 'G4', 'F#4', 'A1', 'A2', 'A3', 'A4']	[False, False, False, False, True, False, False, False, False]	0.125	5
17.375	['C#3', 'C#4', 'E4', 'G3', 'G4', 'F#4', 'A1', 'A2', 'A3', 'A4']	[False, False, True, False, False, False, False, False, False, False]	0.125	5
17.5	['C#3', 'C#4', 'E4', 'G3', 'F#4', 'A1', 'A2', 'A3']	[False, False, False, False, False, False, False, False]	0.125	5
17.625	['C#4', 'E4', 'A1', 'A3']	[True, False, False, False]	0.25	5
17.75	['C#4', 'E4', 'A1', 'A3']	[False, False, False, False]	0.25	5
17.875	['C#3', 'C#4', 'G3', 'A1', 'A2', 'A3']	[True, False, True, False, True, True]	0.125	5
18.0	['C#4', 'A1', 'A3']	[False, False, False]	0.125	5
18.125	['B3', 'C#3', 'C#4', 'E3', 'G3', 'A1', 'A2', 'A3']	[True, True, False, True, True, False, True, False]	0.25	5
18.25	['B3', 'C#3', 'C#4', 'E3', 'G3', 'A1', 'A2', 'A3']	[False, False, True, False, False, False, False, False]	0.25	5
18.375	['B3', 'C#3', 'C#4', 'E4', 'G3', 'A1', 'A2', 'A3']	[False, False, False, True, False, False, False, True]	0.125	5
18.5	['C#3', 'C#4', 'E4', 'G3', 'A1', 'A2', 'A3']	[False, False, False, False, False, False, False]	0.125	5
18.625	['C#3', 'C#4', 'E4', 'A1', 'A3']	[False, True, False, False, False]	0.125	5
18.75	['C#4', 'E4', 'A1', 'A3']	[False, True, False, False]	0.25	5
18.875	['C#4', 'E4', 'A1', 'A3']	[False, False, False, False]	0.25	5
19.0	['B2', 'B3', 'C#4', 'E1', 'E3', 'E4', 'A1', 'A3', 'G#3', 'G#4']	[True, True, False, True, True, True, False, False, True, True]	0.25	5
19.125	['B2', 'B3', 'C#4', 'E1', 'E3', 'E4', 'A1', 'A3', 'G#3', 'G#4']	[False, False, False, False, False, False, False, False, False, False]	0.25	5
19.25	['B2', 'B3', 'E1', 'E3', 'E4', 'G#3', 'G#4']	[False, False, False, False, True, False, False]	0.125	5
19.375	['B2', 'B3', 'E1', 'E3', 'E4', 'G#3']	[False, False, False, False, False, False]	0.125	5
19.5	['B2', 'B3', 'E1', 'E3', 'E4']	[False, True, False, False, False]	0.125	5
19.625	['B3', 'E1', 'E4']	[False, False, False]	0.125	5
19.75	['B2', 'B3', 'E1', 'E3', 'E4', 'G#3']	[True, False, False, True, False, True]	0.125	5
19.875	['B3', 'E1', 'E4']	[False, False, False]	0.125	5
20.0	['B2', 'B3', 'E1', 'E3', 'E4', 'G#3']	[True, False, False, True, True, True]	0.5	6
20.125	['B2', 'B3', 'E1', 'E3', 'E4', 'G#3']	[False, False, False, False, False, False]	0.5	6
20.25	['B2', 'B3', 'E1', 'E3', 'E4', 'G#3']	[False, False, False, False, True, True]	0.5	6
20.375	['B2', 'B3', 'E1', 'E3', 'E4', 'G#3']	[False, False, False, False, False, False]	0.5	6
20.5	['B2', 'B3', 'E1', 'E4', 'G#3']	[False, True, False, True, False]	0.125	6
20.625	['B3', 'E1', 'E4']	[False, False, False]	0.25	6
20.75	['B3', 'E1', 'E4']	[False, False, True]	0.25	6
20.875	['B3', 'E1', 'E4', 'F#3']	[False, False, False, True]	0.125	6
21.0	['B1', 'B2', 'B3', 'B4', 'E4', 'D#3', 'D#4', 'F#3', 'F#4', 'G#4']	[True, True, False, True, False, True, True, True, True, True]	0.125	6
21.125	['B1', 'B2', 'B3', 'B4', 'D#3', 'D#4', 'F#3', 'F#4', 'G#4']	[False, False, False, False, False, False, False, True, False]	0.125	6
21.25	['B1', 'B2', 'B3', 'D#3', 'D#4', 'F#3', 'F#4']	[False, False, False, False, False, False, True]	0.25	6
21.375	['B1', 'B2', 'B3', 'D#3', 'D#4', 'F#3', 'F#4']	[False, False, False, False, True, False, False]	0.25	6
21.5	['B1', 'B3', 'D#4', 'F#3', 'F#4']	[False, False, False, False, False]	0.125	6
21.625	['B1', 'B2', 'B3', 'D#3', 'D#4', 'F#3', 'F#4']	[False, True, True, True, False, True, False]	0.25	6
21.75	['B1', 'B2', 'B3', 'D#3', 'D#4', 'F#3', 'F#4']	[False, False, False, False, False, False, False]	0.25	6
21.875	['B1', 'B2', 'B3', 'E4', 'D#3', 'D#4', 'F#3', 'F#4']	[False, True, False, True, True, False, True, False]	0.375	6
22.0	['B1', 'B2', 'B3', 'E4', 'D#3', 'D#4', 'F#3', 'F#4']	[False, False, False, False, False, False, False, False]	0.375	6
22.125	['B1', 'B2', 'B3', 'E4', 'D#3', 'D#4', 'F#3', 'F#4']	[False, False, True, False, False, False, False, True]	0.375	6
22.25	['B1', 'B2', 'B3', 'D#3', 'D#4', 'F#3', 'F#4']	[False, False, False, False, False, False, False]	0.25	6
22.375	['B1', 'B2', 'B3', 'D#3', 'D#4', 'F#3', 'F#4']	[False, False, False, False, True, False, False]	0.25	6
22.5	['B1', 'B3', 'D#4', 'F#3', 'F#4']	[False, False, False, False, False]	0.25	6
22.625	['B1', 'B3', 'D#4', 'F#3', 'F#4']	[False, False, False, False, True]	0.25	6
22.75	['B1', 'B3', 'D#4', 'F#3', 'F#4', 'G#3', 'G#4']	[False, False, False, False, False, True, True]	0.125	6
22.875	['B3', 'C2', 'C3', 'C4', 'C5', 'D#3', 'D#4', 'G#3', 'G#4']	[False, True, True, True, True, True, False, True, False]	0.125	6
23.0	['C2', 'C3', 'C4', 'C5', 'D#3', 'D#4', 'G#3', 'G#4']	[False, False, False, False, False, False, False, False]	0.25	6
23.125	['C2', 'C3', 'C4', 'C5', 'D#3', 'D#4', 'G#3', 'G#4']	[False, False, False, False, False, False, False, True]	0.25	6
23.25	['C2', 'C3', 'C4', 'D#3', 'D#4', 'G#3', 'G#4']	[False, False, False, False, False, False, False]	0.25	6
23.375	['C2', 'C3', 'C4', 'D#3', 'D#4', 'G#3', 'G#4']	[False, False, False, False, True, False, True]	0.25	6
23.5	['C2', 'C4', 'D#4', 'G#3', 'G#4']	[False, False, False, False, False]	0.125	6
23.625	['C2', 'C3', 'C4', 'D#3', 'D#4', 'G#3', 'G#4']	[False, True, True, True, False, True, False]	0.125	6
23.75	['C2', 'C4', 'D#4', 'G#3', 'G#4']	[False, False, False, True, False]	0.125	6
23.875	['B4', 'C2', 'C3', 'C4', 'D#3', 'D#4', 'G#3', 'G#4']	[True, False, True, False, True, False, True, False]	0.125	6
24.0	['B4', 'C2', 'C3', 'C4', 'C#5', 'D#3', 'D#4', 'G#3', 'G#4']	[False, False, False, True, True, False, False, False, False]	0.25	7
24.125	['B4', 'C2', 'C3', 'C4', 'C#5', 'D#3', 'D#4', 'G#3', 'G#4']	[False, False, False, False, False, False, False, False, False]	0.25	7
24.25	['C2', 'C3', 'C4', 'C#5', 'D#3', 'D#4', 'G#3', 'G#4']	[False, False, False, False, False, True, False, False]	0.25	7
24.375	['C2', 'C3', 'C4', 'C#5', 'D#3', 'D#4', 'G#3', 'G#4']	[False, False, False, False, False, False, False, False]	0.25	7
24.5	['C2', 'C3', 'C4', 'C#5', 'D#4', 'G#3', 'G#4']	[False, False, False, False, False, False, True]	0.125	7
24.625	['C2', 'C4', 'C#4', 'C#5', 'E4', 'D#4', 'G#3', 'G#4']	[False, False, True, False, True, False, False, False]	0.125	7
24.75	['C2', 'C4', 'C#2', 'C#3', 'C#4', 'C#5', 'E3', 'E4', 'D#4', 'G4', 'G#3', 'G#4']	[False, False, True, True, False, True, True, False, False, True, True, False]	0.125	7
24.875	['C#2', 'C#3', 'C#4', 'C#5', 'E3', 'E4', 'G4', 'F#4', 'G#3', 'G#4']	[False, False, False, False, False, False, False, True, False, False]	0.125	7
25.0	['C#2', 'C#3', 'C#4', 'C#5', 'E3', 'E4', 'F#4', 'G#3', 'G#4']	[False, False, False, False, False, True, False, False, True]	0.125	7
25.125	['C#2', 'C#3', 'C#4', 'C#5', 'E3', 'E4', 'G#3', 'G#4']	[False, False, False, False, False, False, False, False]	0.125	7
25.25	['C#2', 'C#4', 'E4', 'G#3', 'G#4']	[False, False, True, False, False]	0.25	7
25.375	['C#2', 'C#4', 'E4', 'G#3', 'G#4']	[False, False, False, False, False]	0.25	7
25.5	['C#2', 'C#3', 'C#4', 'E3', 'E4', 'G#3', 'G#4']	[False, True, True, True, False, True, False]	0.125	7
25.625	['C#2', 'C#4', 'E4', 'G#3', 'G#4']	[False, False, False, False, False]	0.125	7
25.75	['C#2', 'C#3', 'C#4', 'E3', 'E4', 'G#3', 'G#4']	[False, True, False, True, False, True, False]	0.5	7
25.875	['C#2', 'C#3', 'C#4', 'E3', 'E4', 'G#3', 'G#4']	[False, False, False, False, False, False, False]	0.5	7
26.0	['C#2', 'C#3', 'C#4', 'E3', 'E4', 'G#3', 'G#4']	[False, False, False, True, False, False, False]	0.5	7
26.125	['C#2', 'C#3', 'C#4', 'E3', 'E4', 'G#3', 'G#4']	[False, False, False, False, False, True, False]	0.5	7
26.25	['C#2', 'C#4', 'E3', 'E4', 'G#3', 'G#4']	[False, False, True, False, True, False]	0.125	7
26.375	['C#2', 'C#3', 'C#4', 'E3', 'E4', 'G#3', 'G#4']	[False, True, True, False, False, False, False]	0.125	7
26.5	['C#2', 'C#3', 'C#4', 'E4', 'G#3', 'G#4']	[False, False, False, False, False, False]	0.125	7
26.625	['B2', 'B3', 'C#2', 'C#4', 'E1', 'E3', 'E4', 'G#3', 'G#4']	[True, True, False, False, True, True, False, True, False]	0.125	7
26.75	['B2', 'B3', 'C#2', 'E1', 'E3', 'E4', 'G#3', 'G#4']	[False, False, False, False, False, False, False, False]	0.125	7
26.875	['B2', 'B3', 'E1', 'E3', 'E4', 'G#3', 'G#4']	[False, False, False, False, False, True, False]	0.25	7
27.0	['B2', 'B3', 'E1', 'E3', 'E4', 'G#3', 'G#4']	[False, False, False, False, False, False, False]	0.25	7
27.125	['B3', 'E1', 'E4', 'G#3', 'G#4']	[True, False, True, False, False]	0.25	7
27.25	['B3', 'E1', 'E4', 'G#3', 'G#4']	[False, False, False, False, False]	0.25	7
27.375	['B2', 'B3', 'E1', 'E3', 'E4', 'G#3', 'G#4']	[True, False, False, True, True, True, False]	0.125	7
27.5	['B3', 'E1', 'E4', 'G#3', 'G#4']	[False, False, False, False, False]	0.125	7
27.625	['B2', 'B3', 'E1', 'E3', 'E4', 'G#3', 'G#4']	[True, False, False, True, False, True, True]	0.25	7
27.75	['B2', 'B3', 'E1', 'E3', 'E4', 'G#3', 'G#4']	[False, False, False, False, False, False, False]	0.25	7
27.875	['B2', 'B3', 'B4', 'E1', 'E3', 'E4', 'G#3', 'G#4']	[False, False, True, False, False, False, False, True]	0.25	7
28.0	['B2', 'B3', 'B4', 'E1', 'E3', 'E4', 'G#3', 'G#4']	[False, False, False, False, False, False, False, False]	0.25	8
28.125	['B2', 'B3', 'B4', 'E1', 'E4', 'E5', 'G#3', 'G#4']	[False, False, True, False, False, True, False, False]	0.125	8
28.25	['B3', 'B4', 'E1', 'E4', 'E5', 'G#3', 'G#4']	[False, False, False, False, False, False, False]	0.125	8
28.375	['B3', 'B4', 'E1', 'E4', 'G#3', 'G#4']	[False, True, False, False, False, False]	0.125	8
28.5	['B3', 'B4', 'C#4', 'C#5', 'E1', 'E4', 'F#1', 'F#4', 'A3', 'A4', 'G#3', 'G#4']	[False, False, True, True, False, False, True, True, True, True, False, False]	0.125	8
28.625	['B3', 'C#3', 'C#4', 'C#5', 'F#1', 'F#3', 'F#4', 'A3', 'A4', 'G#4']	[False, True, False, False, False, True, False, True, False, False]	0.125	8
28.75	['C#3', 'C#4', 'C#5', 'F#1', 'F#3', 'F#4', 'A3', 'A4']	[False, False, False, False, False, False, False, True]	0.25	8
28.875	['C#3', 'C#4', 'C#5', 'F#1', 'F#3', 'F#4', 'A3', 'A4']	[False, False, False, False, False, False, False, False]	0.25	8
29.0	['C#3', 'C#4', 'C#5', 'F#1', 'F#4', 'A3', 'A4']	[False, False, False, False, True, False, False]	0.125	8
29.125	['C#4', 'C#5', 'F#1', 'F#4', 'A3', 'A4']	[False, False, False, False, False, False]	0.125	8
29.25	['C#3', 'C#4', 'C#5', 'F#1', 'F#3', 'F#4', 'A3', 'A4']	[True, True, False, False, True, False, True, False]	0.125	8
29.375	['C#4', 'C#5', 'F#1', 'F#3', 'F#4', 'A3', 'A4']	[False, False, False, False, False, False, False]	0.125	8
29.5	['C#3', 'C#4', 'F#1', 'F#3', 'F#4', 'A3', 'A4', 'G#4']	[True, False, False, True, False, True, False, True]	0.25	8
29.625	['C#3', 'C#4', 'F#1', 'F#3', 'F#4', 'A3', 'A4', 'G#4']	[False, False, False, False, True, False, False, False]	0.25	8
29.75	['C#3', 'C#4', 'E4', 'F#1', 'F#3', 'F#4', 'A3', 'A4']	[False, False, True, False, True, False, False, False]	0.25	8
29.875	['C#3', 'C#4', 'E4', 'F#1', 'F#3', 'F#4', 'A3', 'A4']	[False, False, False, False, False, True, False, False]	0.25	8
30.0	['C#4', 'F#1', 'F#3', 'F#4', 'A3', 'A4']	[False, False, False, False, True, False]	0.125	8
30.125	['C#4', 'F#1', 'F#4', 'A3', 'A4']	[False, False, False, False, False]	0.375	8
30.25	['C#4', 'F#1', 'F#4', 'A3', 'A4']	[True, False, False, False, False]	0.375	8
30.375	['C#4', 'F#1', 'F#4', 'A3', 'A4']	[False, False, False, False, False]	0.375	8
30.5	['C#3', 'C#4', 'E3', 'E4', 'F#1', 'F#4', 'A1', 'A2', 'A3', 'A4']	[True, False, True, True, False, False, True, True, True, True]	0.125	8
30.625	['C#3', 'C#4', 'E3', 'E4', 'F#4', 'A1', 'A2', 'A3', 'A4']	[False, False, False, False, False, False, False, False, False]	0.375	8
30.75	['C#3', 'C#4', 'E3', 'E4', 'F#4', 'A1', 'A2', 'A3', 'A4']	[False, False, False, True, False, False, False, False, False]	0.375	8
30.875	['C#3', 'C#4', 'E3', 'E4', 'F#4', 'A1', 'A2', 'A3', 'A4']	[False, False, False, False, False, False, False, False, False]	0.375	8
31.0	['C#4', 'E4', 'A1', 'A3', 'A4']	[True, False, False, False, False]	0.25	8
31.125	['C#4', 'E4', 'A1', 'A3', 'A4']	[False, False, False, False, False]	0.25	8
31.25	['C#3', 'C#4', 'E3', 'E4', 'A1', 'A2', 'A3', 'A4']	[True, False, True, False, False, True, True, False]	0.125	8
31.375	['C#3', 'C#4', 'E3', 'E4', 'A1', 'A3', 'A4']	[True, True, True, True, False, False, False]	0.125	8
31.5	['C#3', 'C#4', 'E3', 'E4', 'A1', 'A2', 'A3']	[False, False, True, False, False, True, False]	0.5	8
31.625	['C#3', 'C#4', 'E3', 'E4', 'A1', 'A2', 'A3']	[False, True, False, True, False, False, True]	0.5	8
31.75	['C#3', 'C#4', 'E3', 'E4', 'A1', 'A2', 'A3']	[False, False, False, False, False, False, False]	0.5	8
31.875	['C#3', 'C#4', 'E3', 'E4', 'A1', 'A2', 'A3']	[False, True, False, False, True, False, False]	0.5	8
32.0	['C#4', 'E4', 'A1', 'A3']	[False, False, False, False]	0.25	9
32.125	['C#4', 'E4', 'A1', 'A3']	[False, True, False, False]	0.25	9
32.25	['B3', 'C#4', 'E4', 'A1', 'A3']	[True, False, False, False, False]	0.125	9
32.375	['B1', 'B2', 'B3', 'C#4', 'E4', 'D#3', 'D#4', 'F#3', 'F#4', 'A1', 'A3']	[True, True, True, False, False, True, True, True, True, False, False]	0.125	9
32.5	['B1', 'B2', 'B3', 'C#4', 'D#3', 'D#4', 'F#3', 'F#4']	[False, False, False, False, False, False, False, False]	0.125	9
32.625	['B1', 'B2', 'B3', 'D#3', 'D#4', 'F#3', 'F#4']	[False, False, False, False, True, False, False]	0.25	9
32.75	['B1', 'B2', 'B3', 'D#3', 'D#4', 'F#3', 'F#4']	[False, False, False, False, True, False, False]	0.25	9
32.875	['B1', 'B2', 'B3', 'D#4', 'F#4']	[False, False, False, False, True]	0.125	9
33.0	['B1', 'B3', 'D#4', 'F#4']	[False, False, False, False]	0.125	9
33.125	['B1', 'B2', 'B3', 'B4', 'D#3', 'D#4', 'F#3', 'F#4']	[False, True, False, True, True, False, True, False]	0.125	9
33.25	['B1', 'B3', 'B4', 'D#4', 'F#4']	[False, False, False, False, True]	0.125	9
33.375	['B1', 'B2', 'B3', 'B4', 'D#3', 'D#4', 'D#5', 'F#3', 'F#4']	[False, True, False, False, True, False, True, True, False]	0.25	9
33.5	['B1', 'B2', 'B3', 'B4', 'D#3', 'D#4', 'D#5', 'F#3', 'F#4']	[False, False, False, False, False, False, False, False, False]	0.25	9
33.625	['B1', 'B2', 'B3', 'B4', 'D#3', 'D#4', 'F#3', 'F#4', 'F#5']	[False, False, False, False, False, False, False, False, True]	0.125	9
33.75	['B1', 'B3', 'B4', 'D#4', 'F#3', 'F#4', 'F#5']	[True, False, True, False, False, False, False]	0.125	9
33.875	['B1', 'B3', 'B4', 'D#4', 'D#5', 'F#4']	[False, False, False, False, True, False]	0.125	9
34.0	['B1', 'B3', 'B4', 'D#1', 'D#4', 'D#5', 'F#4']	[False, False, True, True, False, False, False]	0.125	9
34.125	['B3', 'B4', 'D#1', 'D#4', 'F#4']	[False, False, False, False, False]	0.125	9
34.25	['B3', 'B4', 'E1', 'E3', 'E4', 'E5', 'D#1', 'G#3', 'G#4']	[True, False, True, True, True, True, False, True, True]	0.125	9
34.375	['B3', 'E1', 'E3', 'E4', 'E5', 'G#3', 'G#4']	[False, False, False, False, False, False, False]	0.125	9
34.5	['B3', 'B4', 'E1', 'E3', 'E4', 'E5', 'G#3', 'G#4']	[False, True, False, False, False, False, False, False]	0.25	9
34.625	['B3', 'B4', 'E1', 'E3', 'E4', 'E5', 'G#3', 'G#4']	[False, False, False, False, False, False, False, False]	0.25	9
34.75	['B4', 'E1', 'E4', 'G#4']	[False, False, False, True]	0.25	9
34.875	['B4', 'E1', 'E4', 'G#4']	[False, False, False, False]	0.25	9
35.0	['B3', 'B4', 'E1', 'E3', 'E4', 'F#4', 'G#3', 'G#4']	[True, False, False, True, True, True, True, False]	0.125	9
35.125	['E1', 'E4', 'F#4', 'G#4']	[False, False, False, False]	0.125	9
35.25	['B3', 'E1', 'E3', 'E4', 'F#4', 'G#3', 'G#4']	[True, False, True, False, False, True, True]	0.125	9
35.375	['B3', 'E1', 'E3', 'E4', 'G#3', 'G#4']	[False, False, False, False, False, False]	0.125	9
35.5	['B3', 'E1', 'E3', 'E4', 'F#4', 'G#3', 'G#4']	[False, False, False, False, True, True, False]	0.375	9
35.625	['B3', 'E1', 'E3', 'E4', 'F#4', 'G#3', 'G#4']	[False, False, False, False, False, False, False]	0.375	9
35.75	['B3', 'E1', 'E3', 'E4', 'F#4', 'G#3', 'G#4']	[False, False, True, False, False, False, True]	0.375	9
35.875	['E1', 'E3', 'E4', 'G#4']	[False, False, False, False]	0.125	9
36.0	['E1', 'E4', 'G#3', 'G#4']	[False, False, True, False]	0.125	10
36.125	['E1', 'E4', 'A3', 'A4', 'G#3', 'G#4']	[False, False, True, True, False, True]	0.125	10
36.25	['C#4', 'E1', 'E3', 'E4', 'A1', 'A3', 'A4', 'G#4']	[True, False, True, False, True, True, False, False]	0.125	10
36.375	['C#4', 'E3', 'E4', 'A1', 'A3', 'A4', 'G#4']	[True, False, False, False, False, False, True]	0.375	10
36.5	['C#4', 'E3', 'E4', 'A1', 'A3', 'A4', 'G#4']	[False, False, False, False, False, False, False]	0.375	10
36.625	['C#4', 'E3', 'E4', 'A1', 'A3', 'A4', 'G#4']	[False, False, True, False, False, False, False]	0.375	10
36.75	['E4', 'A1', 'A4', 'G#4']	[False, False, False, False]	0.125	10
36.875	['C#4', 'E3', 'E4', 'A1', 'A3', 'A4', 'G#4']	[True, True, False, False, True, True, False]	0.125	10
37.0	['C#4', 'E4', 'A1', 'A4', 'G#4']	[False, False, False, False, False]	0.125	10
37.125	['C#4', 'C#5', 'E3', 'E4', 'A1', 'A3', 'A4', 'G#4']	[True, True, True, False, False, True, False, False]	0.25	10
37.25	['C#4', 'C#5', 'E3', 'E4', 'A1', 'A3', 'A4', 'G#4']	[False, False, False, False, False, False, False, False]	0.25	10
37.375	['C#4', 'C#5', 'E3', 'E4', 'E5', 'A1', 'A3', 'A4', 'G#4']	[False, False, False, False, True, False, False, False, False]	0.125	10
37.5	['C#4', 'E3', 'E4', 'E5', 'A1', 'A3', 'A4', 'G#4']	[False, False, False, False, False, False, False, False]	0.125	10
37.625	['E4', 'E5', 'A1', 'A4', 'A5', 'G#4']	[False, False, False, False, True, False]	0.125	10
37.75	['E4', 'A1', 'A4', 'A5', 'G#4']	[False, False, False, False, False]	0.125	10
37.875	['E4', 'E5', 'A1', 'A4', 'G#4']	[False, True, False, False, False]	0.125	10
38.0	['B4', 'E5', 'D#4', 'A1', 'A4', 'G#4']	[True, False, True, False, False, False]	0.125	10
38.125	['B1', 'B3', 'B4', 'E5', 'D#4', 'F#3', 'F#4', 'F#5', 'A4']	[True, True, False, False, True, True, True, True, False]	0.125	10
38.25	['B1', 'B3', 'B4', 'D#4', 'F#3', 'F#4', 'F#5']	[False, False, False, False, False, False, False]	0.125	10
38.375	['B1', 'B3', 'B4', 'D#4', 'D#5', 'F#3', 'F#4', 'F#5']	[False, False, False, False, True, False, False, False]	0.125	10
38.5	['B1', 'B3', 'B4', 'D#4', 'D#5', 'F#3', 'F#4']	[False, False, False, False, False, False, False]	0.125	10
38.625	['B1', 'B4', 'D#4', 'F#4']	[False, True, False, True]	0.125	10
38.75	['B1', 'B3', 'B4', 'D#4', 'F#3', 'F#4']	[False, True, False, True, True, True]	0.125	10
38.875	['B1', 'B4', 'D#4', 'F#3', 'F#4']	[False, False, False, False, False]	0.125	10
39.0	['B1', 'B3', 'B4', 'D#4', 'F#3', 'F#4']	[False, True, False, True, True, False]	0.5	10
39.125	['B1', 'B3', 'B4', 'D#4', 'F#3', 'F#4']	[False, False, False, False, False, False]	0.5	10
39.25	['B1', 'B3', 'B4', 'D#4', 'F#3', 'F#4']	[False, True, True, False, False, False]	0.5	10
39.375	['B1', 'B3', 'B4', 'D#4', 'F#3', 'F#4']	[False, False, False, False, False, False]	0.5	10
39.5	['B1', 'B3', 'B4', 'D#4', 'F#3', 'F#4', 'A1', 'A4']	[False, False, False, False, True, True, True, True]	0.125	10
39.625	['D#4', 'F#3', 'F#4', 'A1', 'A4']	[False, False, False, False, False]	0.125	10
39.75	['B3', 'D#4', 'F#3', 'F#4', 'A1', 'A4']	[True, False, False, False, False, False]	0.125	10
39.875	['B3', 'D#4', 'F#4', 'A1', 'A4', 'G#3']	[False, False, False, False, False, True]	0.125	10
40.0	['B3', 'D#4', 'F#4', 'A1', 'G#1', 'G#3', 'G#4']	[True, True, False, False, True, True, True]	0.125	11
40.125	['B3', 'D#4', 'G#1', 'G#3', 'G#4']	[False, False, False, False, False]	0.5	11
40.25	['B3', 'D#4', 'G#1', 'G#3', 'G#4']	[True, False, False, False, False]	0.5	11
40.375	['B3', 'D#4', 'G#1', 'G#3', 'G#4']	[False, False, False, False, False]	0.5	11
40.5	['B3', 'D#4', 'G#1', 'G#3', 'G#4']	[False, True, False, False, False]	0.5	11
40.625	['D#4', 'G#1', 'G#3', 'G#4']	[False, False, False, False]	0.125	11
40.75	['B3', 'D#4', 'G#1', 'G#3', 'G#4']	[True, True, False, True, True]	0.125	11
40.875	['D#4', 'G#1', 'G#3', 'G#4']	[False, False, False, False]	0.125	11
41.0	['B3', 'B4', 'D#4', 'F#4', 'G#1', 'G#3', 'G#4']	[True, True, True, True, False, True, False]	0.125	11
41.125	['B3', 'B4', 'D#4', 'D#5', 'F#4', 'G#1', 'G#3']	[False, False, False, True, False, False, False]	0.25	11
41.25	['B3', 'B4', 'D#4', 'D#5', 'F#4', 'G#1', 'G#3']	[False, False, False, False, False, False, False]	0.25	11
41.375	['B3', 'B4', 'E4', 'D#4', 'D#5', 'F#4', 'G#1', 'G#3', 'G#5']	[False, False, True, False, False, True, False, False, True]	0.125	11
41.5	['E4', 'D#4', 'F#4', 'G#1', 'G#3', 'G#5']	[False, False, False, False, False, False]	0.125	11
41.625	['E4', 'D#4', 'D#5', 'F#4', 'G#1', 'G#3', 'G#5']	[False, False, True, True, False, False, False]	0.125	11
41.75	['D#4', 'D#5', 'F#4', 'G#1', 'G#3']	[False, False, False, False, False]	0.125	11
41.875	['C#2', 'C#3', 'C#4', 'E3', 'E4', 'E5', 'D#5', 'F#4', 'G#1', 'G#3', 'G#4']	[True, True, True, True, True, True, False, False, False, True, True]	0.125	11
42.0	['C#2', 'C#3', 'C#4', 'E3', 'E4', 'E5', 'F#4', 'G#3', 'G#4']	[False, False, False, False, False, False, False, False, False]	0.125	11
42.125	['C#2', 'C#3', 'C#4', 'C#5', 'E3', 'E4', 'E5', 'G#3', 'G#4']	[False, False, False, True, False, False, False, False, False]	0.125	11
42.25	['C#2', 'C#3', 'C#4', 'C#5', 'E3', 'E4', 'G#3', 'G#4']	[False, False, False, False, False, False, False, False]	0.25	11
42.375	['C#2', 'C#3', 'C#4', 'C#5', 'E3', 'E4', 'G#3', 'G#4']	[False, False, False, False, False, False, False, True]	0.25	11
42.5	['C#2', 'C#4', 'E4', 'G#4']	[False, False, False, False]	0.125	11
42.625	['C#2', 'C#3', 'C#4', 'E3', 'E4', 'G#3', 'G#4']	[False, True, False, True, True, True, False]	0.125	11
42.75	['C#2', 'C#3', 'C#4', 'E3', 'E4', 'G#4']	[False, False, False, False, False, False]	0.125	11
42.875	['C#2', 'C#3', 'C#4', 'E3', 'E4', 'G#3', 'G#4']	[False, True, True, True, True, True, False]	0.375	11
43.0	['C#2', 'C#3', 'C#4', 'E3', 'E4', 'G#3', 'G#4']	[False, False, False, False, False, False, False]	0.375	11
43.125	['C#2', 'C#3', 'C#4', 'E3', 'E4', 'G#3', 'G#4']	[False, False, False, False, True, True, False]	0.375	11
43.25	['C#2', 'C#3', 'C#4', 'E3', 'E4', 'D#4', 'G#3', 'G#4']	[False, False, False, False, False, True, False, False]	0.125	11
43.375	['C#2', 'C#4', 'E3', 'E4', 'D#4', 'G#4']	[False, False, True, False, True, False]	0.125	11
43.5	['C#2', 'C#4', 'E3', 'E4', 'D#4', 'G#3', 'G#4']	[False, False, False, False, False, True, False]	0.125	11
43.625	['C#2', 'C#4', 'E4', 'D#4', 'G#3', 'G#4']	[False, False, True, False, False, False]	0.125	11
43.75	['B3', 'C#2', 'C#3', 'C#4', 'E4', 'D#4', 'G#3', 'G#4']	[True, False, True, False, True, False, False, False]	0.125	11
43.875	['B1', 'B2', 'B3', 'C#2', 'C#3', 'E3', 'E4', 'G#3', 'G#4']	[True, True, False, False, False, True, False, True, False]	0.125	11
44.0	['B1', 'B2', 'B3', 'C#3', 'E3', 'E4', 'G#3', 'G#4']	[False, False, False, False, True, False, False, False]	0.125	12
44.125	['B1', 'B2', 'B3', 'E3', 'E4', 'G#3', 'G#4']	[False, False, False, False, False, False, False]	0.25	12
44.25	['B1', 'B2', 'B3', 'E3', 'E4', 'G#3', 'G#4']	[False, False, False, False, False, True, False]	0.25	12
44.375	['B1', 'B3', 'E4', 'G#3', 'G#4']	[False, False, False, False, False]	0.125	12
44.5	['B1', 'B2', 'B3', 'E3', 'E4', 'G#3', 'G#4']	[False, True, True, True, False, True, False]	0.125	12
44.625	['B1', 'B2', 'B3', 'E4', 'G#4']	[False, False, False, False, False]	0.125	12
44.75	['B1', 'B2', 'B3', 'C#4', 'E3', 'E4', 'D#4', 'G#3', 'G#4']	[False, True, False, True, True, False, True, True, False]	0.375	12
44.875	['B1', 'B2', 'B3', 'C#4', 'E3', 'E4', 'D#4', 'G#3', 'G#4']	[False, False, False, False, False, False, False, False, False]	0.375	12
45.0	['B1', 'B2', 'B3', 'C#4', 'E3', 'E4', 'D#4', 'G#3', 'G#4']	[False, False, False, False, False, True, False, False, False]	0.375	12
45.125	['B1', 'B2', 'B3', 'E3', 'E4', 'D#4', 'G#3', 'G#4']	[False, False, False, False, False, False, False, False]	0.125	12
45.25	['B1', 'B3', 'E3', 'E4', 'G#4']	[False, False, False, True, True]	0.125	12
45.375	['B1', 'B3', 'E4', 'G#4']	[False, False, False, False]	0.125	12
45.5	['B1', 'B3', 'B4', 'E4', 'G#4']	[False, False, True, False, False]	0.125	12
45.625	['B1', 'B3', 'B4', 'A#3', 'C#4', 'E4', 'G#4']	[False, False, False, True, True, False, False]	0.125	12
45.75	['B1', 'B3', 'B4', 'A#1', 'A#2', 'A#3', 'C#3', 'C#4', 'C#5', 'E4', 'G#3', 'G#4']	[False, False, False, True, True, False, True, False, True, False, True, False]	0.125	12
45.875	['A#1', 'A#2', 'A#3', 'C#3', 'C#4', 'C#5', 'E4', 'G#3', 'G#4']	[False, False, False, False, False, False, False, False, False]	0.25	12
46.0	['A#1', 'A#2', 'A#3', 'C#3', 'C#4', 'C#5', 'E4', 'G#3', 'G#4']	[False, False, False, False, False, False, False, False, True]	0.25	12
46.125	['A#1', 'A#2', 'A#3', 'C#3', 'C#4', 'E4', 'G#3', 'G#4']	[False, False, False, False, False, False, False, False]	0.125	12
46.25	['A#1', 'A#3', 'C#4', 'E4', 'G#4']	[False, False, True, True, False]	0.125	12
46.375	['A#1', 'A#2', 'A#3', 'C#3', 'C#4', 'E4', 'G#3', 'G#4']	[False, True, True, True, False, False, True, False]	0.25	12
46.5	['A#1', 'A#2', 'A#3', 'C#3', 'C#4', 'E4', 'G#3', 'G#4']	[False, False, False, False, False, False, False, False]	0.25	12
46.625	['A#1', 'A#2', 'A#3', 'C#3', 'C#4', 'E3', 'E4', 'G#3', 'G#4']	[False, True, False, True, False, True, False, True, True]	0.375	12
46.75	['A#1', 'A#2', 'A#3', 'C#3', 'C#4', 'E3', 'E4', 'G#3', 'G#4']	[False, False, False, False, False, False, False, False, False]	0.375	12
46.875	['A#1', 'A#2', 'A#3', 'C#3', 'C#4', 'E3', 'E4', 'G#3', 'G#4']	[False, False, False, True, False, False, False, False, False]	0.375	12
47.0	['A#1', 'A#2', 'A#3', 'C#3', 'C#4', 'E4', 'G#3', 'G#4']	[False, False, False, False, False, False, False, False]	0.125	12
47.125	['A#1', 'A#2', 'A#3', 'C#3', 'C#4', 'E3', 'E4', 'G#3', 'G#4']	[False, False, False, False, False, True, True, False, True]	0.125	12
47.25	['A#1', 'A#3', 'C#4', 'E3', 'E4', 'G#4']	[False, False, False, False, False, False]	0.25	12
47.375	['A#1', 'A#3', 'C#4', 'E3', 'E4', 'G#4']	[False, True, False, False, False, False]	0.25	12
47.5	['A#1', 'A#3', 'C#4', 'E4', 'G4', 'G#4']	[False, False, False, False, True, False]	0.125	12
47.625	['A#1', 'A#3', 'C#3', 'C#4', 'E4', 'G3', 'G4', 'A1', 'A2', 'A3', 'G#4']	[False, False, True, False, False, True, True, True, True, True, False]	0.125	12
47.75	['C#3', 'C#4', 'G3', 'G4', 'F#4', 'A1', 'A2', 'A3']	[False, False, False, False, True, False, False, False]	0.125	12
47.875	['C#3', 'C#4', 'E4', 'G3', 'G4', 'F#4', 'A1', 'A2']	[False, True, True, False, False, False, False, False]	0.125	12
48.0	['C#3', 'C#4', 'E4', 'G3', 'G4', 'A1']	[False, False, False, False, False, False]	0.125	13
48.125	['C#4', 'E4', 'G4', 'A1']	[False, True, False, False]	0.25	13
48.25	['C#4', 'E4', 'G4', 'A1']	[False, False, False, False]	0.25	13
48.375	['C#3', 'C#4', 'E4', 'G3', 'G4', 'A1', 'A2', 'A4']	[True, False, False, True, False, False, True, True]	0.125	13
48.5	['C#3', 'C#4', 'G4', 'A1', 'A4']	[False, False, False, False, False]	0.125	13
48.625	['B3', 'C#3', 'C#4', 'C#5', 'G3', 'G4', 'A1', 'A2']	[True, True, False, True, True, False, False, True]	0.125	13
48.75	['B3', 'C#3', 'C#4', 'C#5', 'E4', 'G3', 'G4', 'A1', 'A2', 'A4']	[False, False, True, False, True, False, False, False, False, True]	0.125	13
48.875	['C#3', 'C#4', 'E4', 'G3', 'G4', 'A1', 'A2', 'A4']	[False, False, False, False, False, False, False, False]	0.25	13
49.0	['C#3', 'C#4', 'E4', 'G3', 'G4', 'A1', 'A2', 'A4']	[False, False, True, False, False, False, False, False]	0.25	13
49.125	['C#3', 'C#4', 'E4', 'G3', 'G4', 'A1']	[False, False, False, False, False, False]	0.125	13
49.25	['C#4', 'E4', 'G4', 'A1']	[True, False, False, False]	0.25	13
49.375	['C#4', 'E4', 'G4', 'A1']	[False, False, False, False]	0.25	13
49.5	['B2', 'B3', 'C#4', 'E1', 'E3', 'E4', 'E5', 'A1', 'G#3', 'G#4']	[True, True, False, True, True, True, True, False, True, True]	0.25	13
49.625	['B2', 'B3', 'C#4', 'E1', 'E3', 'E4', 'E5', 'A1', 'G#3', 'G#4']	[False, False, False, False, False, False, False, False, False, False]	0.25	13
49.75	['B2', 'B3', 'B4', 'E1', 'E3', 'E4', 'E5', 'G#3', 'G#4']	[False, False, True, False, False, False, False, False, False]	0.125	13
49.875	['B2', 'B3', 'B4', 'E1', 'E3', 'E4', 'G#3', 'G#4']	[False, False, False, False, False, False, False, False]	0.125	13
50.0	['B2', 'B3', 'E1', 'E4', 'G#3', 'G#4']	[False, False, False, False, False, True]	0.125	13
50.125	['B3', 'E1', 'E4', 'G#4']	[False, False, False, False]	0.125	13
50.25	['B2', 'B3', 'E1', 'E3', 'E4', 'G#3', 'G#4']	[True, False, False, True, True, True, False]	0.125	13
50.375	['B3', 'E1', 'E4', 'G#4']	[False, False, False, False]	0.125	13
50.5	['B2', 'B3', 'E1', 'E3', 'E4', 'G#3', 'G#4']	[True, True, False, True, True, True, False]	0.5	13
50.625	['B2', 'B3', 'E1', 'E3', 'E4', 'G#3', 'G#4']	[False, False, False, False, False, False, False]	0.5	13
50.75	['B2', 'B3', 'E1', 'E3', 'E4', 'G#3', 'G#4']	[False, False, False, False, True, True, False]	0.5	13
50.875	['B2', 'B3', 'E1', 'E3', 'E4', 'G#3', 'G#4']	[False, False, True, False, False, False, False]	0.5	13
51.0	['B3', 'E1', 'E3', 'E4', 'G#4']	[False, False, True, True, False]	0.125	13
51.125	['B3', 'E1', 'E3', 'E4', 'G#3', 'G#4']	[False, False, False, False, True, False]	0.125	13
51.25	['B3', 'E1', 'E4', 'G#3', 'G#4']	[False, False, False, False, False]	0.125	13
51.375	['B1', 'B2', 'B3', 'E1', 'E4', 'D#3', 'D#4', 'F#3', 'F#4', 'G#3', 'G#4']	[True, True, True, False, False, True, True, True, True, False, True]	0.125	13
51.5	['B1', 'B2', 'B3', 'E1', 'D#3', 'D#4', 'F#3', 'F#4', 'G#4']	[False, False, False, False, False, False, False, False, False]	0.125	13
51.625	['B1', 'B2', 'B3', 'D#3', 'D#4', 'F#3', 'F#4', 'G#4']	[False, False, False, False, True, False, True, False]	0.125	13
51.75	['B1', 'B2', 'B3', 'D#3', 'D#4', 'F#3', 'F#4']	[False, False, False, False, False, False, False]	0.125	13
51.875	['B1', 'B2', 'B3', 'D#4', 'F#4']	[False, False, False, False, True]	0.125	13
52.0	['B1', 'B3', 'D#4', 'F#4']	[False, False, False, False]	0.125	14
52.125	['B1', 'B2', 'B3', 'B4', 'D#3', 'D#4', 'F#3', 'F#4']	[False, True, False, True, True, False, True, False]	0.125	14
52.25	['B1', 'B3', 'B4', 'D#4', 'F#4']	[False, False, False, False, False]	0.125	14
52.375	['B1', 'B2', 'B3', 'B4', 'E4', 'D#3', 'D#4', 'D#5', 'F#3', 'F#4']	[False, True, False, False, True, True, False, True, True, False]	0.125	14
52.5	['B1', 'B2', 'B3', 'E4', 'D#3', 'D#4', 'D#5', 'F#3', 'F#4']	[False, False, False, False, False, False, False, False, False]	0.125	14
52.625	['B1', 'B2', 'B3', 'E4', 'D#3', 'D#4', 'D#5', 'F#3', 'F#4', 'F#5']	[False, False, False, False, False, False, False, False, True, True]	0.125	14
52.75	['B1', 'B2', 'B3', 'D#3', 'D#4', 'F#3', 'F#4', 'F#5']	[False, False, False, False, False, False, False, False]	0.125	14
52.875	['B1', 'B3', 'D#3', 'D#4', 'D#5', 'F#4', 'F#5']	[False, False, False, False, True, False, False]	0.125	14
53.0	['B1', 'B3', 'D#4', 'D#5', 'F#4']	[False, False, False, False, False]	0.125	14
53.125	['B1', 'B3', 'B4', 'D#4', 'D#5', 'F#4']	[False, False, True, False, False, False]	0.125	14
53.25	['B1', 'B3', 'B4', 'C4', 'D#4', 'F#4', 'G#4']	[False, False, False, True, True, False, True]	0.125	14
53.375	['B3', 'C2', 'C3', 'C4', 'D#3', 'D#4', 'F#4', 'G#3', 'G#4', 'G#5']	[False, True, True, False, True, False, False, True, False, True]	0.125	14
53.5	['C2', 'C3', 'C4', 'D#3', 'D#4', 'F#4', 'G#3', 'G#4', 'G#5']	[False, False, False, False, False, False, False, False, False]	0.125	14
53.625	['C2', 'C3', 'C4', 'D#3', 'D#4', 'D#5', 'G#3', 'G#4']	[False, False, False, False, False, True, False, False]	0.125	14
53.75	['C2', 'C3', 'C4', 'C5', 'D#3', 'D#4', 'D#5', 'G#3', 'G#4']	[False, False, False, True, False, False, False, False, True]	0.125	14
53.875	['C2', 'C4', 'C5', 'D#4', 'G#4']	[False, False, False, False, False]	0.125	14
54.0	['C2', 'C3', 'C4', 'C5', 'D#3', 'D#4', 'G#3', 'G#4']	[False, True, False, False, True, False, True, True]	0.125	14
54.125	['C2', 'C3', 'C4', 'D#3', 'D#4', 'G#3', 'G#4']	[False, False, False, False, False, False, False]	0.125	14
54.25	['B4', 'C2', 'C3', 'C4', 'D#3', 'D#4', 'G#3', 'G#4']	[True, False, True, False, True, True, True, False]	0.25	14
54.375	['B4', 'C2', 'C3', 'C4', 'D#3', 'D#4', 'G#3', 'G#4']	[False, False, False, False, False, False, False, False]	0.25	14
54.5	['B4', 'C2', 'C3', 'C4', 'C#5', 'D#3', 'D#4', 'G#3', 'G#4']	[False, False, False, True, True, False, False, False, False]	0.125	14
54.625	['C2', 'C3', 'C4', 'C#5', 'D#3', 'D#4', 'G#3', 'G#4']	[False, False, False, False, False, False, False, False]	0.25	14
54.75	['C2', 'C3', 'C4', 'C#5', 'D#3', 'D#4', 'G#3', 'G#4']	[True, False, False, False, False, False, True, False]	0.25	14
54.875	['C2', 'C4', 'C#5', 'D#4', 'G#3', 'G#4']	[False, False, False, False, False, False]	0.25	14
55.0	['C2', 'C4', 'C#5', 'D#4', 'G#3', 'G#4']	[False, True, False, False, False, False]	0.25	14
55.125	['C2', 'C4', 'C#4', 'C#5', 'E4', 'D#4', 'G#4']	[False, False, True, False, True, False, False]	0.125	14
55.25	['C2', 'C4', 'C#2', 'C#3', 'C#4', 'E3', 'E4', 'D#4', 'G4', 'G#3', 'G#4']	[False, False, True, True, True, True, True, False, True, True, False]	0.125	14
55.375	['C#2', 'C#3', 'C#4', 'E3', 'E4', 'G4', 'F#4', 'G#3', 'G#4']	[False, False, False, False, False, False, True, False, False]	0.125	14
55.5	['C#2', 'C#3', 'C#4', 'E3', 'E4', 'F#4', 'G#3', 'G#4']	[False, False, False, False, True, False, False, True]	0.125	14
55.625	['C#2', 'C#3', 'C#4', 'E3', 'E4', 'G#3', 'G#4']	[False, False, False, False, False, False, False]	0.125	14
55.75	['C#2', 'C#3', 'C#4', 'C#5', 'E4', 'G#3', 'G#4']	[False, False, False, True, False, False, False]	0.125	14
55.875	['C#2', 'C#4', 'C#5', 'E4', 'G#4']	[False, False, False, False, False]	0.125	14
56.0	['C#2', 'C#3', 'C#4', 'E3', 'E4', 'E5', 'G#3', 'G#4']	[False, True, False, True, False, True, True, False]	0.125	15
56.125	['C#2', 'C#3', 'C#4', 'E4', 'E5', 'G#3', 'G#4', 'G#5']	[False, True, False, False, False, True, False, True]	0.125	15
56.25	['C#2', 'C#3', 'C#4', 'E3', 'E4', 'G#3', 'G#4', 'G#5']	[False, False, False, True, False, False, False, False]	0.125	15
56.375	['C#2', 'C#3', 'C#4', 'E3', 'E4', 'F#5', 'G#3', 'G#4', 'G#5']	[False, False, False, False, False, True, False, False, False]	0.125	15
56.5	['C#2', 'C#3', 'C#4', 'E4', 'F#5', 'G#4']	[False, False, False, False, False, False]	0.125	15
56.625	['C#2', 'C#4', 'E4', 'E5', 'F#5', 'G#3', 'G#4']	[False, False, False, True, False, True, False]	0.125	15
56.75	['C#2', 'C#4', 'E3', 'E4', 'E5', 'G#3', 'G#4']	[False, False, True, False, False, False, False]	0.125	15
56.875	['C#2', 'C#3', 'C#4', 'C#5', 'E3', 'E4', 'E5', 'G#3', 'G#4']	[False, True, False, True, False, False, False, False, False]	0.125	15
57.0	['C#2', 'C#3', 'C#4', 'C#5', 'E4', 'G#4']	[False, False, False, False, False, False]	0.125	15
57.125	['B2', 'B3', 'B4', 'C#2', 'C#5', 'E1', 'E3', 'E4', 'G#3', 'G#4']	[True, True, True, False, False, True, True, False, True, False]	0.125	15
57.25	['B2', 'B3', 'B4', 'E1', 'E3', 'E4', 'G#3', 'G#4']	[False, False, False, False, False, False, False, False]	0.25	15
57.375	['B2', 'B3', 'B4', 'E1', 'E3', 'E4', 'G#3', 'G#4']	[False, False, False, False, False, True, False, False]	0.25	15
57.5	['B2', 'B3', 'E1', 'E4', 'G#4']	[False, False, False, False, False]	0.125	15
57.625	['B3', 'E1', 'E4', 'G#4']	[False, False, True, True]	0.25	15
57.75	['B3', 'E1', 'E4', 'G#4']	[False, False, False, False]	0.25	15
57.875	['B2', 'B3', 'B4', 'E1', 'E3', 'E4', 'G#3', 'G#4']	[True, False, True, False, True, True, True, False]	0.125	15
58.0	['B3', 'B4', 'E1', 'E4', 'G#4']	[False, False, False, False, False]	0.125	15
58.125	['B2', 'B3', 'E1', 'E3', 'E4', 'E5', 'G#3', 'G#4']	[True, False, False, True, False, True, True, False]	0.25	15
58.25	['B2', 'B3', 'E1', 'E3', 'E4', 'E5', 'G#3', 'G#4']	[False, False, False, False, False, False, False, False]	0.25	15
58.375	['B2', 'B3', 'B4', 'E1', 'E3', 'E4', 'E5', 'G#3', 'G#4']	[False, False, True, False, False, False, False, False, True]	0.125	15
58.5	['B2', 'B3', 'B4', 'E1', 'E3', 'E4', 'G#3', 'G#4']	[False, False, False, True, False, False, False, True]	0.125	15
58.625	['B3', 'B4', 'E1', 'E4', 'G#4']	[False, True, False, False, True]	0.375	15
58.75	['B3', 'B4', 'E1', 'E4', 'G#4']	[False, False, False, True, False]	0.375	15
58.875	['B3', 'B4', 'E1', 'E4', 'G#4']	[False, False, False, False, False]	0.375	15
59.0	['B3', 'B4', 'C#3', 'C#4', 'C#5', 'E1', 'E4', 'F#1', 'F#3', 'F#4', 'A3', 'A4', 'G#4']	[False, False, True, True, True, False, False, True, True, True, True, True, False]	0.125	15
59.125	['B3', 'C#3', 'C#4', 'C#5', 'E1', 'F#1', 'F#3', 'F#4', 'A3', 'A4', 'G#4']	[False, False, False, False, False, False, False, False, False, False, False]	0.125	15
59.25	['C#3', 'C#4', 'C#5', 'F#1', 'F#3', 'F#4', 'A3', 'A4']	[False, False, False, False, False, False, False, True]	0.25	15
59.375	['C#3', 'C#4', 'C#5', 'F#1', 'F#3', 'F#4', 'A3', 'A4']	[False, False, False, False, False, False, False, False]	0.25	15
59.5	['C#3', 'C#4', 'C#5', 'F#1', 'F#4', 'A4']	[False, False, False, False, True, False]	0.125	15
59.625	['C#4', 'C#5', 'F#1', 'F#4', 'A4']	[False, False, False, False, False]	0.125	15
59.75	['C#3', 'C#4', 'C#5', 'F#1', 'F#3', 'F#4', 'A3', 'A4']	[True, True, False, False, True, False, True, False]	0.125	15
59.875	['C#4', 'C#5', 'F#1', 'F#4', 'A4']	[False, False, False, False, False]	0.125	15
60.0	['C#3', 'C#4', 'F#1', 'F#3', 'F#4', 'A3', 'A4', 'G#4']	[True, False, False, True, False, True, False, True]	0.25	16
60.125	['C#3', 'C#4', 'F#1', 'F#3', 'F#4', 'A3', 'A4', 'G#4']	[False, False, False, False, True, False, False, False]	0.25	16
60.25	['C#3', 'C#4', 'E4', 'F#1', 'F#3', 'F#4', 'A3', 'A4']	[False, False, True, False, True, False, False, False]	0.125	16
60.375	['C#3', 'C#4', 'F#1', 'F#3', 'F#4', 'A4']	[False, False, False, False, True, False]	0.125	16
60.5	['C#4', 'F#1', 'F#4', 'A3', 'A4']	[False, False, False, True, False]	0.375	16
60.625	['C#4', 'F#1', 'F#4', 'A3', 'A4']	[False, False, False, False, False]	0.375	16
60.75	['C#4', 'F#1', 'F#4', 'A3', 'A4']	[True, False, False, False, False]	0.375	16
60.875	['C#4', 'E4', 'F#1', 'F#4', 'A3', 'A4']	[False, True, False, False, True, False]	0.125	16
61.0	['C#3', 'C#4', 'E3', 'E4', 'F#1', 'F#4', 'A1', 'A2', 'A3', 'A4']	[True, False, True, False, False, False, True, True, False, True]	0.125	16
61.125	['C#3', 'C#4', 'E3', 'E4', 'F#4', 'A1', 'A2', 'A3', 'A4']	[False, False, False, True, False, False, False, False, False]	0.25	16
61.25	['C#3', 'C#4', 'E3', 'E4', 'F#4', 'A1', 'A2', 'A3', 'A4']	[False, False, False, False, False, False, False, False, False]	0.25	16
61.375	['C#4', 'E3', 'E4', 'A1', 'A2', 'A3', 'A4']	[True, False, False, False, False, False, False]	0.125	16
61.5	['C#4', 'E4', 'A1', 'A3', 'A4']	[False, False, False, False, False]	0.125	16
61.625	['C#3', 'C#4', 'E3', 'E4', 'A1', 'A2', 'A3', 'A4']	[True, False, True, False, False, True, True, False]	0.125	16
61.75	['C#3', 'C#4', 'E4', 'A1', 'A3', 'A4']	[False, False, False, False, False, False]	0.125	16
61.875	['C#3', 'C#4', 'E3', 'E4', 'A1', 'A2', 'A3']	[True, True, True, True, False, True, False]	0.375	16
62.0	['C#3', 'C#4', 'E3', 'E4', 'A1', 'A2', 'A3']	[False, False, False, False, False, False, False]	0.375	16
62.125	['C#3', 'C#4', 'E3', 'E4', 'A1', 'A2', 'A3']	[True, True, False, True, False, False, False]	0.375	16
62.25	['C#3', 'C#4', 'E3', 'E4', 'A2', 'A3']	[False, False, False, False, False, False]	0.125	16
62.375	['C#3', 'C#4', 'E3', 'E4', 'A1', 'A3', 'A4']	[False, False, True, False, True, False, True]	0.125	16
62.5	['C#4', 'E3', 'E4', 'A1', 'A3', 'A4']	[False, False, False, False, False, False]	0.25	16
62.625	['C#4', 'E3', 'E4', 'A1', 'A3', 'A4']	[False, False, False, False, True, False]	0.25	16
62.75	['B3', 'B4', 'C#4', 'E4', 'A1', 'A3', 'A4', 'G#4']	[True, True, False, True, False, False, False, True]	0.125	16
62.875	['B2', 'B3', 'B4', 'E1', 'E3', 'E4', 'A1', 'A3', 'A4', 'G#3', 'G#4']	[True, True, False, True, True, True, False, False, False, True, False]	0.125	16
63.0	['B2', 'B3', 'B4', 'E1', 'E3', 'E4', 'G#3', 'G#4']	[False, False, False, False, False, False, False, False]	0.375	16
63.125	['B2', 'B3', 'B4', 'E1', 'E3', 'E4', 'G#3', 'G#4']	[False, False, False, False, False, False, True, False]	0.375	16
63.25	['B2', 'B3', 'B4', 'E1', 'E3', 'E4', 'G#3', 'G#4']	[False, False, False, False, False, False, False, False]	0.375	16
63.375	['B3', 'B4', 'E1', 'E4', 'G#4']	[True, False, False, False, False]	0.125	16
63.5	['B3', 'B4', 'E1', 'E4', 'G#3', 'G#4']	[False, False, False, True, True, False]	0.125	16
63.625	['B2', 'B3', 'B4', 'E1', 'E3', 'E4', 'G#3', 'G#4']	[True, False, False, False, True, False, False, False]	0.125	16
63.75	['B3', 'B4', 'E1', 'E3', 'E4', 'G#3', 'G#4']	[False, False, False, True, False, True, True]	0.125	16
63.875	['B2', 'B3', 'B4', 'E1', 'E3', 'E4', 'G#3', 'G#4']	[True, False, False, False, False, False, False, False]	0.375	16
64.0	['B2', 'B3', 'B4', 'E1', 'E3', 'E4', 'G#3', 'G#4']	[False, False, True, False, False, False, False, False]	0.375	17
64.125	['B2', 'B3', 'B4', 'E1', 'E3', 'E4', 'G#3', 'G#4']	[False, False, False, False, False, False, False, False]	0.375	17
64.25	['B3', 'B4', 'E1', 'E4', 'E5', 'G#4']	[False, False, False, False, True, True]	0.25	17
64.375	['B3', 'B4', 'E1', 'E4', 'E5', 'G#4']	[False, False, False, False, False, False]	0.25	17
64.5	['B3', 'B4', 'E1', 'E4', 'E5', 'G#4', 'G#5']	[False, False, False, False, False, False, True]	0.125	17
64.625	['B3', 'B4', 'E1', 'E4', 'D#4', 'G#4', 'G#5']	[False, True, False, False, True, False, False]	0.125	17
64.75	['B3', 'B4', 'E1', 'E4', 'D#3', 'D#4', 'D#5', 'G#1', 'G#3', 'G#4', 'G#5']	[True, False, False, False, True, False, True, True, True, False, True]	0.125	17
64.875	['B3', 'B4', 'D#3', 'D#4', 'D#5', 'G#1', 'G#3', 'G#4', 'G#5']	[False, False, False, False, False, False, False, False, False]	0.125	17
65.0	['B3', 'B4', 'D#3', 'D#4', 'D#5', 'G#1', 'G#3', 'G#4']	[False, False, False, False, True, False, False, False]	0.25	17
65.125	['B3', 'B4', 'D#3', 'D#4', 'D#5', 'G#1', 'G#3', 'G#4']	[False, False, False, False, False, False, False, False]	0.25	17
65.25	['B4', 'D#3', 'D#4', 'D#5', 'G#1', 'G#4', 'G#5']	[True, False, False, False, False, True, True]	0.125	17
65.375	['B4', 'D#4', 'D#5', 'G#1', 'G#4', 'G#5']	[False, False, False, False, False, False]	0.125	17
65.5	['B3', 'B4', 'B5', 'D#3', 'D#4', 'D#5', 'G#1', 'G#3', 'G#4']	[True, True, True, True, False, False, False, True, True]	0.125	17
65.625	['B4', 'B5', 'D#4', 'D#5', 'G#1', 'G#4']	[False, False, False, False, False, False]	0.125	17
65.75	['B3', 'B4', 'B5', 'D#3', 'D#4', 'D#5', 'G#1', 'G#3', 'G#4']	[True, False, False, True, True, False, False, True, False]	0.25	17
65.875	['B3', 'B4', 'B5', 'D#3', 'D#4', 'D#5', 'G#1', 'G#3', 'G#4']	[False, False, False, False, False, False, False, False, False]	0.25	17
66.0	['B3', 'B4', 'D#3', 'D#4', 'D#5', 'G#1', 'G#3', 'G#4', 'G#5']	[True, False, False, False, False, False, False, True, True]	0.125	17
66.125	['B3', 'B4', 'B5', 'D#3', 'D#4', 'D#5', 'G#1', 'G#3', 'G#4']	[False, False, True, False, False, False, True, True, False]	0.125	17
66.25	['B4', 'B5', 'D#4', 'D#5', 'G#1', 'G#3', 'G#4']	[True, False, False, False, False, False, False]	0.125	17
66.375	['B3', 'B4', 'B5', 'D#4', 'D#5', 'G#1', 'G#3', 'G#4']	[True, False, False, False, False, False, False, False]	0.125	17
66.5	['B3', 'B4', 'B5', 'E4', 'D#4', 'G#1', 'G#4']	[False, False, False, True, False, False, False]	0.125	17
66.625	['B3', 'B4', 'B5', 'C#2', 'C#3', 'C#4', 'C#5', 'C#6', 'E3', 'E4', 'D#4', 'G#1', 'G#3', 'G#4']	[False, False, False, True, True, True, True, True, True, True, False, False, True, False]	0.125	17
66.75	['C#2', 'C#3', 'C#4', 'C#5', 'C#6', 'E3', 'E4', 'G#3', 'G#4']	[False, False, False, False, False, False, False, False, False]	0.25	17
66.875	['C#2', 'C#3', 'C#4', 'C#5', 'C#6', 'E3', 'E4', 'G#3', 'G#4']	[False, False, False, False, False, False, True, False, False]	0.25	17
67.0	['C#2', 'C#3', 'C#5', 'C#6', 'E3', 'E4', 'G#3', 'G#4']	[False, False, False, False, False, False, False, False]	0.125	17
67.125	['B4', 'B5', 'C#2', 'C#5', 'C#6', 'E3', 'E4', 'G#3', 'G#4']	[True, True, False, False, False, False, False, False, True]	0.125	17
67.25	['B4', 'B5', 'C#2', 'E4', 'G#4']	[False, False, False, False, False]	0.125	17
67.375	['B4', 'B5', 'C#2', 'C#3', 'C#5', 'E3', 'E4', 'G#3', 'G#4', 'G#5']	[False, False, False, True, True, True, False, True, True, True]	0.125	17
67.5	['C#2', 'C#5', 'E3', 'E4', 'G#4', 'G#5']	[False, False, False, False, False, False]	0.125	17
67.625	['C#2', 'C#3', 'C#5', 'E3', 'E4', 'E5', 'G#3', 'G#4', 'G#5']	[False, True, False, True, False, True, True, False, False]	0.25	17
67.75	['C#2', 'C#3', 'C#5', 'E3', 'E4', 'E5', 'G#3', 'G#4', 'G#5']	[False, False, False, False, False, False, False, False, False]	0.25	17
67.875	['C#2', 'C#3', 'E3', 'E4', 'F#4', 'F#5', 'G#3', 'G#4', 'G#5']	[False, False, False, False, True, True, False, False, True]	0.25	17
68.0	['C#2', 'C#3', 'E3', 'E4', 'F#4', 'F#5', 'G#3', 'G#4', 'G#5']	[False, False, False, False, False, False, False, False, False]	0.25	18
68.125	['C#3', 'E1', 'E3', 'E4', 'E5', 'G#3', 'G#4', 'G#5']	[False, True, False, True, True, False, False, False]	0.125	18
68.25	['C#3', 'E1', 'E4', 'E5', 'G#4']	[False, False, False, False, False]	0.125	18
68.375	['C#5', 'E1', 'E4', 'G#4']	[True, False, False, False]	0.125	18
68.5	['C#5', 'E1', 'E4', 'F#1', 'F#4', 'A4', 'G#4']	[False, False, False, True, True, True, False]	0.125	18
68.625	['C#3', 'E4', 'F#1', 'F#3', 'F#4', 'F#5', 'A3', 'A4', 'G#4']	[True, False, False, True, False, True, True, False, False]	0.125	18
68.75	['C#3', 'C#5', 'F#1', 'F#3', 'F#4', 'F#5', 'A3', 'A4', 'G#4']	[False, True, False, False, False, False, False, False, False]	0.125	18
68.875	['C#3', 'C#5', 'F#1', 'F#3', 'F#4', 'A3', 'A4']	[False, False, False, False, False, False, False]	0.25	18
69.0	['C#3', 'C#5', 'F#1', 'F#3', 'F#4', 'A3', 'A4']	[False, False, False, False, False, False, True]	0.25	18
69.125	['C#3', 'F#1', 'F#4', 'A4']	[False, False, False, False]	0.125	18
69.25	['C#3', 'F#1', 'F#3', 'F#4', 'A3', 'A4']	[True, False, True, True, True, False]	0.125	18
69.375	['C#3', 'F#1', 'F#3', 'F#4', 'A4']	[False, False, False, False, False]	0.125	18
69.5	['C#3', 'C#4', 'C#5', 'F#1', 'F#3', 'F#4', 'A3', 'A4']	[True, True, True, False, True, False, True, False]	0.25	18
69.625	['C#3', 'C#4', 'C#5', 'F#1', 'F#3', 'F#4', 'A3', 'A4']	[False, False, False, False, False, False, False, False]	0.25	18
69.75	['C#3', 'C#4', 'C#5', 'E4', 'E5', 'F#1', 'F#3', 'F#4', 'A3', 'A4']	[False, False, False, True, True, False, False, False, True, False]	0.125	18
69.875	['C#3', 'E4', 'E5', 'F#1', 'F#3', 'F#4', 'A3', 'A4']	[False, False, False, False, False, False, False, False]	0.125	18
70.0	['C#4', 'C#5', 'E5', 'F#3', 'F#4', 'A4', 'G#1']	[True, True, False, True, False, False, True]	0.125	18
70.125	['C#4', 'C#5', 'F#3', 'F#4', 'A4', 'G#1']	[False, False, False, False, False, False]	0.125	18
70.25	['C#4', 'C#5', 'F#4', 'A3', 'A4', 'G#1', 'G#4', 'G#5']	[True, True, False, True, False, False, True, True]	0.125	18
70.375	['C#4', 'C#5', 'E4', 'F#4', 'A3', 'A4', 'G#1', 'G#4', 'G#5']	[False, False, True, False, True, False, False, False, False]	0.125	18
70.5	['C#4', 'C#5', 'E3', 'E4', 'A1', 'A2', 'A3', 'A4', 'G#1', 'G#4', 'G#5']	[False, True, True, True, True, True, True, False, False, False, False]	0.125	18
70.625	['C#4', 'C#5', 'E3', 'E4', 'F#4', 'F#5', 'A1', 'A2', 'A3', 'A4', 'G#5']	[False, False, False, False, True, True, False, False, False, False, False]	0.125	18
70.75	['C#4', 'C#5', 'E3', 'E4', 'E5', 'A1', 'A2', 'A3', 'A4']	[True, False, False, True, True, False, False, False, False]	0.25	18
70.875	['C#4', 'C#5', 'E3', 'E4', 'E5', 'A1', 'A2', 'A3', 'A4']	[False, False, False, False, False, False, False, False, False]	0.25	18
71.0	['C#4', 'C#5', 'E4', 'E5', 'A1', 'A3', 'A4']	[False, False, True, False, False, False, False]	0.125	18
71.125	['C#4', 'C#5', 'E3', 'E4', 'E5', 'A1', 'A2', 'A3', 'A4']	[False, False, True, False, False, False, True, False, True]	0.375	18
71.25	['C#4', 'C#5', 'E3', 'E4', 'E5', 'A1', 'A2', 'A3', 'A4']	[False, False, False, False, False, False, False, False, False]	0.375	18
71.375	['C#4', 'C#5', 'E3', 'E4', 'E5', 'A1', 'A2', 'A3', 'A4']	[False, True, True, False, False, False, True, False, False]	0.375	18
71.5	['C#4', 'C#5', 'E3', 'E4', 'A1', 'A2', 'A3', 'A4']	[False, False, False, False, False, False, False, False]	0.125	18
71.625	['C#4', 'C#5', 'E3', 'E4', 'E5', 'A1', 'A2', 'A3', 'A4']	[False, False, False, False, True, False, False, False, False]	0.25	18
71.75	['C#4', 'C#5', 'E3', 'E4', 'E5', 'A1', 'A2', 'A3', 'A4']	[False, False, False, False, False, False, False, False, False]	0.25	18
71.875	['B4', 'C#4', 'C#5', 'E4', 'E5', 'A1', 'A3', 'A4', 'A5']	[True, False, False, False, False, False, False, False, True]	0.125	18
72.0	['B4', 'C#4', 'C#5', 'E4', 'A1', 'A3', 'A4', 'A5']	[False, False, False, False, False, False, False, False]	0.125	19
72.125	['B4', 'C#4', 'C#5', 'E4', 'E5', 'A1', 'A3', 'A4', 'A5']	[False, False, False, False, True, False, False, False, False]	0.125	19
72.25	['B4', 'C#4', 'C#5', 'E4', 'E5', 'A1', 'A3']	[False, False, False, False, False, False, False]	0.125	19
72.375	['B3', 'B4', 'C#4', 'E4', 'E5', 'D#3', 'D#4', 'A1', 'G#1', 'G#3', 'G#4', 'G#5']	[True, True, False, False, False, True, True, False, True, True, True, True]	0.125	19
72.5	['B3', 'B4', 'D#3', 'D#4', 'A1', 'G#1', 'G#3', 'G#4', 'G#5']	[False, False, False, False, False, False, False, False, False]	0.125	19
72.625	['B3', 'B4', 'D#3', 'D#4', 'D#5', 'G#1', 'G#3', 'G#4']	[False, False, False, False, True, False, False, False]	0.25	19
72.75	['B3', 'B4', 'D#3', 'D#4', 'D#5', 'G#1', 'G#3', 'G#4']	[False, False, False, False, False, False, False, False]	0.25	19
72.875	['B3', 'B4', 'D#3', 'D#4', 'G#1', 'G#3', 'G#4', 'G#5']	[False, True, False, False, False, False, True, True]	0.125	19
73.0	['B4', 'D#4', 'G#1', 'G#4', 'G#5']	[False, False, False, False, False]	0.125	19
73.125	['B3', 'B4', 'B5', 'D#3', 'D#4', 'G#1', 'G#3', 'G#4']	[True, True, True, True, False, False, True, True]	0.125	19
73.25	['B4', 'B5', 'D#4', 'D#5', 'G#1', 'G#4']	[False, False, False, True, False, False]	0.125	19
73.375	['B3', 'B4', 'B5', 'D#3', 'D#4', 'D#5', 'G#1', 'G#3', 'G#4']	[True, False, False, True, True, False, False, True, False]	0.25	19
73.5	['B3', 'B4', 'B5', 'D#3', 'D#4', 'D#5', 'G#1', 'G#3', 'G#4']	[False, False, False, False, False, False, False, False, True]	0.25	19
73.625	['B3', 'B4', 'D#3', 'D#4', 'D#5', 'G#1', 'G#3', 'G#4', 'G#5']	[True, False, False, False, False, False, False, False, True]	0.125	19
73.75	['B1', 'B4', 'B5', 'D#3', 'D#4', 'D#5', 'G#1', 'G#3', 'G#4', 'G#5']	[True, True, True, False, False, False, False, True, False, False]	0.125	19
73.875	['B1', 'B4', 'B5', 'D#4', 'D#5', 'G#3', 'G#4']	[False, False, False, False, False, False, False]	0.125	19
74.0	['B1', 'B3', 'B4', 'B5', 'D#4', 'D#5', 'G#3', 'G#4']	[False, True, False, False, False, False, False, False]	0.125	19
74.125	['B1', 'B3', 'B4', 'B5', 'D#4', 'D#5', 'G#4']	[False, False, False, False, False, False, False]	0.125	19
74.25	['B1', 'B3', 'B4', 'B5', 'C#2', 'C#3', 'C#4', 'C#5', 'C#6', 'E3', 'E4', 'D#4', 'D#5', 'G#3', 'G#4']	[False, False, False, False, True, True, True, True, True, True, True, False, False, True, False]	0.125	19
74.375	['C#2', 'C#3', 'C#4', 'C#5', 'C#6', 'E3', 'E4', 'G#3', 'G#4']	[False, False, False, False, False, False, False, False, False]	0.25	19
74.5	['C#2', 'C#3', 'C#4', 'C#5', 'C#6', 'E3', 'E4', 'G#3', 'G#4']	[False, False, False, False, False, False, True, False, False]	0.25	19
74.625	['C#2', 'C#3', 'C#5', 'C#6', 'E3', 'E4', 'G#3', 'G#4']	[False, False, False, False, False, False, False, False]	0.125	19
74.75	['B4', 'B5', 'C#2', 'C#3', 'C#5', 'E3', 'E4', 'G#3', 'G#4']	[True, True, False, False, False, False, False, False, True]	0.125	19
74.875	['B4', 'B5', 'C#2', 'E4', 'G#4']	[False, False, False, False, False]	0.125	19
75.0	['B4', 'C#2', 'C#3', 'C#5', 'E3', 'E4', 'G#3', 'G#4', 'G#5']	[False, False, True, True, True, False, True, True, True]	0.125	19
75.125	['C#2', 'C#5', 'E4', 'G#4', 'G#5']	[False, False, False, False, False]	0.125	19
75.25	['C#2', 'C#3', 'C#5', 'E3', 'E4', 'E5', 'G#3', 'G#4', 'G#5']	[False, True, False, True, False, True, True, False, False]	0.25	19
75.375	['C#2', 'C#3', 'C#5', 'E3', 'E4', 'E5', 'G#3', 'G#4', 'G#5']	[False, False, False, False, False, False, False, False, False]	0.25	19
75.5	['C#2', 'C#3', 'E3', 'E4', 'F#4', 'F#5', 'G#3', 'G#4', 'G#5']	[False, False, False, False, True, True, False, False, True]	0.25	19
75.625	['C#2', 'C#3', 'E3', 'E4', 'F#4', 'F#5', 'G#3', 'G#4', 'G#5']	[False, False, False, False, False, False, False, False, False]	0.25	19
75.75	['C#2', 'E1', 'E4', 'E5', 'F#4', 'G#4']	[False, True, True, True, False, False]	0.125	19
75.875	['E1', 'E4', 'E5', 'G#4']	[False, False, False, False]	0.125	19
76.0	['C#5', 'E1', 'E4', 'G#4']	[True, False, False, False]	0.125	20
76.125	['C#5', 'E1', 'E4', 'F#4', 'A4', 'G#4']	[False, False, False, True, True, False]	0.125	20
76.25	['C#3', 'E4', 'F#1', 'F#3', 'F#4', 'F#5', 'A3', 'A4']	[True, False, True, True, False, True, True, False]	0.125	20
76.375	['C#3', 'C#5', 'E4', 'F#1', 'F#3', 'F#4', 'F#5', 'A3', 'A4']	[False, True, False, False, False, False, False, False, False]	0.125	20
76.5	['C#3', 'C#5', 'F#1', 'F#3', 'F#4', 'A3', 'A4']	[False, False, False, False, False, False, False]	0.25	20
76.625	['C#3', 'C#5', 'F#1', 'F#3', 'F#4', 'A3', 'A4']	[False, False, False, False, False, False, True]	0.25	20
76.75	['F#1', 'F#4', 'A4']	[False, False, False]	0.125	20
76.875	['C#3', 'F#1', 'F#3', 'F#4', 'A3', 'A4']	[True, False, True, True, True, False]	0.125	20
77.0	['F#1', 'F#3', 'F#4', 'A3', 'A4']	[False, False, False, False, False]	0.125	20
77.125	['C#3', 'C#4', 'C#5', 'F#1', 'F#3', 'F#4', 'A3', 'A4']	[True, True, True, False, True, False, True, False]	0.25	20
77.25	['C#3', 'C#4', 'C#5', 'F#1', 'F#3', 'F#4', 'A3', 'A4']	[False, False, False, False, False, False, False, False]	0.25	20
77.375	['C#3', 'C#4', 'C#5', 'E4', 'E5', 'F#1', 'F#3', 'F#4', 'A3', 'A4']	[False, False, False, True, True, False, False, False, True, False]	0.125	20
77.5	['C#3', 'E4', 'E5', 'F#1', 'F#3', 'F#4', 'A3', 'A4']	[False, False, False, False, False, False, False, False]	0.125	20
77.625	['C#4', 'C#5', 'E4', 'F#1', 'F#3', 'F#4', 'A3', 'A4', 'G#1']	[True, True, False, False, True, False, False, False, True]	0.125	20
77.75	['C#4', 'F#3', 'F#4', 'A4', 'G#1']	[False, False, False, False, False]	0.125	20
77.875	['C#4', 'C#5', 'F#3', 'F#4', 'A3', 'A4', 'G#1', 'G#4', 'G#5']	[True, True, False, False, True, False, False, True, True]	0.125	20
78.0	['C#4', 'C#5', 'E4', 'F#4', 'A3', 'A4', 'G#1', 'G#4', 'G#5']	[True, False, True, False, False, False, False, False, False]	0.125	20
78.125	['C#4', 'C#5', 'E3', 'E4', 'A1', 'A2', 'A3', 'A4', 'G#1', 'G#4', 'G#5']	[False, False, True, True, True, True, True, False, False, False, False]	0.125	20
78.25	['C#4', 'C#5', 'E3', 'E4', 'F#4', 'F#5', 'A1', 'A2', 'A3', 'A4']	[False, False, False, False, True, True, False, False, False, False]	0.125	20
78.375	['C#4', 'C#5', 'E3', 'E4', 'E5', 'F#5', 'A1', 'A2', 'A4']	[True, False, False, True, True, False, False, False, False]	0.125	20
78.5	['C#4', 'C#5', 'E3', 'E4', 'E5', 'A1', 'A2', 'A4']	[False, False, False, False, False, False, False, False]	0.125	20
78.625	['C#4', 'C#5', 'E4', 'E5', 'A1', 'A4']	[False, False, True, False, False, False]	0.125	20
78.75	['C#4', 'C#5', 'E3', 'E4', 'E5', 'A1', 'A4']	[False, False, True, False, False, False, True]	0.125	20
78.875	['C#4', 'E3', 'E4', 'E5', 'A1', 'A2', 'A4']	[False, False, False, False, False, True, False]	0.125	20
79.0	['C#4', 'C#5', 'E3', 'E4', 'A1', 'A2', 'A4']	[False, True, True, False, False, True, False]	0.25	20
79.125	['C#4', 'C#5', 'E3', 'E4', 'A1', 'A2', 'A4']	[False, False, False, False, False, False, False]	0.25	20
79.25	['C#4', 'C#5', 'E3', 'E4', 'E5', 'A1', 'A2', 'A4']	[False, False, False, False, True, False, False, False]	0.125	20
79.375	['C#4', 'E3', 'E4', 'E5', 'A1', 'A4']	[False, False, False, False, False, False]	0.125	20
79.5	['B1', 'B4', 'C#4', 'E4', 'E5', 'A1', 'A4', 'A5']	[True, True, False, False, False, False, False, True]	0.125	20
79.625	['B1', 'B4', 'C#4', 'E4', 'A4', 'A5']	[False, False, False, False, False, False]	0.125	20
79.75	['B1', 'B4', 'C#4', 'E4', 'E5', 'A4', 'A5']	[False, False, False, False, True, False, False]	0.125	20
79.875	['B1', 'B4', 'C#5', 'E4', 'E5', 'A4', 'G#4']	[False, False, True, True, False, False, True]	0.125	20
80.0	['B1', 'C#2', 'C#3', 'C#5', 'E3', 'E4', 'E5', 'A4', 'G#3', 'G#4']	[False, True, True, True, True, False, False, False, True, False]	0.125	21
80.125	['C#2', 'C#3', 'C#5', 'E3', 'E4', 'A4', 'G#3', 'G#4']	[False, False, False, False, False, False, False, False]	0.125	21
80.25	['C#2', 'C#3', 'C#5', 'E3', 'E4', 'G#3', 'G#4', 'G#5']	[False, False, False, False, False, False, True, True]	0.25	21
80.375	['C#2', 'C#3', 'C#5', 'E3', 'E4', 'G#3', 'G#4', 'G#5']	[False, False, False, False, False, False, False, False]	0.25	21
80.5	['C#2', 'C#5', 'C#6', 'E4', 'G#4']	[False, True, True, True, False]	0.25	21
80.625	['C#2', 'C#5', 'C#6', 'E4', 'G#4']	[False, False, False, False, False]	0.25	21
80.75	['B4', 'B5', 'C#2', 'C#3', 'C#4', 'C#5', 'E3', 'E4', 'G#3', 'G#4']	[True, True, False, True, True, False, True, False, True, False]	0.125	21
80.875	['B4', 'B5', 'C#2', 'C#4', 'C#5', 'E4', 'G#4']	[False, False, False, False, False, False, False]	0.125	21
81.0	['B4', 'C#2', 'C#3', 'C#5', 'C#6', 'E3', 'E4', 'G#3', 'G#4']	[False, False, True, True, True, True, False, True, False]	0.125	21
81.125	['C#2', 'C#3', 'C#4', 'C#5', 'C#6', 'E3', 'E4', 'E5', 'E6', 'G#3', 'G#4']	[False, False, True, False, False, False, False, True, True, False, False]	0.125	21
81.25	['C#2', 'C#3', 'C#4', 'C#5', 'E3', 'E4', 'E5', 'E6', 'G#3', 'G#4']	[False, False, False, False, False, False, False, False, False, False]	0.375	21
81.375	['C#2', 'C#3', 'C#4', 'C#5', 'E3', 'E4', 'E5', 'E6', 'G#3', 'G#4']	[True, False, False, False, False, True, False, False, False, False]	0.375	21
81.5	['C#2', 'C#3', 'C#4', 'C#5', 'E3', 'E4', 'E5', 'E6', 'G#3', 'G#4']	[False, False, False, False, False, False, False, False, False, False]	0.375	21
81.625	['C#2', 'C#4', 'C#5', 'E4', 'E5', 'E6', 'G#4']	[False, False, False, False, False, False, True]	0.25	21
81.75	['C#2', 'C#4', 'C#5', 'E4', 'E5', 'E6', 'G#4']	[False, False, False, False, False, False, False]	0.25	21
81.875	['B1', 'B2', 'B3', 'B4', 'C#2', 'C#4', 'E3', 'E4', 'E6', 'G#3', 'G#4']	[True, True, True, True, False, False, True, False, False, True, False]	0.125	21
82.0	['B1', 'B2', 'B3', 'B4', 'C#2', 'C#4', 'E3', 'E4', 'G#3', 'G#4']	[False, False, False, False, False, False, False, False, False, False]	0.125	21
82.125	['B1', 'B2', 'B3', 'B4', 'B5', 'E3', 'E4', 'G#3', 'G#4']	[False, False, False, True, True, False, False, False, True]	0.25	21
82.25	['B1', 'B2', 'B3', 'B4', 'B5', 'E3', 'E4', 'G#3', 'G#4']	[False, False, False, False, False, False, False, False, False]	0.25	21
82.375	['B1', 'B3', 'B4', 'C#5', 'C#6', 'E4', 'G#4']	[False, False, False, True, True, True, False]	0.125	21
82.5	['B1', 'B3', 'C#5', 'C#6', 'E4', 'G#4']	[False, False, False, False, False, False]	0.125	21
82.625	['B1', 'B2', 'B3', 'B4', 'B5', 'C#4', 'E3', 'E4', 'G#3', 'G#4']	[False, True, False, True, True, True, True, False, True, False]	0.125	21
82.75	['B1', 'B3', 'B4', 'B5', 'C#4', 'E4', 'G#4']	[False, False, False, False, False, False, False]	0.125	21
82.875	['B1', 'B2', 'B3', 'C#4', 'C#5', 'C#6', 'E3', 'E4', 'G#3', 'G#4']	[False, True, False, False, True, True, True, False, True, False]	0.125	21
83.0	['B1', 'B2', 'B3', 'C#5', 'C#6', 'E3', 'E4', 'G#3', 'G#4']	[False, False, False, False, False, False, False, False, False]	0.125	21
83.125	['B1', 'B2', 'B3', 'C#4', 'C#6', 'E3', 'E4', 'E5', 'E6', 'G#3', 'G#4']	[False, False, False, True, False, False, False, True, True, False, False]	0.125	21
83.25	['B1', 'B2', 'B3', 'C#4', 'E3', 'E4', 'E5', 'E6', 'G#3', 'G#4']	[False, False, False, False, False, False, False, False, False, False]	0.125	21
83.375	['B1', 'B3', 'C#4', 'E4', 'E5', 'E6', 'G#4']	[False, False, False, True, False, False, False]	0.375	21
83.5	['B1', 'B3', 'C#4', 'E4', 'E5', 'E6', 'G#4']	[False, False, False, False, False, False, False]	0.375	21
83.625	['B1', 'B3', 'C#4', 'E4', 'E5', 'E6', 'G#4']	[False, False, False, False, False, False, True]	0.375	21
83.75	['B1', 'B3', 'A#1', 'A#3', 'A#4', 'C#4', 'E3', 'E4', 'E6', 'G#3', 'G#4']	[False, False, True, True, True, False, True, False, False, True, False]	0.125	21
83.875	['B1', 'A#1', 'A#2', 'A#3', 'A#4', 'C#4', 'E3', 'E4', 'G#3', 'G#4']	[False, False, True, False, True, False, False, False, False, False]	0.125	21
84.0	['A#1', 'A#2', 'A#3', 'A#4', 'E3', 'E4', 'G#3', 'G#4']	[False, False, False, False, False, False, False, True]	0.25	22
84.125	['A#1', 'A#2', 'A#3', 'A#4', 'E3', 'E4', 'G#3', 'G#4']	[False, False, False, False, False, False, False, False]	0.25	22
84.25	['A#1', 'A#2', 'A#3', 'A#4', 'C#5', 'C#6', 'E3', 'E4', 'G#3', 'G#4']	[False, False, False, False, True, True, False, True, False, False]	0.125	22
84.375	['A#1', 'A#3', 'A#4', 'C#5', 'C#6', 'E4', 'G#4']	[False, False, False, False, False, False, False]	0.125	22
84.5	['A#1', 'A#2', 'A#3', 'A#4', 'C5', 'C6', 'C#4', 'C#5', 'C#6', 'E3', 'E4', 'G#3', 'G#4']	[False, True, False, False, True, True, True, False, False, True, False, True, False]	0.125	22
84.625	['A#1', 'A#2', 'A#3', 'A#4', 'C5', 'C6', 'C#4', 'E4', 'G#3', 'G#4']	[False, False, False, False, False, False, False, False, False, False]	0.125	22
84.75	['A#1', 'A#2', 'A#3', 'A#4', 'C#5', 'C#6', 'E3', 'E4', 'G#3', 'G#4']	[False, True, True, False, True, True, True, False, True, False]	0.25	22
84.875	['A#1', 'A#2', 'A#3', 'A#4', 'C#5', 'C#6', 'E3', 'E4', 'G#3', 'G#4']	[False, False, False, False, False, False, False, False, False, False]	0.25	22
85.0	['A#1', 'A#2', 'A#3', 'A#4', 'C#4', 'C#5', 'C#6', 'E3', 'E4', 'E5', 'E6', 'G#3', 'G#4']	[False, False, False, False, True, False, False, False, False, True, True, False, False]	0.125	22
85.125	['A#1', 'A#2', 'A#3', 'A#4', 'C#4', 'E3', 'E4', 'E5', 'E6', 'G#3', 'G#4']	[False, False, False, False, False, False, False, False, False, False, False]	0.25	22
85.25	['A#1', 'A#2', 'A#3', 'A#4', 'C#4', 'E3', 'E4', 'E5', 'E6', 'G#3', 'G#4']	[False, False, False, False, False, False, True, False, False, False, False]	0.25	22
85.375	['A#1', 'A#3', 'A#4', 'E4', 'E5', 'E6', 'G#4']	[False, False, False, False, False, False, False]	0.125	22
85.5	['A#1', 'A#3', 'A#4', 'C#5', 'C#6', 'E4', 'E5', 'E6', 'G#4']	[False, False, False, True, True, False, False, False, True]	0.125	22
85.625	['B4', 'B5', 'A#1', 'A#3', 'A#4', 'C#5', 'C#6', 'E4', 'G#4']	[True, True, False, False, False, False, False, False, False]	0.125	22
85.75	['B4', 'B5', 'A#1', 'A#3', 'C#5', 'C#6', 'E3', 'E4', 'E5', 'F#3', 'F#4', 'A1', 'A2', 'A3', 'A4', 'G#4']	[False, False, False, False, True, True, True, True, True, True, True, True, True, True, True, False]	0.125	22
85.875	['C#5', 'C#6', 'E3', 'E4', 'E5', 'F#3', 'F#4', 'A1', 'A2', 'A3', 'A4']	[False, False, False, False, False, False, False, False, False, False, False]	0.25	22
86.0	['C#5', 'C#6', 'E3', 'E4', 'E5', 'F#3', 'F#4', 'A1', 'A2', 'A3', 'A4']	[False, False, False, True, False, False, False, False, False, False, False]	0.25	22
86.125	['C#5', 'C#6', 'E3', 'E4', 'E5', 'F#3', 'F#4', 'A1', 'A2', 'A3']	[False, False, False, False, False, False, False, False, False, False]	0.125	22
86.25	['C#4', 'C#5', 'C#6', 'E3', 'E4', 'E5', 'F#3', 'F#4', 'A1', 'A2', 'A3']	[True, False, False, False, False, False, False, False, False, False, False]	0.125	22
86.375	['C#4', 'C#5', 'C#6', 'E4', 'E5', 'F#4', 'A1', 'A3']	[False, False, False, False, False, False, False, False]	0.125	22
86.5	['C#4', 'C#5', 'C#6', 'E3', 'E4', 'E5', 'F#3', 'F#4', 'A1', 'A2', 'A3']	[False, False, False, True, False, False, True, False, False, True, True]	0.125	22
86.625	['C#5', 'C#6', 'E3', 'E4', 'E5', 'F#3', 'F#4', 'A1', 'A2', 'A3']	[False, False, False, False, False, False, False, False, False, False]	0.125	22
86.75	['C#5', 'C#6', 'E4', 'E5', 'F#3', 'F#4', 'A1', 'A3']	[False, False, False, False, True, False, False, False]	0.125	22
86.875	['C#5', 'C#6', 'E3', 'E4', 'E5', 'F#3', 'F#4', 'A1', 'A2', 'A3']	[False, False, True, False, False, True, False, False, True, False]	1.25	22
87.0	['C#5', 'C#6', 'E3', 'E4', 'E5', 'F#3', 'F#4', 'A1', 'A2', 'A3']	[False, False, False, False, False, False, False, False, False, False]	1.25	22
87.125	['C#5', 'C#6', 'E3', 'E4', 'E5', 'F#3', 'F#4', 'A1', 'A2', 'A3']	[False, False, False, False, False, False, False, False, False, False]	1.25	22
87.25	['C#5', 'C#6', 'E3', 'E4', 'E5', 'F#3', 'F#4', 'A1', 'A2', 'A3']	[False, False, False, False, False, False, False, False, False, False]	1.25	22
87.375	['C#5', 'C#6', 'E3', 'E4', 'E5', 'F#3', 'F#4', 'A1', 'A2', 'A3']	[False, False, False, False, False, False, False, False, False, False]	1.25	22
87.5	['C#5', 'C#6', 'E3', 'E4', 'E5', 'F#3', 'F#4', 'A1', 'A2', 'A3']	[False, False, False, False, False, False, False, False, False, False]	1.25	22
87.625	['C#5', 'C#6', 'E3', 'E4', 'E5', 'F#3', 'F#4', 'A1', 'A2', 'A3']	[False, False, False, False, False, False, False, False, False, False]	1.25	22
87.75	['C#5', 'C#6', 'E3', 'E4', 'E5', 'F#3', 'F#4', 'A1', 'A2', 'A3']	[False, False, False, False, False, False, False, False, False, False]	1.25	22
87.875	['C#5', 'C#6', 'E3', 'E4', 'E5', 'F#3', 'F#4', 'A1', 'A2', 'A3']	[False, False, False, False, False, False, False, False, False, False]	1.25	22
88.0	['C#5', 'C#6', 'E3', 'E4', 'E5', 'F#3', 'F#4', 'A1', 'A2', 'A3']	[False, False, False, False, False, False, False, False, False, False]	1.25	23
88.125	['E3', 'E4', 'E5', 'F#3', 'F#4', 'A1', 'A2', 'A3']	[False, False, False, False, False, False, False, False]	0.125	23
88.25	['C#5', 'C#6', 'E3', 'E4', 'E5', 'F#3', 'F#4', 'A1', 'A2', 'A3']	[True, True, False, False, False, False, False, False, False, True]	0.125	23
88.375	['C#5', 'C#6', 'E4', 'E5', 'F#3', 'F#4', 'A1', 'A3']	[False, False, False, False, False, False, False, False]	0.125	23
88.5	['C#4', 'C#5', 'C#6', 'E4', 'E5', 'F#4', 'A1', 'A3']	[True, False, False, False, False, False, False, False]	0.25	23
88.625	['C#4', 'C#5', 'C#6', 'E4', 'E5', 'F#4', 'A1', 'A3']	[False, False, False, True, False, False, False, False]	0.25	23
88.75	['B2', 'B3', 'B4', 'B5', 'C#5', 'C#6', 'E1', 'E3', 'E4', 'E5', 'F#4', 'A1', 'A3', 'G#3', 'G#4']	[True, True, True, True, False, False, True, True, False, True, False, False, False, True, True]	0.125	23
88.875	['B2', 'B3', 'B4', 'B5', 'E1', 'E3', 'E4', 'E5', 'A1', 'A3', 'G#3', 'G#4']	[False, False, False, False, False, False, False, False, False, False, False, False]	0.125	23
89.0	['B2', 'B3', 'B4', 'B5', 'E1', 'E3', 'E4', 'E5', 'G#3', 'G#4']	[False, False, False, False, False, False, False, False, True, False]	0.25	23
89.125	['B2', 'B3', 'B4', 'B5', 'E1', 'E3', 'E4', 'E5', 'G#3', 'G#4']	[False, False, False, False, False, False, False, False, False, False]	0.25	23
89.25	['B3', 'B4', 'B5', 'E1', 'E4', 'E5', 'G#3', 'G#4']	[True, False, False, False, False, False, False, False]	0.25	23
89.375	['B3', 'B4', 'B5', 'E1', 'E4', 'E5', 'G#3', 'G#4']	[False, False, False, False, False, False, False, False]	0.25	23
89.5	['B2', 'B3', 'B4', 'B5', 'E1', 'E3', 'E4', 'E5', 'G#3', 'G#4']	[True, False, False, False, False, True, True, False, True, False]	0.125	23
89.625	['B3', 'B4', 'B5', 'E1', 'E4', 'E5', 'G#3', 'G#4']	[False, False, False, False, False, False, False, False]	0.125	23
89.75	['B2', 'B3', 'B4', 'E1', 'E3', 'E4', 'E5', 'G#3', 'G#4', 'G#5']	[True, False, False, False, True, False, False, True, True, True]	0.125	23
89.875	['B2', 'B3', 'E1', 'E3', 'E4', 'E5', 'G#3', 'G#4', 'G#5']	[False, False, False, False, False, False, False, False, False]	0.125	23
90.0	['B2', 'B3', 'B4', 'E1', 'E3', 'E4', 'E5', 'G#3', 'G#4', 'G#5']	[False, False, True, False, False, False, False, False, False, False]	0.125	23
90.125	['B2', 'B3', 'B4', 'E1', 'E3', 'E4', 'G#3', 'G#4', 'G#5']	[False, False, False, False, False, False, False, False, False]	0.125	23
90.25	['B3', 'E1', 'E4', 'E5', 'G#4', 'G#5']	[False, False, True, True, False, False]	0.125	23
90.375	['B3', 'E1', 'E4', 'E5', 'G#4']	[False, False, False, False, False]	0.125	23
90.5	['B3', 'B4', 'E1', 'E4', 'E5', 'G#4']	[False, True, False, False, False, False]	0.125	23
90.625	['B3', 'B4', 'C#5', 'E1', 'E3', 'E4', 'F#3', 'F#4', 'F#5', 'A1', 'A2', 'A3', 'A4', 'G#4']	[False, False, True, False, True, False, True, True, True, True, True, True, True, False]	0.125	23
90.75	['B3', 'C#5', 'E1', 'E3', 'E4', 'F#3', 'F#4', 'F#5', 'A1', 'A2', 'A3', 'A4']	[False, False, False, False, False, False, False, False, False, False, False, False]	0.125	23
90.875	['C#4', 'C#5', 'E1', 'E3', 'E4', 'F#3', 'F#4', 'F#5', 'A1', 'A2', 'A3', 'A4']	[True, False, False, False, False, False, False, False, False, False, False, False]	0.125	23
91.0	['C#4', 'C#5', 'E3', 'E4', 'F#3', 'F#4', 'F#5', 'A1', 'A2', 'A3', 'A4']	[False, False, False, False, False, False, False, False, False, False, False]	0.25	23
91.125	['C#4', 'C#5', 'E3', 'E4', 'F#3', 'F#4', 'F#5', 'A1', 'A2', 'A3', 'A4']	[False, False, False, True, False, False, False, False, False, False, False]	0.25	23
91.25	['C#4', 'C#5', 'E4', 'F#4', 'F#5', 'A1', 'A3', 'A4']	[False, False, False, False, False, False, False, False]	0.125	23
91.375	['C#4', 'C#5', 'E3', 'E4', 'F#3', 'F#4', 'F#5', 'A1', 'A2', 'A3', 'A4']	[False, False, True, False, True, False, False, False, True, False, True]	0.125	23
91.5	['C#4', 'E4', 'F#4', 'F#5', 'A1', 'A3', 'A4']	[False, False, False, False, False, False, False]	0.125	23
91.625	['C#4', 'C#5', 'E3', 'E4', 'F#3', 'F#4', 'F#5', 'A1', 'A2', 'A3', 'A4']	[True, True, True, False, True, False, False, False, True, False, False]	0.125	23
91.75	['C#4', 'C#5', 'E3', 'E4', 'F#3', 'F#5', 'A1', 'A2', 'A3', 'A4']	[False, False, False, False, False, False, False, False, False, False]	0.125	23
91.875	['C#4', 'C#5', 'E3', 'E4', 'E5', 'F#3', 'F#5', 'A1', 'A2', 'A3', 'A4']	[False, False, False, False, True, False, False, False, False, False, False]	0.125	23
92.0	['C#4', 'E3', 'E4', 'E5', 'F#3', 'F#5', 'A1', 'A2', 'A3', 'A4']	[False, False, False, False, False, False, False, False, False, False]	0.125	24
92.125	['C#4', 'C#5', 'E4', 'E5', 'F#5', 'A1', 'A3', 'A4']	[True, True, False, False, False, False, False, False]	0.125	24
92.25	['C#4', 'C#5', 'E4', 'A1', 'A4']	[False, False, False, False, False]	0.125	24
92.375	['C#4', 'C#5', 'E4', 'A4']	[False, False, False, True]	0.125	24
92.5	['C#4', 'E4', 'G4', 'A4']	[True, False, True, False]	0.125	24
92.625	['C#3', 'C#4', 'C#5', 'E4', 'G3', 'G4', 'G5', 'A1', 'A2']	[True, False, True, False, True, True, True, True, True]	0.25	24
92.75	['C#3', 'C#4', 'C#5', 'E4', 'G3', 'G4', 'G5', 'A1', 'A2']	[False, False, False, False, False, False, False, False, False]	0.25	24
92.875	['C#3', 'C#4', 'C#5', 'E4', 'E5', 'G3', 'G4', 'F#4', 'F#5', 'A1', 'A2']	[False, False, False, False, True, False, False, True, True, False, False]	0.125	24
93.0	['C#4', 'C#5', 'E4', 'E5', 'G3', 'G4', 'F#4', 'F#5', 'A1', 'A2']	[False, False, False, False, False, False, False, False, False, False]	0.125	24
93.125	['C#4', 'C#5', 'E4', 'G4', 'F#4', 'F#5', 'A1']	[False, True, False, False, False, False, False]	0.125	24
93.25	['C#3', 'C#4', 'C#5', 'E4', 'E5', 'G3', 'G4', 'F#4', 'F#5', 'A1', 'A2', 'A4']	[True, False, False, True, True, True, False, False, False, False, True, True]	0.125	24
93.375	['C#4', 'C#5', 'E4', 'E5', 'G3', 'G4', 'A1', 'A4']	[False, False, False, False, False, False, False, False]	0.125	24
93.5	['C#3', 'C#4', 'C#5', 'E4', 'E5', 'G3', 'G4', 'A1', 'A2']	[True, False, False, True, False, True, False, False, True]	0.25	24
93.625	['C#3', 'C#4', 'C#5', 'E4', 'E5', 'G3', 'G4', 'A1', 'A2']	[False, False, False, False, False, False, False, False, False]	0.25	24
93.75	['C#3', 'C#4', 'C#5', 'E4', 'E5', 'G3', 'G4', 'A1', 'A2', 'A3']	[False, False, False, True, True, False, False, False, False, True]	0.125	24
93.875	['C#3', 'C#4', 'C#5', 'E4', 'G3', 'G4', 'A1', 'A2', 'A3']	[False, False, False, False, False, False, False, False, False]	0.125	24
94.0	['C#4', 'C#5', 'E3', 'E4', 'E5', 'G3', 'G4', 'A1', 'A2', 'A3']	[False, False, True, True, True, False, False, False, False, False]	0.125	24
94.125	['C#4', 'E3', 'E4', 'E5', 'G4', 'A1']	[False, False, False, False, False, False]	0.125	24
94.25	['C#3', 'C#4', 'E3', 'E4', 'E5', 'G4', 'A1']	[True, False, False, False, False, False, False]	0.125	24
94.375	['C#3', 'C#4', 'E4', 'E5', 'G4', 'A1', 'G#4']	[False, False, False, True, False, False, True]	0.125	24
94.5	['B2', 'B3', 'B4', 'C#4', 'E1', 'E3', 'E4', 'E5', 'G4', 'G#3', 'G#4']	[True, True, True, False, True, True, True, True, False, True, True]	0.125	24
94.625	['B2', 'B3', 'B4', 'C#4', 'E1', 'E3', 'E4', 'E5', 'G#3', 'G#4']	[False, False, False, False, False, False, False, False, False, False]	0.125	24
94.75	['B2', 'B3', 'B4', 'E1', 'E3', 'E4', 'E5', 'G#3', 'G#4']	[False, False, False, False, False, False, False, True, False]	0.25	24
94.875	['B2', 'B3', 'B4', 'E1', 'E3', 'E4', 'E5', 'G#3', 'G#4']	[False, False, False, False, False, False, False, False, False]	0.25	24
95.0	['B3', 'B4', 'E1', 'E4', 'E5', 'G#3', 'G#4']	[True, False, False, False, False, False, False]	0.25	24
95.125	['B3', 'B4', 'E1', 'E4', 'E5', 'G#3', 'G#4']	[False, False, False, True, False, False, False]	0.25	24
95.25	['B2', 'B3', 'B4', 'E1', 'E3', 'E4', 'E5', 'G#3', 'G#4']	[True, False, True, False, True, False, False, True, True]	0.125	24
95.375	['B3', 'B4', 'E1', 'E4', 'E5', 'G#3', 'G#4']	[False, False, False, False, True, False, False]	0.125	24
95.5	['B2', 'B3', 'B4', 'E1', 'E3', 'E4', 'E5', 'G#3', 'G#4']	[True, False, False, False, True, False, False, True, False]	0.75	24
95.625	['B2', 'B3', 'B4', 'E1', 'E3', 'E4', 'E5', 'G#3', 'G#4']	[False, False, False, False, False, False, False, False, False]	0.75	24
95.75	['B2', 'B3', 'B4', 'E1', 'E3', 'E4', 'E5', 'G#3', 'G#4']	[False, False, False, False, False, False, False, False, False]	0.75	24
95.875	['B2', 'B3', 'B4', 'E1', 'E3', 'E4', 'E5', 'G#3', 'G#4']	[False, False, False, False, False, False, False, False, False]	0.75	24
96.0	['B2', 'B3', 'B4', 'E1', 'E3', 'E4', 'E5', 'G#3', 'G#4']	[False, False, False, False, False, False, False, False, False]	0.75	25
96.125	['B2', 'B3', 'B4', 'E1', 'E3', 'E4', 'E5', 'G#3', 'G#4']	[False, False, False, False, False, False, False, False, False]	0.75	25
96.25	['B2', 'B4', 'E3', 'E4', 'E5', 'G#3', 'G#4']	[False, False, False, False, False, False, False]	0.25	25
96.375	['B2', 'B4', 'E3', 'E4', 'E5', 'G#3', 'G#4']	[False, False, False, False, False, False, False]	0.25	25
