j_offset	s_notes	s_isOnset	s_duration	s_measure	a_degree1	a_pcset	a_localKey
0.0	[]	[]	2.55	1			
0.15	[]	[]	2.55	1			
0.3	[]	[]	2.55	1			
0.45	[]	[]	2.55	1			
0.6	[]	[]	2.55	1			
0.75	[]	[]	2.55	1			
0.9	[]	[]	2.55	1			
1.05	[]	[]	2.55	1			
1.2	[]	[]	2.55	1			
1.35	[]	[]	2.55	1			
1.5	[]	[]	2.55	1			
1.65	[]	[]	2.55	1			
1.8	[]	[]	2.55	1			
1.95	[]	[]	2.55	1			
2.1	[]	[]	2.55	1			
2.25	[]	[]	2.55	1			
2.4	[]	[]	2.55	1			
2.55	['C2', 'C4', 'D#4', 'D#5', 'G4']	[True, True, True, True, True]	0.45	1			
2.7	['C2', 'C4', 'D#4', 'D#5', 'G4']	[False, False, False, False, False]	0.45	1			
2.85	['C2', 'C4', 'D#4', 'D#5', 'G4']	[False, False, False, False, False]	0.45	1			
3.0	['C2', 'C4', 'D#4', 'D5', 'G4']	[False, False, False, True, False]	0.45	1			
3.15	['C2', 'C4', 'D#4', 'D5', 'G4']	[False, False, False, False, False]	0.45	1			
3.3	['C2', 'C4', 'D#4', 'D5', 'G4']	[False, False, False, False, False]	0.45	1			
3.45	['C2', 'C4', 'C5', 'D#4', 'G4']	[False, False, True, False, False]	0.75	1			
3.6	['C2', 'C4', 'C5', 'D#4', 'G4']	[False, False, False, False, False]	0.75	1			
3.75	['C2', 'C4', 'C5', 'D#4', 'G4']	[False, False, False, False, False]	0.75	1			
3.9	['C2', 'C4', 'C5', 'D#4', 'G4']	[False, False, False, False, False]	0.75	1			
4.05	['C2', 'C4', 'C5', 'D#4', 'G4']	[False, False, False, False, False]	0.75	2			
4.2	['C4', 'C5', 'D#4', 'G4']	[False, False, False, False]	0.15	2			
4.35	['C5']	[False]	0.45	2			
4.5	['C5']	[False]	0.45	2			
4.65	['C5']	[False]	0.45	2			
4.8	[]	[]	0.3	2			
4.95	[]	[]	0.3	2			
5.1	['A#3', 'C2', 'D#5', 'D4', 'F4']	[True, True, True, True, True]	0.45	2			
5.25	['A#3', 'C2', 'D#5', 'D4', 'F4']	[False, False, False, False, False]	0.45	2			
5.4	['A#3', 'C2', 'D#5', 'D4', 'F4']	[False, False, False, False, False]	0.45	2			
5.55	['A#3', 'C2', 'D4', 'D5', 'F4']	[False, False, False, True, False]	0.45	2			
5.7	['A#3', 'C2', 'D4', 'D5', 'F4']	[False, False, False, False, False]	0.45	2			
5.85	['A#3', 'C2', 'D4', 'D5', 'F4']	[False, False, False, False, False]	0.45	2			
6.0	['A#3', 'C2', 'C5', 'D4', 'F4']	[False, False, True, False, False]	0.75	2			
6.15	['A#3', 'C2', 'C5', 'D4', 'F4']	[False, False, False, False, False]	0.75	2			
6.3	['A#3', 'C2', 'C5', 'D4', 'F4']	[False, False, False, False, False]	0.75	2			
6.45	['A#3', 'C2', 'C5', 'D4', 'F4']	[False, False, False, False, False]	0.75	2			
6.6	['A#3', 'C2', 'C5', 'D4', 'F4']	[False, False, False, False, False]	0.75	2			
6.75	['A#3', 'C5', 'D4', 'F4']	[False, False, False, False]	0.15	2			
6.9	['C5']	[False]	0.3	2			
7.05	['C5']	[False]	0.3	2			
7.2	[]	[]	0.45	2			
7.35	[]	[]	0.45	2			
7.5	[]	[]	0.45	2			
7.65	['A#3', 'C2', 'D#4', 'D#5', 'G4']	[True, True, True, True, True]	0.45	2			
7.8	['A#3', 'C2', 'D#4', 'D#5', 'G4']	[False, False, False, False, False]	0.45	2			
7.95	['A#3', 'C2', 'D#4', 'D#5', 'G4']	[False, False, False, False, False]	0.45	2			
8.1	['A#3', 'C2', 'D#4', 'D5', 'G4']	[False, False, False, True, False]	0.45	3			
8.25	['A#3', 'C2', 'D#4', 'D5', 'G4']	[False, False, False, False, False]	0.45	3			
8.4	['A#3', 'C2', 'D#4', 'D5', 'G4']	[False, False, False, False, False]	0.45	3			
8.55	['A#3', 'C2', 'C5', 'D#4', 'G4']	[False, False, True, False, False]	0.75	3			
8.7	['A#3', 'C2', 'C5', 'D#4', 'G4']	[False, False, False, False, False]	0.75	3			
8.85	['A#3', 'C2', 'C5', 'D#4', 'G4']	[False, False, False, False, False]	0.75	3			
9.0	['A#3', 'C2', 'C5', 'D#4', 'G4']	[False, False, False, False, False]	0.75	3			
9.15	['A#3', 'C2', 'C5', 'D#4', 'G4']	[False, False, False, False, False]	0.75	3			
9.3	['A#3', 'D#4', 'G4']	[False, False, False]	0.15	3			
9.45	['G4']	[True]	0.15	3			
9.6	['G#4']	[True]	0.15	3			
9.75	['A#4']	[True]	0.15	3			
9.9	['A4']	[True]	0.3	3			
10.05	['A4']	[False]	0.3	3			
10.2	['A4', 'C2', 'C4', 'F4']	[True, True, True, True]	1.65	3			
10.35	['A4', 'C2', 'C4', 'F4']	[False, False, False, False]	1.65	3			
10.5	['A4', 'C2', 'C4', 'F4']	[False, False, False, False]	1.65	3			
10.65	['A4', 'C2', 'C4', 'F4']	[False, False, False, False]	1.65	3			
10.8	['A4', 'C2', 'C4', 'F4']	[False, False, False, False]	1.65	3			
10.95	['A4', 'C2', 'C4', 'F4']	[False, False, False, False]	1.65	3			
11.1	['A4', 'C2', 'C4', 'F4']	[False, False, False, False]	1.65	3			
11.25	['A4', 'C2', 'C4', 'F4']	[False, False, False, False]	1.65	3			
11.4	['A4', 'C2', 'C4', 'F4']	[False, False, False, False]	1.65	3			
11.55	['A4', 'C2', 'C4', 'F4']	[False, False, False, False]	1.65	3			
11.7	['A4', 'C2', 'C4', 'F4']	[False, False, False, False]	1.65	3			
11.85	['A4', 'C4', 'F4']	[False, False, False]	0.15	3			
12.0	[]	[]	0.75	4			
12.15	[]	[]	0.75	4			
12.3	[]	[]	0.75	4			
12.45	[]	[]	0.75	4			
12.6	[]	[]	0.75	4			
12.75	['A#5', 'C2', 'C4', 'D#4', 'D#5', 'G4']	[True, True, True, True, True, True]	0.3	4			
12.9	['A#5', 'C2', 'C4', 'D#4', 'D#5', 'G4']	[False, False, False, False, False, False]	0.3	4			
13.05	['C2', 'C4', 'D#4', 'G4']	[False, False, False, False]	0.15	4			
13.2	['A5', 'C4', 'D#4', 'D5', 'G4']	[True, False, False, True, False]	0.15	4			
13.35	['A5', 'C2', 'C4', 'D#4', 'D5', 'G4']	[False, True, False, False, False, False]	0.3	4			
13.5	['A5', 'C2', 'C4', 'D#4', 'D5', 'G4']	[False, False, False, False, False, False]	0.3	4			
13.65	['C2', 'C4', 'C5', 'D#4', 'G4', 'G5']	[False, False, True, False, False, True]	0.9	4			
13.8	['C2', 'C4', 'C5', 'D#4', 'G4', 'G5']	[False, False, False, False, False, False]	0.9	4			
13.95	['C2', 'C4', 'C5', 'D#4', 'G4', 'G5']	[True, False, False, False, False, False]	0.9	4			
14.1	['C2', 'C4', 'C5', 'D#4', 'G4', 'G5']	[False, False, False, False, False, False]	0.9	4			
14.25	['C2', 'C4', 'C5', 'D#4', 'G4', 'G5']	[False, False, False, False, False, False]	0.9	4			
14.4	['C2', 'C4', 'C5', 'D#4', 'G4', 'G5']	[False, False, False, False, False, False]	0.9	4			
14.55	['C5', 'G5']	[False, False]	0.15	4			
14.7	['C2', 'C5', 'G5']	[True, False, False]	0.15	4			
14.85	['C2', 'G5']	[False, False]	0.3	4			
15.0	['C2', 'G5']	[False, False]	0.3	4			
15.15	[]	[]	0.15	4			
15.3	['A#3', 'A#5', 'C2', 'D#5', 'D4', 'F4']	[True, True, True, True, True, True]	0.3	4			
15.45	['A#3', 'A#5', 'C2', 'D#5', 'D4', 'F4']	[False, False, False, False, False, False]	0.3	4			
15.6	['A#3', 'C2', 'D4', 'F4']	[False, False, False, False]	0.15	4			
15.75	['A#3', 'A5', 'D4', 'D5', 'F4']	[False, True, False, True, False]	0.15	4			
15.9	['A#3', 'A5', 'C2', 'D4', 'D5', 'F4']	[False, False, True, False, False, False]	0.3	4			
16.05	['A#3', 'A5', 'C2', 'D4', 'D5', 'F4']	[False, False, False, False, False, False]	0.3	5			
16.2	['A#3', 'C2', 'C5', 'D4', 'F4', 'G5']	[False, False, True, False, False, True]	0.9	5			
16.35	['A#3', 'C2', 'C5', 'D4', 'F4', 'G5']	[False, False, False, False, False, False]	0.9	5			
16.5	['A#3', 'C2', 'C5', 'D4', 'F4', 'G5']	[False, True, False, False, False, False]	0.9	5			
16.65	['A#3', 'C2', 'C5', 'D4', 'F4', 'G5']	[False, False, False, False, False, False]	0.9	5			
16.8	['A#3', 'C2', 'C5', 'D4', 'F4', 'G5']	[False, False, False, False, False, False]	0.9	5			
16.95	['A#3', 'C2', 'C5', 'D4', 'F4', 'G5']	[False, False, False, False, False, False]	0.9	5			
17.1	['C5', 'G5']	[False, False]	0.15	5			
17.25	['C2', 'C5', 'G5']	[True, False, False]	0.45	5			
17.4	['C2', 'C5', 'G5']	[False, False, False]	0.45	5			
17.55	['C2', 'C5', 'G5']	[False, False, False]	0.45	5			
17.7	[]	[]	0.15	5			
17.85	['A#3', 'A#5', 'C2', 'D#4', 'D#5', 'G4']	[True, True, True, True, True, True]	0.3	5			
18.0	['A#3', 'A#5', 'C2', 'D#4', 'D#5', 'G4']	[False, False, False, False, False, False]	0.3	5			
18.15	['A#3', 'C2', 'D#4', 'D#5', 'G4']	[False, False, False, False, False]	0.15	5			
18.3	['A#3', 'A5', 'D#4', 'D#5', 'D5', 'G4']	[False, True, False, False, True, False]	0.15	5			
18.45	['A#3', 'A5', 'C2', 'D#4', 'D5', 'G4']	[False, False, True, False, False, False]	0.3	5			
18.6	['A#3', 'A5', 'C2', 'D#4', 'D5', 'G4']	[False, False, False, False, False, False]	0.3	5			
18.75	['A#3', 'C2', 'C5', 'D#4', 'D5', 'G4', 'G5']	[False, False, True, False, False, False, True]	0.15	5			
18.9	['A#3', 'C2', 'C5', 'D#4', 'G4', 'G5']	[False, False, False, False, False, False]	0.75	5			
19.05	['A#3', 'C2', 'C5', 'D#4', 'G4', 'G5']	[False, True, False, False, False, False]	0.75	5			
19.2	['A#3', 'C2', 'C5', 'D#4', 'G4', 'G5']	[False, False, False, False, False, False]	0.75	5			
19.35	['A#3', 'C2', 'C5', 'D#4', 'G4', 'G5']	[False, False, False, False, False, False]	0.75	5			
19.5	['A#3', 'C2', 'C5', 'D#4', 'G4', 'G5']	[False, False, False, False, False, False]	0.75	5			
19.65	['G4', 'G5']	[True, False]	0.15	5			
19.8	['C2', 'G#4']	[True, True]	0.15	5			
19.95	['A#4', 'C2']	[True, False]	0.15	5			
20.1	['A4', 'C2', 'C5']	[True, False, True]	0.15	6			
20.25	['A4', 'C5']	[False, False]	0.15	6			
20.4	['A4', 'C2', 'C4', 'C5', 'F4']	[True, True, True, False, True]	0.45	6			
20.55	['A4', 'C2', 'C4', 'C5', 'F4']	[False, False, False, False, False]	0.45	6			
20.7	['A4', 'C2', 'C4', 'C5', 'F4']	[False, False, False, False, False]	0.45	6			
20.85	['A4', 'C4', 'C5', 'F4']	[False, False, False, False]	0.15	6			
21.0	['A4', 'C2', 'C4', 'C5', 'F4']	[False, True, False, False, False]	0.3	6			
21.15	['A4', 'C2', 'C4', 'C5', 'F4']	[False, False, False, False, False]	0.3	6			
21.3	['A4', 'C2', 'C4', 'F4']	[False, False, False, False]	0.3	6			
21.45	['A4', 'C2', 'C4', 'F4']	[False, False, False, False]	0.3	6			
21.6	['A4', 'C2', 'C4', 'C6', 'F4']	[False, True, False, True, False]	0.6	6			
21.75	['A4', 'C2', 'C4', 'C6', 'F4']	[False, False, False, False, False]	0.6	6			
21.9	['A4', 'C2', 'C4', 'C6', 'F4']	[False, False, False, False, False]	0.6	6			
22.05	['A4', 'C2', 'C4', 'C6', 'F4']	[False, False, False, False, False]	0.6	6			
22.2	['C6']	[False]	0.15	6			
22.35	['C2', 'C6']	[True, False]	0.15	6			
22.5	['C2']	[False]	0.3	6			
22.65	['C2']	[False]	0.3	6			
22.8	[]	[]	0.15	6			
22.95	['A#3', 'A#4', 'C3', 'C4', 'D#4', 'G4']	[True, True, True, True, True, True]	0.15	6			
23.1	['A#4', 'C3', 'C4', 'D#4', 'G4']	[False, False, True, False, False]	0.15	6			
23.25	['A#4', 'C3', 'C4', 'G4']	[False, False, False, False]	0.15	6			
23.4	['A#3', 'A4', 'C4', 'D4', 'G4']	[True, True, False, True, False]	0.15	6			
23.55	['A4', 'C3', 'C4', 'D4', 'G4']	[False, True, True, False, False]	0.3	6			
23.7	['A4', 'C3', 'C4', 'D4', 'G4']	[False, False, False, False, False]	0.3	6			
23.85	['A#3', 'C3', 'C4', 'G4']	[True, False, True, True]	0.15	6			
24.0	['C4', 'G4']	[True, False]	0.15	7			
24.15	['C3', 'C4', 'G4']	[True, False, False]	0.15	7			
24.3	['A#3', 'C3', 'C4', 'G4']	[True, False, False, False]	0.3	7			
24.45	['A#3', 'C3', 'C4', 'G4']	[False, False, False, False]	0.3	7			
24.6	['C3', 'C4', 'G4']	[False, True, False]	0.15	7			
24.75	['C4', 'G4']	[False, False]	0.15	7			
24.9	['A#3', 'C3', 'C4', 'G4']	[True, True, False, False]	0.15	7			
25.05	['A#3', 'C3']	[False, False]	0.15	7			
25.2	['C3', 'C4']	[False, True]	0.15	7			
25.35	['C4']	[False]	0.15	7			
25.5	['A#3', 'A#4', 'C3', 'D#4', 'D4', 'F4']	[True, True, True, True, True, True]	0.15	7			
25.65	['A#3', 'A#4', 'C3', 'C4', 'D#4', 'D4', 'F4']	[False, False, False, True, False, False, False]	0.15	7			
25.8	['A#3', 'A#4', 'C3', 'C4', 'D4', 'F4']	[False, False, False, False, False, False]	0.15	7			
25.95	['A#3', 'A4', 'D4', 'F4']	[True, True, True, False]	0.15	7			
26.1	['A#3', 'A4', 'C3', 'C4', 'D4', 'F4']	[False, False, True, True, False, False]	0.3	7			
26.25	['A#3', 'A4', 'C3', 'C4', 'D4', 'F4']	[False, False, False, False, False, False]	0.3	7			
26.4	['A#3', 'C3', 'C4', 'D4', 'F4', 'G4']	[True, False, True, False, False, True]	0.15	7			
26.55	['A#3', 'C4', 'D4', 'F4', 'G4']	[False, True, False, False, False]	0.15	7			
26.7	['A#3', 'C3', 'C4', 'D4', 'F4', 'G4']	[False, True, False, False, False, False]	0.45	7			
26.85	['A#3', 'C3', 'C4', 'D4', 'F4', 'G4']	[True, False, False, False, False, False]	0.45	7			
27.0	['A#3', 'C3', 'C4', 'D4', 'F4', 'G4']	[False, False, False, False, False, False]	0.45	7			
27.15	['C3', 'C4', 'G4']	[False, True, False]	0.15	7			
27.3	['C4', 'G4']	[False, False]	0.15	7			
27.45	['A#3', 'C3', 'C4', 'G4']	[True, True, False, False]	0.15	7			
27.6	['A#3', 'C3']	[False, False]	0.15	7			
27.75	['C3', 'C4']	[False, True]	0.15	7			
27.9	['C4']	[False]	0.15	7			
28.05	['A#3', 'A#4', 'C3', 'D#4', 'G4']	[True, True, True, True, True]	0.15	8			
28.2	['A#3', 'A#4', 'C3', 'C4', 'D#4', 'G4']	[False, False, False, True, False, False]	0.15	8			
28.35	['A#3', 'A#4', 'C3', 'C4', 'G4']	[False, False, False, False, False]	0.15	8			
28.5	['A#3', 'A4', 'D4', 'G4']	[True, True, True, False]	0.15	8			
28.65	['A#3', 'A4', 'C3', 'C4', 'D4', 'G4']	[False, False, True, True, False, False]	0.3	8			
28.8	['A#3', 'A4', 'C3', 'C4', 'D4', 'G4']	[False, False, False, False, False, False]	0.3	8			
28.95	['A#3', 'C3', 'C4', 'G4']	[True, False, True, True]	0.15	8			
29.1	['A#3', 'C4', 'G4']	[False, True, False]	0.15	8			
29.25	['A#3', 'C3', 'C4', 'G4']	[False, True, False, False]	0.6	8			
29.4	['A#3', 'C3', 'C4', 'G4']	[True, False, False, False]	0.6	8			
29.55	['A#3', 'C3', 'C4', 'G4']	[False, False, False, False]	0.6	8			
29.7	['A#3', 'C3', 'C4', 'G4']	[False, False, True, False]	0.6	8			
29.85	['G3', 'G4']	[True, False]	0.15	8			
30.0	['A#3', 'C3', 'G#3']	[True, True, True]	0.15	8			
30.15	['A#3', 'C3']	[True, False]	0.15	8			
30.3	['A3', 'C3', 'C4', 'C5']	[True, False, True, True]	0.15	8			
30.45	['A3', 'C4', 'C5']	[False, False, False]	0.15	8			
30.6	['A#3', 'A3', 'A4', 'C3', 'C4', 'C5', 'F4']	[True, False, True, True, True, False, True]	0.15	8			
30.75	['A3', 'A4', 'C3', 'C4', 'C5', 'F4']	[False, False, False, True, False, False]	0.3	8			
30.9	['A3', 'A4', 'C3', 'C4', 'C5', 'F4']	[False, False, False, False, False, False]	0.3	8			
31.05	['A#3', 'A3', 'A4', 'C4', 'C5', 'F4']	[True, False, False, False, False, False]	0.15	8			
31.2	['A3', 'A4', 'C3', 'C4', 'C5', 'F4']	[False, False, True, True, False, False]	0.3	8			
31.35	['A3', 'A4', 'C3', 'C4', 'C5', 'F4']	[False, False, False, False, False, False]	0.3	8			
31.5	['A#3', 'A3', 'A4', 'C3', 'C4', 'C5', 'F4']	[True, False, False, False, False, False, False]	0.15	8			
31.65	['A3', 'A4', 'C4', 'C5', 'F4']	[False, False, True, False, False]	0.15	8			
31.8	['A3', 'A4', 'C3', 'C4', 'C5', 'F4']	[False, False, True, False, False, False]	0.15	8			
31.95	['A#3', 'A3', 'A4', 'C3', 'C4', 'C5', 'F4']	[True, False, False, False, False, False, False]	0.3	8			
32.1	['A#3', 'A3', 'A4', 'C3', 'C4', 'C5', 'F4']	[False, False, False, False, False, False, False]	0.3	9			
32.25	['A3', 'A4', 'C3', 'C4', 'D#4', 'F4']	[False, False, False, False, True, False]	0.15	9			
32.4	['D#4']	[False]	0.15	9			
32.55	['C3', 'D#4']	[True, False]	0.15	9			
32.7	['C3']	[False]	0.15	9			
32.85	['A#4', 'C3']	[True, False]	0.15	9			
33.0	['B4']	[True]	0.15	9			
33.15	['C3', 'C4', 'C5', 'D#4', 'G4']	[True, True, True, True, True]	0.3	9			
33.3	['C3', 'C4', 'C5', 'D#4', 'G4']	[False, False, False, False, False]	0.3	9			
33.45	['C5']	[False]	0.15	9			
33.6	['C3', 'C4', 'D#4', 'D#5', 'G4']	[True, True, True, True, True]	0.15	9			
33.75	['D#5']	[False]	0.3	9			
33.9	['D#5']	[False]	0.3	9			
34.05	['C3', 'C4', 'D#4', 'D5', 'G4']	[True, True, True, True, True]	0.15	9			
34.2	['C3', 'C4', 'C5', 'D#4', 'G4']	[False, False, True, False, False]	0.15	9			
34.35	['C5', 'D5']	[False, True]	0.3	9			
34.5	['C5', 'D5']	[True, False]	0.3	9			
34.65	['C5']	[False]	0.15	9			
34.8	['C3', 'C4', 'D#4', 'G4']	[True, True, True, True]	0.15	9			
34.95	[]	[]	0.15	9			
35.1	['C3', 'C4', 'D#4', 'G4']	[True, True, True, True]	0.3	9			
35.25	['C3', 'C4', 'D#4', 'G4']	[False, False, False, False]	0.3	9			
35.4	['A#2', 'A#4']	[True, True]	0.15	9			
35.55	['B2', 'B4']	[True, True]	0.15	9			
35.7	['C3', 'C4', 'C5', 'D#4', 'G4']	[True, True, True, True, True]	0.3	9			
35.85	['C3', 'C4', 'C5', 'D#4', 'G4']	[False, False, False, False, False]	0.3	9			
36.0	['D#5']	[True]	0.15	10			
36.15	['C3', 'C4', 'D#4', 'D#5', 'G4']	[True, True, True, False, True]	0.15	10			
36.3	['G5']	[True]	0.3	10			
36.45	['G5']	[False]	0.3	10			
36.6	['C3', 'C4', 'D#4', 'F5', 'G4']	[True, True, True, True, True]	0.3	10			
36.75	['C3', 'C4', 'D#4', 'F5', 'G4']	[False, False, False, True, False]	0.3	10			
36.9	['F5']	[False]	0.3	10			
37.05	['F5']	[False]	0.3	10			
37.2	['C3', 'C4', 'D#4', 'D#5', 'G4']	[True, True, True, True, True]	0.3	10			
37.35	['C3', 'C4', 'D#4', 'D#5', 'G4']	[False, False, False, False, False]	0.3	10			
37.5	[]	[]	0.15	10			
37.65	['C3', 'C4', 'D#4', 'G4']	[True, True, True, True]	0.3	10			
37.8	['C3', 'C4', 'D#4', 'G4']	[False, False, False, False]	0.3	10			
37.95	['A#4', 'D#3']	[True, True]	0.15	10			
38.1	['B4', 'E3']	[True, True]	0.15	10			
38.25	['C5', 'D#4', 'F3', 'F4', 'G#4']	[True, True, True, True, True]	0.3	10			
38.4	['C5', 'D#4', 'F3', 'F4', 'G#4']	[False, False, False, False, False]	0.3	10			
38.55	['D#5']	[True]	0.15	10			
38.7	['C5', 'D#4', 'D#5', 'F3', 'F4', 'G#4']	[True, True, False, True, True, True]	0.15	10			
38.85	['D#5']	[False]	0.3	10			
39.0	['D#5']	[False]	0.3	10			
39.15	['C5', 'D#4', 'D5', 'F3', 'F4', 'G#4']	[True, True, True, True, True, True]	0.15	10			
39.3	['C5', 'D#4', 'F3', 'F4', 'G#4']	[True, False, False, False, False]	0.15	10			
39.45	['C5', 'D5']	[False, True]	0.3	10			
39.6	['C5', 'D5']	[True, False]	0.3	10			
39.75	['C5', 'D#4', 'F3', 'F4', 'G#4']	[True, True, True, True, True]	0.3	10			
39.9	['C5', 'D#4', 'F3', 'F4', 'G#4']	[False, False, False, False, False]	0.3	10			
40.05	[]	[]	0.15	11			
40.2	['C5', 'D#4', 'F2', 'F4', 'G#4']	[True, True, True, True, True]	0.3	11			
40.35	['C5', 'D#4', 'F2', 'F4', 'G#4']	[False, False, False, False, False]	0.3	11			
40.5	['A#2', 'A#4']	[True, True]	0.15	11			
40.65	['B2', 'B4']	[True, True]	0.15	11			
40.8	['C3', 'C4', 'C5', 'D#4', 'G4']	[True, True, True, True, True]	0.3	11			
40.95	['C3', 'C4', 'C5', 'D#4', 'G4']	[False, False, False, False, False]	0.3	11			
41.1	['D#5']	[True]	0.15	11			
41.25	['C3', 'C4', 'D#4', 'D#5', 'G4']	[True, True, True, False, True]	0.15	11			
41.4	['G5']	[True]	0.3	11			
41.55	['G5']	[False]	0.3	11			
41.7	['C3', 'C4', 'D#4', 'F5', 'G4']	[True, True, True, True, True]	0.3	11			
41.85	['C3', 'C4', 'D#4', 'F5', 'G4']	[False, False, False, True, False]	0.3	11			
42.0	['F5']	[False]	0.3	11			
42.15	['F5']	[False]	0.3	11			
42.3	['C3', 'C4', 'D#4', 'D#5', 'G4']	[True, True, True, True, True]	0.3	11			
42.45	['C3', 'C4', 'D#4', 'D#5', 'G4']	[False, False, False, False, False]	0.3	11			
42.6	[]	[]	0.15	11			
42.75	['C3', 'C4', 'D#4', 'G4']	[True, True, True, True]	0.3	11			
42.9	['C3', 'C4', 'D#4', 'G4']	[False, False, False, False]	0.3	11			
43.05	['A#3', 'A#4', 'F3']	[True, True, True]	0.15	11			
43.2	['B3', 'B4', 'F#3']	[True, True, True]	0.15	11			
43.35	['C4', 'C5', 'G3']	[True, True, True]	0.3	11			
43.5	['C4', 'C5', 'G3']	[False, False, False]	0.3	11			
43.65	['A#3', 'D#4', 'D#5', 'G2']	[True, True, True, True]	0.6	11			
43.8	['A#3', 'D#4', 'D#5', 'G2']	[False, False, False, False]	0.6	11			
43.95	['A#3', 'D#4', 'D#5', 'G2']	[False, False, False, False]	0.6	11			
44.1	['A#3', 'D#4', 'D#5', 'G2']	[False, False, False, False]	0.6	12			
44.25	['A3', 'D4', 'D5', 'G2']	[True, True, True, False]	0.15	12			
44.4	['C4', 'C5', 'G3']	[True, True, True]	0.15	12			
44.55	['A3', 'D4', 'D5', 'F2']	[True, True, True, True]	0.15	12			
44.7	['A3', 'C4', 'C5', 'D4', 'D5', 'F2']	[False, True, True, False, False, False]	0.15	12			
44.85	['A3', 'C4', 'C5', 'F2']	[False, False, False, False]	0.75	12			
45.0	['A3', 'C4', 'C5', 'F2']	[False, False, False, False]	0.75	12			
45.15	['A3', 'C4', 'C5', 'F2']	[False, False, False, False]	0.75	12			
45.3	['A3', 'C4', 'C5', 'F2']	[False, False, False, False]	0.75	12			
45.45	['A3', 'C4', 'C5', 'F2']	[False, False, False, False]	0.75	12			
45.6	['A#4', 'A3', 'C4', 'F2']	[True, False, False, False]	0.15	12			
45.75	['A3', 'B4', 'C4', 'F2']	[False, True, False, False]	0.15	12			
45.9	['A3', 'C4', 'C5', 'F2']	[False, False, True, False]	0.3	12			
46.05	['A3', 'C4', 'C5', 'F2']	[False, False, False, False]	0.3	12			
46.2	['A3', 'C4', 'D#5', 'F2']	[False, False, True, False]	0.3	12			
46.35	['A3', 'C4', 'D#5', 'F2']	[False, False, False, False]	0.3	12			
46.5	['A3', 'C4', 'F2', 'G5']	[False, False, False, True]	0.3	12			
46.65	['A3', 'C4', 'F2', 'G5']	[False, False, False, False]	0.3	12			
46.8	['A3', 'C4', 'F2', 'F5']	[False, False, False, True]	0.15	12			
46.95	['A3', 'C4', 'D#5', 'F2']	[False, False, True, False]	0.3	12			
47.1	['A3', 'C4', 'D#5', 'F2']	[False, False, False, False]	0.3	12			
47.25	['A#4', 'A3', 'C4']	[True, False, False]	0.3	12			
47.4	['A#4', 'A3', 'C4']	[False, False, False]	0.3	12			
47.55	['A3', 'C4']	[False, False]	0.15	12			
47.7	['A#4']	[True]	0.45	12			
47.85	['A#4']	[False]	0.45	12			
48.0	['A#4']	[True]	0.45	13			
48.15	['A#2', 'A#4']	[True, True]	0.15	13			
48.3	['B2']	[True]	0.15	13			
48.45	['A#4', 'C3', 'C4', 'D#4', 'G4']	[True, True, True, True, True]	0.15	13			
48.6	['C3', 'C4', 'C5', 'D#4', 'G4']	[False, False, True, False, False]	0.15	13			
48.75	['C3', 'C4', 'G4']	[False, False, False]	0.15	13			
48.9	['A4', 'C4', 'D4', 'G4']	[True, False, True, False]	0.15	13			
49.05	['A4', 'C3', 'C4', 'D4', 'G4']	[False, True, False, False, False]	0.3	13			
49.2	['A4', 'C3', 'C4', 'D4', 'G4']	[False, False, False, False, False]	0.3	13			
49.35	['C3', 'C4', 'G4']	[False, True, True]	0.15	13			
49.5	['C4', 'G4']	[False, False]	0.15	13			
49.65	['C3', 'C4', 'G4']	[True, False, False]	0.6	13			
49.8	['C3', 'C4', 'G4']	[False, False, False]	0.6	13			
49.95	['C3', 'C4', 'G4']	[False, False, False]	0.6	13			
50.1	['C3', 'C4', 'G4']	[False, False, False]	0.6	13			
50.25	['C4', 'G4']	[False, False]	0.15	13			
50.4	['C3', 'C4', 'G4']	[True, False, False]	0.15	13			
50.55	['C3']	[False]	0.3	13			
50.7	['C3']	[False]	0.3	13			
50.85	[]	[]	0.15	13			
51.0	['A#3', 'A#4', 'C3', 'D#4', 'D4', 'F4']	[True, True, True, True, True, True]	0.3	13			
51.15	['A#3', 'A#4', 'C3', 'D#4', 'D4', 'F4']	[False, False, False, False, False, False]	0.3	13			
51.3	['A#3', 'C3', 'D4', 'F4']	[False, False, False, False]	0.15	13			
51.45	['A#3', 'A4', 'D4', 'F4']	[False, True, True, False]	0.15	13			
51.6	['A#3', 'A4', 'C3', 'D4', 'F4']	[False, False, True, False, False]	0.3	13			
51.75	['A#3', 'A4', 'C3', 'D4', 'F4']	[False, False, False, False, False]	0.3	13			
51.9	['A#3', 'C3', 'C4', 'D4', 'F4', 'G4']	[False, False, True, False, False, True]	0.15	13			
52.05	['A#3', 'C4', 'D4', 'F4', 'G4']	[False, False, False, False, False]	0.15	14			
52.2	['A#3', 'C3', 'C4', 'D4', 'F4', 'G4']	[False, True, False, False, False, False]	0.6	14			
52.35	['A#3', 'C3', 'C4', 'D4', 'F4', 'G4']	[False, False, False, False, False, False]	0.6	14			
52.5	['A#3', 'C3', 'C4', 'D4', 'F4', 'G4']	[False, False, False, False, False, False]	0.6	14			
52.65	['A#3', 'C3', 'C4', 'D4', 'F4', 'G4']	[False, False, False, False, False, False]	0.6	14			
52.8	['C4', 'G4']	[False, False]	0.15	14			
52.95	['C3', 'C4', 'G4']	[True, False, False]	0.15	14			
53.1	['C3']	[False]	0.3	14			
53.25	['C3']	[False]	0.3	14			
53.4	[]	[]	0.15	14			
53.55	['A#3', 'A#4', 'C3', 'D#4', 'G4']	[True, True, True, True, True]	0.3	14			
53.7	['A#3', 'A#4', 'C3', 'D#4', 'G4']	[False, False, False, False, False]	0.3	14			
53.85	['A#3', 'C3', 'G4']	[False, False, False]	0.15	14			
54.0	['A#3', 'A4', 'D4', 'G4']	[False, True, True, False]	0.15	14			
54.15	['A#3', 'A4', 'C3', 'D4', 'G4']	[False, False, True, False, False]	0.3	14			
54.3	['A#3', 'A4', 'C3', 'D4', 'G4']	[False, False, False, False, False]	0.3	14			
54.45	['A#3', 'C3', 'C4', 'G4']	[False, False, True, True]	0.15	14			
54.6	['A#3', 'C4', 'G4']	[False, False, False]	0.15	14			
54.75	['A#3', 'C3', 'C4', 'G4']	[False, True, False, False]	0.45	14			
54.9	['A#3', 'C3', 'C4', 'G4']	[False, False, False, False]	0.45	14			
55.05	['A#3', 'C3', 'C4', 'G4']	[False, False, False, False]	0.45	14			
55.2	['A#3', 'C3', 'G3', 'G4']	[False, False, True, False]	0.15	14			
55.35	['G3', 'G4']	[False, False]	0.15	14			
55.5	['C3', 'G#3']	[True, True]	0.15	14			
55.65	['A#3', 'C3']	[True, False]	0.15	14			
55.8	['A3', 'C3', 'C5']	[True, False, True]	0.15	14			
55.95	['A3', 'C5']	[False, False]	0.15	14			
56.1	['A3', 'A4', 'C3', 'C4', 'C5', 'F4']	[False, True, True, True, False, True]	0.45	15			
56.25	['A3', 'A4', 'C3', 'C4', 'C5', 'F4']	[False, False, False, False, False, False]	0.45	15			
56.4	['A3', 'A4', 'C3', 'C4', 'C5', 'F4']	[False, False, False, False, False, False]	0.45	15			
56.55	['A3', 'A4', 'C4', 'C5', 'F4']	[False, False, False, False, False]	0.15	15			
56.7	['A3', 'A4', 'C3', 'C4', 'C5', 'F4']	[False, False, True, False, False, False]	0.45	15			
56.85	['A3', 'A4', 'C3', 'C4', 'C5', 'F4']	[False, False, False, False, False, False]	0.45	15			
57.0	['A3', 'A4', 'C3', 'C4', 'C5', 'F4']	[False, False, False, False, False, False]	0.45	15			
57.15	['A3', 'A4', 'C4', 'C5', 'F4']	[False, False, False, False, False]	0.15	15			
57.3	['A3', 'A4', 'C3', 'C4', 'C5', 'F4']	[False, False, True, False, False, False]	0.6	15			
57.45	['A3', 'A4', 'C3', 'C4', 'C5', 'F4']	[False, False, False, False, False, False]	0.6	15			
57.6	['A3', 'A4', 'C3', 'C4', 'C5', 'F4']	[False, False, False, False, False, False]	0.6	15			
57.75	['A3', 'A4', 'C3', 'C4', 'C5', 'F4']	[False, False, False, False, False, False]	0.6	15			
57.9	[]	[]	0.15	15			
58.05	['C3']	[True]	0.45	15			
58.2	['C3']	[False]	0.45	15			
58.35	['C3']	[False]	0.45	15			
58.5	[]	[]	0.15	15			
58.65	['A#3', 'A#4', 'C3', 'C4', 'D#4', 'G4']	[True, True, True, True, True, True]	0.15	15			
58.8	['A#4', 'C3', 'C4', 'D#4', 'G4']	[False, False, True, False, False]	0.15	15			
58.95	['C3', 'C4', 'G4']	[False, False, False]	0.15	15			
59.1	['A#3', 'A4', 'C4', 'D4', 'G4']	[True, True, False, True, False]	0.15	15			
59.25	['A4', 'C3', 'C4', 'D4', 'G4']	[False, True, True, False, False]	0.3	15			
59.4	['A4', 'C3', 'C4', 'D4', 'G4']	[False, False, False, False, False]	0.3	15			
59.55	['A#3', 'C3', 'C4', 'G4']	[True, False, True, True]	0.15	15			
59.7	['C4', 'G4']	[True, False]	0.15	15			
59.85	['C3', 'C4', 'G4']	[True, False, False]	0.15	15			
60.0	['A#3', 'C3', 'C4', 'G4']	[True, False, False, False]	0.3	16			
60.15	['A#3', 'C3', 'C4', 'G4']	[False, False, True, False]	0.3	16			
60.3	['C3', 'C4', 'G4']	[False, False, False]	0.15	16			
60.45	['C4', 'G4']	[False, False]	0.15	16			
60.6	['A#3', 'C3', 'C4', 'G4']	[True, True, False, False]	0.15	16			
60.75	['C3']	[False]	0.15	16			
60.9	['C3', 'C4']	[False, True]	0.15	16			
61.05	['C4']	[False]	0.15	16			
61.2	['A#3', 'A#4', 'C3', 'D#4', 'D4', 'F4']	[True, True, True, True, True, True]	0.15	16			
61.35	['A#3', 'A#4', 'C3', 'C4', 'D#4', 'D4', 'F4']	[False, False, False, True, False, False, False]	0.15	16			
61.5	['A#3', 'C3', 'C4', 'D4', 'F4']	[False, False, False, False, False]	0.15	16			
61.65	['A#3', 'A4', 'D4', 'F4']	[True, True, True, False]	0.15	16			
61.8	['A#3', 'A4', 'C3', 'C4', 'D4', 'F4']	[False, False, True, True, False, False]	0.3	16			
61.95	['A#3', 'A4', 'C3', 'C4', 'D4', 'F4']	[False, False, False, False, False, False]	0.3	16			
62.1	['A#3', 'C3', 'C4', 'D4', 'F4', 'G4']	[True, False, True, False, False, True]	0.15	16			
62.25	['A#3', 'C4', 'D4', 'F4', 'G4']	[False, True, False, False, False]	0.15	16			
62.4	['A#3', 'C3', 'C4', 'D4', 'F4', 'G4']	[False, True, False, False, False, False]	0.45	16			
62.55	['A#3', 'C3', 'C4', 'D4', 'F4', 'G4']	[True, False, False, False, False, False]	0.45	16			
62.7	['A#3', 'C3', 'C4', 'D4', 'F4', 'G4']	[False, False, True, False, False, False]	0.45	16			
62.85	['C3', 'C4', 'G4']	[False, False, False]	0.15	16			
63.0	['C4', 'G4']	[False, False]	0.15	16			
63.15	['A#3', 'C3', 'C4', 'G4']	[True, True, False, False]	0.15	16			
63.3	['C3']	[False]	0.15	16			
63.45	['C3', 'C4']	[False, True]	0.15	16			
63.6	['C4']	[False]	0.15	16			
63.75	['A#3', 'A#4', 'C3', 'D#4', 'G4']	[True, True, True, True, True]	0.15	16			
63.9	['A#3', 'A#4', 'C3', 'C4', 'D#4', 'G4']	[False, False, False, True, False, False]	0.15	16			
64.05	['A#3', 'C3', 'C4', 'G4']	[False, False, False, False]	0.15	17			
64.2	['A#3', 'A4', 'D4', 'G4']	[True, True, True, False]	0.15	17			
64.35	['A#3', 'A4', 'C3', 'C4', 'D4', 'G4']	[False, False, True, True, False, False]	0.3	17			
64.5	['A#3', 'A4', 'C3', 'C4', 'D4', 'G4']	[False, False, False, False, False, False]	0.3	17			
64.65	['A#3', 'C3', 'C4', 'G4']	[True, False, True, True]	0.15	17			
64.8	['A#3', 'C4', 'G4']	[False, True, False]	0.15	17			
64.95	['A#3', 'C3', 'C4', 'G4']	[False, True, False, False]	0.45	17			
65.1	['A#3', 'C3', 'C4', 'G4']	[True, False, False, False]	0.45	17			
65.25	['A#3', 'C3', 'C4', 'G4']	[False, False, True, False]	0.45	17			
65.4	['A#3', 'C3', 'C4', 'G3', 'G4']	[False, False, False, True, False]	0.15	17			
65.55	['G3', 'G4']	[False, False]	0.15	17			
65.7	['A#3', 'C3', 'G#3']	[True, True, True]	0.15	17			
65.85	['A#3', 'C3']	[True, False]	0.15	17			
66.0	['A3', 'C3', 'C4', 'C5']	[True, False, True, True]	0.15	17			
66.15	['A3', 'C4', 'C5']	[False, False, False]	0.15	17			
66.3	['A#3', 'A3', 'A4', 'C3', 'C4', 'C5', 'F4']	[True, False, True, True, True, False, True]	0.15	17			
66.45	['A3', 'A4', 'C3', 'C4', 'C5', 'F4']	[False, False, False, True, False, False]	0.3	17			
66.6	['A3', 'A4', 'C3', 'C4', 'C5', 'F4']	[False, False, False, False, False, False]	0.3	17			
66.75	['A#3', 'A3', 'A4', 'C4', 'C5', 'F4']	[True, False, False, False, False, False]	0.15	17			
66.9	['A3', 'A4', 'C3', 'C4', 'C5', 'F4']	[False, False, True, True, False, False]	0.3	17			
67.05	['A3', 'A4', 'C3', 'C4', 'C5', 'F4']	[False, False, False, False, False, False]	0.3	17			
67.2	['A#3', 'A3', 'A4', 'C3', 'C4', 'C5', 'F4']	[True, False, False, False, False, False, False]	0.15	17			
67.35	['A3', 'A4', 'C4', 'C5', 'F4']	[False, False, True, False, False]	0.15	17			
67.5	['A3', 'A4', 'C3', 'C4', 'C5', 'F4']	[False, False, True, False, False, False]	0.15	17			
67.65	['A#3', 'A3', 'A4', 'C3', 'C4', 'C5', 'F4']	[True, False, False, False, False, False, False]	0.15	17			
67.8	['A#3', 'A3', 'A4', 'C3', 'C4', 'C5', 'D#4', 'F4']	[False, False, False, False, False, False, True, False]	0.15	17			
67.95	['A3', 'A4', 'C3', 'C4', 'D#4', 'F4']	[False, False, False, False, False, False]	0.15	17			
68.1	['D#4']	[False]	0.15	18			
68.25	['C3', 'D#4']	[True, False]	0.15	18			
68.4	['C3']	[False]	0.15	18			
68.55	['A#4', 'C3']	[True, False]	0.15	18			
68.7	['B4']	[True]	0.15	18			
68.85	['C3', 'C4', 'C5', 'D#4', 'G4']	[True, True, True, True, True]	0.3	18			
69.0	['C3', 'C4', 'C5', 'D#4', 'G4']	[False, False, False, False, False]	0.3	18			
69.15	[]	[]	0.15	18			
69.3	['C3', 'C4', 'D#4', 'D#5', 'G4']	[True, True, True, True, True]	0.15	18			
69.45	['D#5']	[False]	0.3	18			
69.6	['D#5']	[False]	0.3	18			
69.75	['C3', 'C4', 'D#4', 'D5', 'G4']	[True, True, True, True, True]	0.15	18			
69.9	['C3', 'C4', 'C5', 'D#4', 'G4']	[False, False, True, False, False]	0.15	18			
70.05	['D5']	[True]	0.15	18			
70.2	['C5']	[True]	0.15	18			
70.35	['C3', 'C4', 'C5', 'D#4', 'G4']	[True, True, False, True, True]	0.15	18			
70.5	['C3', 'C4', 'D#4', 'G4']	[False, False, False, False]	0.15	18			
70.65	[]	[]	0.15	18			
70.8	['C3', 'C4', 'D#4', 'G4']	[True, True, True, True]	0.15	18			
70.95	[]	[]	0.15	18			
71.1	['A#2', 'A#4']	[True, True]	0.15	18			
71.25	['B2', 'B4']	[True, True]	0.15	18			
71.4	['C3', 'C4', 'C5', 'D#4', 'G4']	[True, True, True, True, True]	0.3	18			
71.55	['C3', 'C4', 'C5', 'D#4', 'G4']	[False, False, False, False, False]	0.3	18			
71.7	['D#5']	[True]	0.15	18			
71.85	['C3', 'C4', 'D#4', 'D#5', 'G4']	[True, True, True, False, True]	0.15	18			
72.0	['G5']	[True]	0.3	19			
72.15	['G5']	[False]	0.3	19			
72.3	['C3', 'C4', 'D#4', 'F5', 'G4']	[True, True, True, True, True]	0.3	19			
72.45	['C3', 'C4', 'D#4', 'F5', 'G4']	[False, False, False, True, False]	0.3	19			
72.6	['F5']	[False]	0.3	19			
72.75	['F5']	[False]	0.3	19			
72.9	['C3', 'C4', 'D#4', 'D#5', 'G4']	[True, True, True, True, True]	0.3	19			
73.05	['C3', 'C4', 'D#4', 'D#5', 'G4']	[False, False, False, False, False]	0.3	19			
73.2	['C3', 'C4', 'D#4', 'G4']	[True, True, True, True]	0.3	19			
73.35	['C3', 'C4', 'D#4', 'G4']	[False, False, False, False]	0.3	19			
73.5	[]	[]	0.15	19			
73.65	['A#4', 'D#3']	[True, True]	0.15	19			
73.8	['B4', 'E3']	[True, True]	0.15	19			
73.95	['C5', 'D#4', 'F3', 'F4', 'G#4']	[True, True, True, True, True]	0.3	19			
74.1	['C5', 'D#4', 'F3', 'F4', 'G#4']	[False, False, False, False, False]	0.3	19			
74.25	['D#5']	[True]	0.15	19			
74.4	['C5', 'D#4', 'D#5', 'F3', 'F4', 'G#4']	[True, True, False, True, True, True]	0.15	19			
74.55	['D#5']	[False]	0.3	19			
74.7	['D#5']	[False]	0.3	19			
74.85	['C5', 'D#4', 'D5', 'F3', 'F4', 'G#4']	[True, True, True, True, True, True]	0.15	19			
75.0	['C5', 'D#4', 'F3', 'F4', 'G#4']	[True, False, False, False, False]	0.15	19			
75.15	['D5']	[True]	0.15	19			
75.3	['C5']	[True]	0.15	19			
75.45	['C5', 'D#4', 'F3', 'F4', 'G#4']	[True, True, True, True, True]	0.3	19			
75.6	['C5', 'D#4', 'F3', 'F4', 'G#4']	[False, False, False, False, False]	0.3	19			
75.75	['C5', 'D#4', 'F2', 'F4', 'G#4']	[True, True, True, True, True]	0.3	19			
75.9	['C5', 'D#4', 'F2', 'F4', 'G#4']	[False, False, False, False, False]	0.3	19			
76.05	[]	[]	0.15	20			
76.2	['A#2', 'A#4']	[True, True]	0.15	20			
76.35	['B2', 'B4']	[True, True]	0.15	20			
76.5	['C3', 'C4', 'C5', 'D#4', 'G4']	[True, True, True, True, True]	0.3	20			
76.65	['C3', 'C4', 'C5', 'D#4', 'G4']	[False, False, False, False, False]	0.3	20			
76.8	['D#5']	[True]	0.15	20			
76.95	['C3', 'C4', 'D#4', 'D#5', 'G4']	[True, True, True, False, True]	0.15	20			
77.1	['G5']	[True]	0.3	20			
77.25	['G5']	[False]	0.3	20			
77.4	['C3', 'C4', 'D#4', 'F5', 'G4']	[True, True, True, True, True]	0.3	20			
77.55	['C3', 'C4', 'D#4', 'F5', 'G4']	[False, False, False, True, False]	0.3	20			
77.7	['F5']	[False]	0.3	20			
77.85	['F5']	[False]	0.3	20			
78.0	['C3', 'C4', 'D#4', 'D#5', 'G4']	[True, True, True, True, True]	0.3	20			
78.15	['C3', 'C4', 'D#4', 'D#5', 'G4']	[False, False, False, False, False]	0.3	20			
78.3	['C3', 'C4', 'D#4', 'G4']	[True, True, True, True]	0.3	20			
78.45	['C3', 'C4', 'D#4', 'G4']	[False, False, False, False]	0.3	20			
78.6	[]	[]	0.15	20			
78.75	['A#3', 'A#4', 'F3']	[True, True, True]	0.15	20			
78.9	['B3', 'B4', 'F#3']	[True, True, True]	0.15	20			
79.05	['B3', 'C4', 'C5', 'D4', 'G3']	[True, True, True, True, True]	0.3	20			
79.2	['B3', 'C4', 'C5', 'D4', 'G3']	[False, False, False, False, False]	0.3	20			
79.35	['A#3', 'B3', 'D#4', 'D#5', 'D4', 'G2']	[True, False, True, True, False, True]	0.6	20			
79.5	['A#3', 'B3', 'D#4', 'D#5', 'D4', 'G2']	[False, False, False, False, False, False]	0.6	20			
79.65	['A#3', 'B3', 'D#4', 'D#5', 'D4', 'G2']	[False, False, False, False, False, False]	0.6	20			
79.8	['A#3', 'B3', 'D#4', 'D#5', 'D4', 'G2']	[False, False, False, False, False, False]	0.6	20			
79.95	['A3', 'D4', 'D5', 'G2']	[True, True, True, False]	0.15	20			
80.1	['C4', 'C5', 'G3']	[True, True, True]	0.15	21			
80.25	['A3', 'C4', 'D4', 'D5', 'F2', 'F4']	[True, True, True, True, True, True]	0.15	21			
80.4	['A3', 'C4', 'C5', 'F2', 'F4']	[False, True, True, False, False]	0.75	21			
80.55	['A3', 'C4', 'C5', 'F2', 'F4']	[False, False, False, False, False]	0.75	21			
80.7	['A3', 'C4', 'C5', 'F2', 'F4']	[False, False, False, False, False]	0.75	21			
80.85	['A3', 'C4', 'C5', 'F2', 'F4']	[False, False, False, False, False]	0.75	21			
81.0	['A3', 'C4', 'C5', 'F2', 'F4']	[False, False, False, False, False]	0.75	21			
81.15	['A3', 'C4', 'F2', 'F4']	[False, False, False, False]	0.15	21			
81.3	['A#4', 'A3', 'C4', 'F2', 'F4']	[True, False, False, False, False]	0.15	21			
81.45	['A3', 'B4', 'C4', 'F2', 'F4']	[False, True, False, False, False]	0.15	21			
81.6	['A3', 'C4', 'C5', 'F2', 'F4']	[False, False, True, False, False]	0.3	21			
81.75	['A3', 'C4', 'C5', 'F2', 'F4']	[False, False, False, False, False]	0.3	21			
81.9	['A3', 'C4', 'D#5', 'F2', 'F4']	[False, False, True, False, False]	0.3	21			
82.05	['A3', 'C4', 'D#5', 'F2', 'F4']	[False, False, False, False, False]	0.3	21			
82.2	['A3', 'C4', 'F2', 'F4', 'G5']	[False, False, False, False, True]	0.3	21			
82.35	['A3', 'C4', 'F2', 'F4', 'G5']	[False, False, False, False, False]	0.3	21			
82.5	['A3', 'C4', 'F2', 'F4', 'F5']	[False, False, False, False, True]	0.15	21			
82.65	['A3', 'C4', 'D#5', 'F2', 'F4']	[False, False, True, False, False]	0.3	21			
82.8	['A3', 'C4', 'D#5', 'F2', 'F4']	[False, False, False, False, False]	0.3	21			
82.95	['A#4', 'A3', 'C4', 'F4']	[True, False, False, False]	0.3	21			
83.1	['A#4', 'A3', 'C4', 'F4']	[False, False, False, False]	0.3	21			
83.25	['A#4']	[True]	0.6	21			
83.4	['A#4']	[False]	0.6	21			
83.55	['A#4']	[False]	0.6	21			
83.7	['A#4']	[True]	0.6	21			
83.85	['A#2', 'A#4']	[True, True]	0.15	21			
84.0	['B2']	[True]	0.15	22			
84.15	['A#4', 'C3', 'C4', 'D#4', 'G4']	[True, True, True, True, True]	0.15	22			
84.3	['C3', 'C4', 'C5', 'D#4', 'G4']	[False, False, True, False, False]	0.15	22			
84.45	['C3', 'C4', 'G4']	[False, False, False]	0.15	22			
84.6	['A4', 'C4', 'D4', 'G4']	[True, False, True, False]	0.15	22			
84.75	['A4', 'C3', 'C4', 'D4', 'G4']	[False, True, False, False, False]	0.3	22			
84.9	['A4', 'C3', 'C4', 'D4', 'G4']	[False, False, False, False, False]	0.3	22			
85.05	['C3', 'C4', 'G4']	[False, True, True]	0.15	22			
85.2	['C4', 'G4']	[False, False]	0.15	22			
85.35	['C3', 'C4', 'G4']	[True, False, False]	0.9	22			
85.5	['C3', 'C4', 'G4']	[False, False, False]	0.9	22			
85.65	['C3', 'C4', 'G4']	[False, False, False]	0.9	22			
85.8	['C3', 'C4', 'G4']	[False, False, False]	0.9	22			
85.95	['C3', 'C4', 'G4']	[True, False, False]	0.9	22			
86.1	['C3', 'C4', 'G4']	[False, False, False]	0.9	22			
86.25	['C3']	[False]	0.3	22			
86.4	['C3']	[False]	0.3	22			
86.55	[]	[]	0.15	22			
86.7	['A#3', 'A#4', 'C3', 'D#4', 'D4', 'F4']	[True, True, True, True, True, True]	0.3	22			
86.85	['A#3', 'A#4', 'C3', 'D#4', 'D4', 'F4']	[False, False, False, False, False, False]	0.3	22			
87.0	['A#3', 'C3', 'D4', 'F4']	[False, False, False, False]	0.15	22			
87.15	['A#3', 'A4', 'D4', 'F4']	[False, True, True, False]	0.15	22			
87.3	['A#3', 'A4', 'C3', 'D4', 'F4']	[False, False, True, False, False]	0.3	22			
87.45	['A#3', 'A4', 'C3', 'D4', 'F4']	[False, False, False, False, False]	0.3	22			
87.6	['A#3', 'C3', 'C4', 'D4', 'F4', 'G4']	[False, False, True, False, False, True]	0.15	22			
87.75	['A#3', 'C4', 'D4', 'F4', 'G4']	[False, False, False, False, False]	0.15	22			
87.9	['A#3', 'C3', 'C4', 'D4', 'F4', 'G4']	[False, True, False, False, False, False]	0.45	22			
88.05	['A#3', 'C3', 'C4', 'D4', 'F4', 'G4']	[False, False, False, False, False, False]	0.45	23			
88.2	['A#3', 'C3', 'C4', 'D4', 'F4', 'G4']	[False, False, False, False, False, False]	0.45	23			
88.35	['C3', 'C4', 'G4']	[False, False, False]	0.45	23			
88.5	['C3', 'C4', 'G4']	[True, False, False]	0.45	23			
88.65	['C3', 'C4', 'G4']	[False, False, False]	0.45	23			
88.8	['C3']	[False]	0.3	23			
88.95	['C3']	[False]	0.3	23			
89.1	[]	[]	0.15	23			
89.25	['F2', 'F3', 'F5']	[True, True, True]	0.3	23			
89.4	['F2', 'F3', 'F5']	[False, False, False]	0.3	23			
89.55	['F3', 'F5']	[False, True]	0.15	23			
89.7	['F2', 'F3', 'F5']	[True, False, False]	0.3	23			
89.85	['F2', 'F3', 'F5']	[True, False, True]	0.3	23			
90.0	['D#5', 'F2', 'F3']	[True, False, False]	0.15	23			
90.15	['F3', 'F5']	[False, True]	0.15	23			
90.3	['F3', 'G#5']	[False, True]	0.45	23			
90.45	['F3', 'G#5']	[False, False]	0.45	23			
90.6	['F3', 'G#5']	[True, False]	0.45	23			
90.75	['F2', 'F4', 'F5']	[True, True, True]	0.45	23			
90.9	['F2', 'F4', 'F5']	[False, False, False]	0.45	23			
91.05	['F2', 'F4', 'F5']	[False, False, False]	0.45	23			
91.2	['F2', 'F4', 'F5', 'G2']	[False, False, False, True]	0.15	23			
91.35	['F5', 'G2']	[False, False]	0.15	23			
91.5	['C4', 'F5', 'G2']	[True, False, False]	0.15	23			
91.65	[]	[]	0.15	23			
91.8	['F5', 'G#2', 'G#3']	[True, True, True]	0.3	23			
91.95	['F5', 'G#2', 'G#3']	[False, False, False]	0.3	23			
92.1	['F5', 'G#3']	[True, False]	0.15	24			
92.25	['F5', 'G#2', 'G#3']	[False, True, False]	0.3	24			
92.4	['F5', 'G#2', 'G#3']	[True, True, False]	0.3	24			
92.55	['D#5', 'G#2', 'G#3']	[True, False, False]	0.15	24			
92.7	['F5', 'G#3']	[True, False]	0.15	24			
92.85	['G#3', 'G#5']	[False, True]	0.3	24			
93.0	['G#3', 'G#5']	[True, False]	0.3	24			
93.15	['G#2', 'G#3', 'G#5']	[True, False, False]	0.15	24			
93.3	['F4', 'F5', 'G#2']	[True, True, False]	0.6	24			
93.45	['F4', 'F5', 'G#2']	[False, False, False]	0.6	24			
93.6	['F4', 'F5', 'G#2']	[False, False, False]	0.6	24			
93.75	['F4', 'F5', 'G#2']	[False, False, True]	0.6	24			
93.9	['F5', 'G#2']	[False, False]	0.15	24			
94.05	['C4', 'F5', 'G#2']	[True, False, False]	0.15	24			
94.2	[]	[]	0.15	24			
94.35	['A#2', 'A#3', 'F5']	[True, True, True]	0.3	24			
94.5	['A#2', 'A#3', 'F5']	[False, False, False]	0.3	24			
94.65	['A#3', 'F5']	[False, True]	0.15	24			
94.8	['A#2', 'A#3', 'F5']	[True, False, False]	0.3	24			
94.95	['A#2', 'A#3', 'F5']	[True, False, True]	0.3	24			
95.1	['A#2', 'A#3', 'D#5']	[False, False, True]	0.15	24			
95.25	['A#3', 'F5']	[False, True]	0.15	24			
95.4	['A#3', 'G#5']	[False, True]	0.45	24			
95.55	['A#3', 'G#5']	[False, False]	0.45	24			
95.7	['A#3', 'G#5']	[True, False]	0.45	24			
95.85	['A#2', 'F4', 'F5']	[True, True, True]	0.45	24			
96.0	['A#2', 'F4', 'F5']	[False, False, False]	0.45	25			
96.15	['A#2', 'F4', 'F5']	[False, False, False]	0.45	25			
96.3	['A#2', 'C3', 'F4', 'F5']	[False, True, False, False]	0.15	25			
96.45	['C3', 'F5']	[False, False]	0.15	25			
96.6	['C3', 'C4', 'F5']	[False, True, False]	0.15	25			
96.75	[]	[]	0.15	25			
96.9	['A#3', 'C#3', 'D#4', 'D#5']	[True, True, True, True]	0.15	25			
97.05	['C#3', 'C4', 'F4', 'F5']	[True, True, True, True]	0.3	25			
97.2	['C#3', 'C4', 'F4', 'F5']	[False, False, False, False]	0.3	25			
97.35	['A#3', 'C#3', 'D#4', 'D#5']	[True, True, True, True]	0.15	25			
97.5	['C#3', 'C4', 'F4', 'F5']	[True, True, True, True]	0.3	25			
97.65	['C#3', 'C4', 'F4', 'F5']	[False, False, False, False]	0.3	25			
97.8	['A#3', 'C#3', 'D#4', 'D#5']	[True, True, True, True]	0.15	25			
97.95	['C#3', 'C4', 'F4', 'F5']	[True, True, True, True]	0.3	25			
98.1	['C#3', 'C4', 'F4', 'F5']	[False, False, False, False]	0.3	25			
98.25	['A#3', 'C#3', 'D#4', 'D#5']	[True, True, True, True]	0.15	25			
98.4	['C#3', 'C4', 'F4', 'F5']	[True, True, True, True]	0.3	25			
98.55	['C#3', 'C4', 'F4', 'F5']	[False, False, False, False]	0.3	25			
98.7	['A#3', 'C#3', 'D#4', 'D#5']	[True, True, True, True]	0.3	25			
98.85	['A#3', 'C#3', 'D#4', 'D#5']	[False, False, False, False]	0.3	25			
99.0	[]	[]	0.15	25			
99.15	['C#3', 'C4', 'F4', 'F5']	[True, True, True, True]	0.15	25			
99.3	['F5']	[False]	0.15	25			
99.45	['A#4', 'C3', 'C4', 'D#4', 'G4', 'G5']	[True, True, True, True, True, True]	0.3	25			
99.6	['A#4', 'C3', 'C4', 'D#4', 'G4', 'G5']	[False, False, False, False, False, False]	0.3	25			
99.75	['C3', 'C4', 'G4', 'G5']	[False, False, False, False]	0.15	25			
99.9	['A4', 'C4', 'D4', 'G4', 'G5']	[True, False, True, False, False]	0.15	25			
100.05	['A4', 'C3', 'C4', 'D4', 'G4', 'G5']	[False, True, False, False, False, False]	0.3	26			
100.2	['A4', 'C3', 'C4', 'D4', 'G4', 'G5']	[False, False, False, False, False, False]	0.3	26			
100.35	['C3', 'C4', 'G4', 'G5']	[False, True, True, False]	0.15	26			
100.5	['C4', 'G4', 'G5']	[False, False, False]	0.15	26			
100.65	['C3', 'C4', 'G4', 'G5']	[True, False, False, False]	0.45	26			
100.8	['C3', 'C4', 'G4', 'G5']	[False, False, False, False]	0.45	26			
100.95	['C3', 'C4', 'G4', 'G5']	[False, False, False, False]	0.45	26			
101.1	['C4', 'G4', 'G5']	[False, False, False]	0.15	26			
101.25	['C3', 'C4', 'G4', 'G5']	[True, False, False, False]	0.3	26			
101.4	['C3', 'C4', 'G4', 'G5']	[False, False, False, False]	0.3	26			
101.55	['C3', 'G5']	[False, False]	0.3	26			
101.7	['C3', 'G5']	[False, False]	0.3	26			
101.85	['G5']	[False]	0.15	26			
102.0	['A#3', 'A#4', 'C3', 'D#4', 'D4', 'F4', 'G5']	[True, True, True, True, True, True, False]	0.3	26			
102.15	['A#3', 'A#4', 'C3', 'D#4', 'D4', 'F4', 'G5']	[False, False, False, False, False, False, False]	0.3	26			
102.3	['A#3', 'C3', 'D4', 'F4', 'G5']	[False, False, False, False, False]	0.15	26			
102.45	['A#3', 'A4', 'D4', 'F4', 'G5']	[False, True, True, False, False]	0.15	26			
102.6	['A#3', 'A4', 'C3', 'D4', 'F4', 'G5']	[False, False, True, False, False, False]	0.3	26			
102.75	['A#3', 'A4', 'C3', 'D4', 'F4', 'G5']	[False, False, False, False, False, False]	0.3	26			
102.9	['A#3', 'C3', 'C4', 'D4', 'F4', 'G4', 'G5']	[False, False, True, False, False, True, False]	0.15	26			
103.05	['A#3', 'C4', 'D4', 'F4', 'G4', 'G5']	[False, False, False, False, False, False]	0.15	26			
103.2	['A#3', 'C3', 'C4', 'D4', 'F4', 'G4', 'G5']	[False, True, False, False, False, False, False]	0.45	26			
103.35	['A#3', 'C3', 'C4', 'D4', 'F4', 'G4', 'G5']	[False, False, False, False, False, False, False]	0.45	26			
103.5	['A#3', 'C3', 'C4', 'D4', 'F4', 'G4', 'G5']	[False, False, False, False, False, False, False]	0.45	26			
103.65	['C4', 'G4', 'G5']	[False, False, False]	0.15	26			
103.8	['C3', 'C4', 'G4', 'G5']	[True, False, False, False]	0.3	26			
103.95	['C3', 'C4', 'G4', 'G5']	[False, False, False, False]	0.3	26			
104.1	['C3', 'G5']	[False, False]	0.3	27			
104.25	['C3', 'G5']	[False, False]	0.3	27			
104.4	['G5']	[False]	0.15	27			
104.55	['A#3', 'A#4', 'C3', 'D#4', 'G4']	[True, True, True, True, True]	0.15	27			
104.7	['A#3', 'A#4', 'C3', 'C4', 'D#4', 'G4']	[False, False, False, True, False, False]	0.15	27			
104.85	['A#3', 'C3', 'C4', 'G4']	[False, False, False, False]	0.15	27			
105.0	['A#3', 'A4', 'D4', 'G4']	[True, True, True, False]	0.15	27			
105.15	['A#3', 'A4', 'C3', 'C4', 'D4', 'G4']	[False, False, True, True, False, False]	0.3	27			
105.3	['A#3', 'A4', 'C3', 'C4', 'D4', 'G4']	[False, False, False, False, False, False]	0.3	27			
105.45	['A#3', 'C3', 'C4', 'G4']	[True, False, True, True]	0.15	27			
105.6	['A#3', 'C4', 'G4']	[False, True, False]	0.15	27			
105.75	['A#3', 'C3', 'C4', 'G4']	[False, True, False, False]	0.45	27			
105.9	['A#3', 'C3', 'C4', 'G4']	[True, False, False, False]	0.45	27			
106.05	['A#3', 'C3', 'C4', 'G4']	[False, False, True, False]	0.45	27			
106.2	['C4', 'G3', 'G4']	[False, True, False]	0.15	27			
106.35	['A#3', 'C3', 'G#3', 'G3', 'G4']	[True, True, True, False, False]	0.15	27			
106.5	['A#3', 'C3', 'G#3']	[True, False, False]	0.15	27			
106.65	['A#3', 'C3']	[False, False]	0.15	27			
106.8	['A3', 'C3', 'C4']	[True, False, True]	0.15	27			
106.95	['A3', 'C4']	[False, False]	0.15	27			
107.1	['A#3', 'A3', 'C3', 'C4']	[True, False, True, False]	0.15	27			
107.25	['A3', 'C3', 'C4']	[False, False, True]	0.3	27			
107.4	['A3', 'C3', 'C4']	[False, False, False]	0.3	27			
107.55	['A#3', 'A3', 'C4']	[True, False, False]	0.15	27			
107.7	['A3', 'C3', 'C4']	[False, True, True]	0.3	27			
107.85	['A3', 'C3', 'C4']	[False, False, False]	0.3	27			
108.0	['A#3', 'A3', 'C3']	[True, False, False]	0.15	28			
108.15	['A3', 'C4']	[False, True]	0.15	28			
108.3	['A3', 'C3', 'C4']	[False, True, False]	0.15	28			
108.45	['A#3', 'A3', 'C3']	[True, False, False]	0.15	28			
108.6	['A3', 'C3', 'C4']	[False, False, True]	0.15	28			
108.75	['C4']	[False]	0.15	28			
108.9	['A#3', 'C3']	[True, True]	0.3	28			
109.05	['A#3', 'C3']	[False, False]	0.3	28			
109.2	['C3', 'C4']	[False, True]	0.3	28			
109.35	['C3', 'C4']	[False, False]	0.3	28			
109.5	[]	[]	0.15	28			
109.65	['C3', 'C4', 'C5', 'D#4', 'G4']	[True, True, True, True, True]	0.3	28			
109.8	['C3', 'C4', 'C5', 'D#4', 'G4']	[False, False, False, False, False]	0.3	28			
109.95	['C5']	[False]	0.15	28			
110.1	['C3', 'C4', 'C5', 'D#4', 'G4']	[True, True, False, True, True]	0.15	28			
110.25	['C5']	[False]	0.3	28			
110.4	['C5']	[False]	0.3	28			
110.55	['C3', 'C4', 'C5', 'D#4', 'G4']	[True, True, False, True, True]	0.3	28			
110.7	['C3', 'C4', 'C5', 'D#4', 'G4']	[False, False, False, False, False]	0.3	28			
110.85	['C5']	[False]	0.15	28			
111.0	[]	[]	0.15	28			
111.15	['C3', 'C4', 'D#4', 'G4']	[True, True, True, True]	0.6	28			
111.3	['C3', 'C4', 'D#4', 'G4']	[False, False, False, False]	0.6	28			
111.45	['C3', 'C4', 'D#4', 'G4']	[True, True, True, True]	0.6	28			
111.6	['C3', 'C4', 'D#4', 'G4']	[False, False, False, False]	0.6	28			
111.75	['A#2', 'A#4']	[True, True]	0.3	28			
111.9	['A#2', 'A#4']	[False, False]	0.3	28			
112.05	['B2', 'G4']	[True, True]	0.15	29			
112.2	['C3', 'C4', 'D#4', 'F4', 'G4']	[True, True, True, True, True]	0.15	29			
112.35	['C3', 'C4', 'D#4', 'G4']	[False, False, True, False]	0.15	29			
112.5	['C4']	[True]	0.15	29			
112.65	['C3', 'C4', 'D#4', 'G4']	[True, True, True, True]	0.15	29			
112.8	['C4']	[False]	0.3	29			
112.95	['C4']	[False]	0.3	29			
113.1	['C3', 'C4', 'D#4', 'G4']	[True, True, True, True]	0.3	29			
113.25	['C3', 'C4', 'D#4', 'G4']	[False, False, False, False]	0.3	29			
113.4	['C4']	[True]	0.3	29			
113.55	['C4']	[False]	0.3	29			
113.7	['C3', 'C4', 'D#4', 'G4']	[True, True, True, True]	0.6	29			
113.85	['C3', 'C4', 'D#4', 'G4']	[False, False, False, False]	0.6	29			
114.0	['C3', 'C4', 'D#4', 'G4']	[True, True, True, True]	0.6	29			
114.15	['C3', 'C4', 'D#4', 'G4']	[False, False, False, False]	0.6	29			
114.3	['D#3']	[True]	0.3	29			
114.45	['D#3']	[False]	0.3	29			
114.6	['E3']	[True]	0.15	29			
114.75	['C4', 'F3', 'F4', 'G#4']	[True, True, True, True]	0.3	29			
114.9	['C4', 'F3', 'F4', 'G#4']	[False, False, False, False]	0.3	29			
115.05	['F4']	[True]	0.15	29			
115.2	['C4', 'F3', 'F4', 'G#4']	[True, True, True, True]	0.15	29			
115.35	['D#4']	[True]	0.15	29			
115.5	['F4']	[True]	0.15	29			
115.65	['C4', 'F3', 'F4', 'G#4']	[True, True, True, True]	0.15	29			
115.8	['C4', 'D#4', 'F3', 'F4', 'G#4']	[False, True, False, False, False]	0.15	29			
115.95	['F4']	[True]	0.3	29			
116.1	['F4']	[True]	0.3	30			
116.25	['C4', 'D#4', 'F3', 'F4', 'G#4']	[True, True, True, True, True]	0.15	30			
116.4	['C4', 'F3', 'F4', 'G#4']	[False, False, True, False]	0.15	30			
116.55	['C4', 'F2', 'F4', 'G#4']	[True, True, True, True]	0.3	30			
116.7	['C4', 'F2', 'F4', 'G#4']	[False, False, False, False]	0.3	30			
116.85	['A#2', 'F4']	[True, False]	0.3	30			
117.0	['A#2', 'F4']	[False, False]	0.3	30			
117.15	['B2']	[True]	0.15	30			
117.3	['C3', 'C4', 'D#4', 'G4']	[True, True, True, True]	0.3	30			
117.45	['C3', 'C4', 'D#4', 'G4']	[False, False, False, False]	0.3	30			
117.6	['C4']	[True]	0.15	30			
117.75	['C3', 'C4', 'D#4', 'D4', 'G4']	[True, True, True, True, True]	0.15	30			
117.9	['D#4']	[True]	0.3	30			
118.05	['D#4']	[False]	0.3	30			
118.2	['C3', 'C4', 'D#4', 'D4', 'G4']	[True, True, True, True, True]	0.15	30			
118.35	['C3', 'C4', 'D#4', 'G4']	[False, True, False, False]	0.15	30			
118.5	['D#4']	[True]	0.15	30			
118.65	['C4']	[True]	0.15	30			
118.8	['C3', 'C4', 'D#4', 'G4']	[True, True, True, True]	0.6	30			
118.95	['C3', 'C4', 'D#4', 'G4']	[False, False, False, False]	0.6	30			
119.1	['C3', 'C4', 'D#4', 'G4']	[True, True, True, True]	0.6	30			
119.25	['C3', 'C4', 'D#4', 'G4']	[False, False, False, False]	0.6	30			
119.4	['A#4', 'C4']	[True, False]	0.3	30			
119.55	['A#4', 'C4']	[False, False]	0.3	30			
119.7	['B4']	[True]	0.15	30			
119.85	['B3', 'C4', 'C5', 'D4', 'G3']	[True, True, True, True, True]	0.15	30			
120.0	['B3', 'D4']	[False, False]	0.15	31			
120.15	['A#3', 'B3', 'D#4', 'D#5', 'D4', 'G2']	[True, False, True, True, False, True]	0.6	31			
120.3	['A#3', 'B3', 'D#4', 'D#5', 'D4', 'G2']	[False, False, False, False, False, False]	0.6	31			
120.45	['A#3', 'B3', 'D#4', 'D#5', 'D4', 'G2']	[False, False, False, False, False, False]	0.6	31			
120.6	['A#3', 'B3', 'D#4', 'D#5', 'D4', 'G2']	[False, False, False, False, False, False]	0.6	31			
120.75	['A3', 'D4', 'D5', 'G2']	[True, True, True, False]	0.15	31			
120.9	['C4', 'C5', 'G3']	[True, True, True]	0.15	31			
121.05	['A3', 'C4', 'D4', 'D5', 'F2', 'F4']	[True, True, True, True, True, True]	0.15	31			
121.2	['A3', 'C4', 'C5', 'F2', 'F4']	[False, True, True, False, False]	0.75	31			
121.35	['A3', 'C4', 'C5', 'F2', 'F4']	[False, False, False, False, False]	0.75	31			
121.5	['A3', 'C4', 'C5', 'F2', 'F4']	[False, False, False, False, False]	0.75	31			
121.65	['A3', 'C4', 'C5', 'F2', 'F4']	[False, False, False, False, False]	0.75	31			
121.8	['A3', 'C4', 'C5', 'F2', 'F4']	[False, False, False, False, False]	0.75	31			
121.95	['A#4', 'A3', 'C4', 'F2', 'F4']	[True, False, False, False, False]	0.3	31			
122.1	['A#4', 'A3', 'C4', 'F2', 'F4']	[False, False, False, False, False]	0.3	31			
122.25	['A3', 'B4', 'C4', 'F2', 'F4']	[False, True, False, False, False]	0.15	31			
122.4	['A3', 'C4', 'C5', 'F2', 'F4']	[False, False, True, False, False]	0.15	31			
122.55	['A3', 'C4', 'F2', 'F4']	[False, False, False, False]	0.15	31			
122.7	['A3', 'C4', 'D#5', 'F2', 'F4']	[False, False, True, False, False]	0.3	31			
122.85	['A3', 'C4', 'D#5', 'F2', 'F4']	[False, False, False, False, False]	0.3	31			
123.0	['A3', 'C4', 'F2', 'F4', 'G5']	[False, False, False, False, True]	0.3	31			
123.15	['A3', 'C4', 'F2', 'F4', 'G5']	[False, False, False, False, False]	0.3	31			
123.3	['A3', 'C4', 'F2', 'F4', 'F5']	[False, False, False, False, True]	0.15	31			
123.45	['A3', 'C4', 'D#5', 'F2', 'F4']	[False, False, True, False, False]	0.15	31			
123.6	['A3', 'C4', 'D#5', 'F4']	[False, False, False, False]	0.15	31			
123.75	['A#4', 'A3', 'C4', 'F4']	[True, False, False, False]	0.3	31			
123.9	['A#4', 'A3', 'C4', 'F4']	[False, False, False, False]	0.3	31			
124.05	['A#4']	[True]	0.45	32			
124.2	['A#4']	[False]	0.45	32			
124.35	['A#4']	[True]	0.45	32			
124.5	['A#2', 'A#4']	[True, True]	0.3	32			
124.65	['A#2', 'A#4']	[False, False]	0.3	32			
124.8	['B2']	[True]	0.15	32			
124.95	['A#4', 'C3', 'C4', 'D#4', 'G4']	[True, True, True, True, True]	0.15	32			
125.1	['C3', 'C4', 'C5', 'D#4', 'G4']	[False, False, True, False, False]	0.15	32			
125.25	['C3', 'C4', 'G4']	[False, False, False]	0.15	32			
125.4	['A4', 'C4', 'D4', 'G4']	[True, False, True, False]	0.15	32			
125.55	['A4', 'C3', 'C4', 'D4', 'G4']	[False, True, False, False, False]	0.3	32			
125.7	['A4', 'C3', 'C4', 'D4', 'G4']	[False, False, False, False, False]	0.3	32			
125.85	['C3', 'C4', 'G4']	[False, True, True]	0.15	32			
126.0	['C4', 'G4']	[False, False]	0.15	32			
126.15	['C3', 'C4', 'G4']	[True, False, False]	0.45	32			
126.3	['C3', 'C4', 'G4']	[False, False, False]	0.45	32			
126.45	['C3', 'C4', 'G4']	[False, False, False]	0.45	32			
126.6	['C4', 'G4']	[False, False]	0.15	32			
126.75	['C3', 'C4', 'G4']	[True, False, False]	0.3	32			
126.9	['C3', 'C4', 'G4']	[False, False, False]	0.3	32			
127.05	['C3']	[False]	0.3	32			
127.2	['C3']	[False]	0.3	32			
127.35	[]	[]	0.15	32			
127.5	['A#3', 'A#4', 'C3', 'D#4', 'D4', 'F4']	[True, True, True, True, True, True]	0.3	32			
127.65	['A#3', 'A#4', 'C3', 'D#4', 'D4', 'F4']	[False, False, False, False, False, False]	0.3	32			
127.8	['A#3', 'C3', 'D4', 'F4']	[False, False, False, False]	0.15	32			
127.95	['A#3', 'A4', 'D4', 'F4']	[False, True, True, False]	0.15	32			
128.1	['A#3', 'A4', 'C3', 'D4', 'F4']	[False, False, True, False, False]	0.3	33			
128.25	['A#3', 'A4', 'C3', 'D4', 'F4']	[False, False, False, False, False]	0.3	33			
128.4	['A#3', 'C3', 'C4', 'D4', 'F4', 'G4']	[False, False, True, False, False, True]	0.15	33			
128.55	['A#3', 'C4', 'D4', 'F4', 'G4']	[False, False, False, False, False]	0.15	33			
128.7	['A#3', 'C3', 'C4', 'D4', 'F4', 'G4']	[False, True, False, False, False, False]	0.45	33			
128.85	['A#3', 'C3', 'C4', 'D4', 'F4', 'G4']	[False, False, False, False, False, False]	0.45	33			
129.0	['A#3', 'C3', 'C4', 'D4', 'F4', 'G4']	[False, False, False, False, False, False]	0.45	33			
129.15	['C4', 'G4']	[False, False]	0.15	33			
129.3	['C3', 'C4', 'G4']	[True, False, False]	0.3	33			
129.45	['C3', 'C4', 'G4']	[False, False, False]	0.3	33			
129.6	['C3']	[False]	0.3	33			
129.75	['C3']	[False]	0.3	33			
129.9	[]	[]	0.15	33			
130.05	['F2', 'F3', 'F5']	[True, True, True]	0.15	33			
130.2	['F2', 'F3']	[False, False]	0.15	33			
130.35	['F3', 'F5']	[False, True]	0.15	33			
130.5	['F2', 'F3', 'F5']	[True, False, False]	0.3	33			
130.65	['F2', 'F3', 'F5']	[True, False, True]	0.3	33			
130.8	['D#5', 'F2', 'F3']	[True, False, False]	0.15	33			
130.95	['F3', 'F5']	[False, True]	0.15	33			
131.1	['F3', 'G#5']	[False, True]	0.45	33			
131.25	['F3', 'G#5']	[False, False]	0.45	33			
131.4	['F3', 'G#5']	[True, False]	0.45	33			
131.55	['F2', 'F4', 'F5']	[True, True, True]	0.45	33			
131.7	['F2', 'F4', 'F5']	[False, False, False]	0.45	33			
131.85	['F2', 'F4', 'F5']	[False, False, False]	0.45	33			
132.0	['F4', 'F5', 'G2']	[False, False, True]	0.15	34			
132.15	['C4', 'F5', 'G2']	[True, False, False]	0.3	34			
132.3	['C4', 'F5', 'G2']	[False, False, False]	0.3	34			
132.45	[]	[]	0.15	34			
132.6	['F5', 'G#2', 'G#3']	[True, True, True]	0.15	34			
132.75	['G#2', 'G#3']	[False, False]	0.15	34			
132.9	['F5', 'G#3']	[True, False]	0.15	34			
133.05	['F5', 'G#2', 'G#3']	[False, True, False]	0.3	34			
133.2	['F5', 'G#2', 'G#3']	[True, True, False]	0.3	34			
133.35	['D#5', 'G#2', 'G#3']	[True, False, False]	0.15	34			
133.5	['F5', 'G#3']	[True, False]	0.15	34			
133.65	['G#3', 'G#5']	[False, True]	0.3	34			
133.8	['G#3', 'G#5']	[True, False]	0.3	34			
133.95	['G#2', 'G#3', 'G#5']	[True, False, False]	0.15	34			
134.1	['F4', 'F5', 'G#2']	[True, True, False]	0.6	34			
134.25	['F4', 'F5', 'G#2']	[False, False, False]	0.6	34			
134.4	['F4', 'F5', 'G#2']	[False, False, False]	0.6	34			
134.55	['F4', 'F5', 'G#2']	[False, False, True]	0.6	34			
134.7	['C4', 'F5', 'G#2']	[True, False, False]	0.3	34			
134.85	['C4', 'F5', 'G#2']	[False, False, False]	0.3	34			
135.0	[]	[]	0.15	34			
135.15	['A#2', 'A#3', 'F5']	[True, True, True]	0.15	34			
135.3	['A#2', 'A#3']	[False, False]	0.15	34			
135.45	['A#3', 'F5']	[False, True]	0.15	34			
135.6	['A#2', 'A#3', 'F5']	[True, False, False]	0.3	34			
135.75	['A#2', 'A#3', 'F5']	[True, False, True]	0.3	34			
135.9	['A#2', 'A#3', 'D#5']	[False, False, True]	0.15	34			
136.05	['A#3', 'F5']	[False, True]	0.15	35			
136.2	['A#3', 'G#5']	[False, True]	0.45	35			
136.35	['A#3', 'G#5']	[False, False]	0.45	35			
136.5	['A#3', 'G#5']	[True, False]	0.45	35			
136.65	['A#2', 'F4', 'F5']	[True, True, True]	0.45	35			
136.8	['A#2', 'F4', 'F5']	[False, False, False]	0.45	35			
136.95	['A#2', 'F4', 'F5']	[False, False, False]	0.45	35			
137.1	['C3', 'F4', 'F5']	[True, False, False]	0.15	35			
137.25	['C3', 'C4', 'F5']	[False, True, False]	0.3	35			
137.4	['C3', 'C4', 'F5']	[False, False, False]	0.3	35			
137.55	[]	[]	0.15	35			
137.7	['A#3', 'C#3', 'D#4', 'D#5']	[True, True, True, True]	0.15	35			
137.85	['C#3', 'C4', 'F4', 'F5']	[True, True, True, True]	0.15	35			
138.0	[]	[]	0.15	35			
138.15	['A#3', 'C#3', 'D#4', 'D#5']	[True, True, True, True]	0.15	35			
138.3	['C#3', 'C4', 'F4', 'F5']	[True, True, True, True]	0.3	35			
138.45	['C#3', 'C4', 'F4', 'F5']	[False, False, False, False]	0.3	35			
138.6	['A#3', 'C#3', 'D#4', 'D#5']	[True, True, True, True]	0.15	35			
138.75	['C#3', 'C4', 'F4', 'F5']	[True, True, True, True]	0.3	35			
138.9	['C#3', 'C4', 'F4', 'F5']	[False, False, False, False]	0.3	35			
139.05	['A#3', 'C#3', 'D#4', 'D#5']	[True, True, True, True]	0.15	35			
139.2	['C#3', 'C4', 'F4', 'F5']	[True, True, True, True]	0.3	35			
139.35	['C#3', 'C4', 'F4', 'F5']	[False, False, False, False]	0.3	35			
139.5	['A#3', 'C#3', 'D#4', 'D#5']	[True, True, True, True]	0.3	35			
139.65	['A#3', 'C#3', 'D#4', 'D#5']	[False, False, False, False]	0.3	35			
139.8	['C#3', 'C4', 'F4', 'F5']	[True, True, True, True]	0.3	35			
139.95	['C#3', 'C4', 'F4', 'F5']	[False, False, False, False]	0.3	35			
140.1	['F5']	[False]	0.15	36			
140.25	['F2', 'F3', 'F5']	[True, True, True]	0.15	36			
140.4	['F2', 'F3']	[False, False]	0.15	36			
140.55	['F3', 'F5']	[False, True]	0.15	36			
140.7	['F2', 'F3', 'F5']	[True, False, False]	0.3	36			
140.85	['F2', 'F3', 'F5']	[True, False, True]	0.3	36			
141.0	['D#5', 'F2', 'F3']	[True, False, False]	0.15	36			
141.15	['F3', 'F5']	[False, True]	0.15	36			
141.3	['F3', 'G#5']	[False, True]	0.45	36			
141.45	['F3', 'G#5']	[False, False]	0.45	36			
141.6	['F3', 'G#5']	[True, False]	0.45	36			
141.75	['F3', 'F4', 'F5']	[False, True, True]	0.15	36			
141.9	['F2', 'F4', 'F5']	[True, False, False]	0.3	36			
142.05	['F2', 'F4', 'F5']	[False, False, False]	0.3	36			
142.2	['F4', 'F5', 'G2']	[False, False, True]	0.15	36			
142.35	['C4', 'F5', 'G2']	[True, False, False]	0.15	36			
142.5	['C4', 'G2']	[False, False]	0.15	36			
142.65	[]	[]	0.15	36			
142.8	['F5', 'G#2', 'G#3']	[True, True, True]	0.15	36			
142.95	['G#2', 'G#3']	[False, False]	0.15	36			
143.1	['F5', 'G#3']	[True, False]	0.15	36			
143.25	['G#2', 'G#3']	[True, False]	0.15	36			
143.4	['F5', 'G#2', 'G#3']	[True, True, False]	0.15	36			
143.55	['D#5', 'G#2', 'G#3']	[True, False, False]	0.15	36			
143.7	['F5', 'G#3']	[True, False]	0.15	36			
143.85	['G#3', 'G#5']	[False, True]	0.3	36			
144.0	['G#3', 'G#5']	[True, False]	0.3	37			
144.15	['G#2', 'G#3', 'G#5']	[True, False, False]	0.15	37			
144.3	['F4', 'F5', 'G#2']	[True, True, False]	0.6	37			
144.45	['F4', 'F5', 'G#2']	[False, False, False]	0.6	37			
144.6	['F4', 'F5', 'G#2']	[False, False, False]	0.6	37			
144.75	['F4', 'F5', 'G#2']	[False, False, True]	0.6	37			
144.9	['C4', 'F5', 'G#2']	[True, False, False]	0.15	37			
145.05	['C4', 'G#2']	[False, False]	0.15	37			
145.2	['A#2', 'A#3', 'F5']	[True, True, True]	0.3	37			
145.35	['A#2', 'A#3', 'F5']	[False, False, False]	0.3	37			
145.5	['A#2', 'A#3']	[False, False]	0.15	37			
145.65	['A#3', 'F5']	[False, True]	0.15	37			
145.8	['A#2', 'A#3']	[True, False]	0.15	37			
145.95	['A#2', 'A#3', 'F5']	[True, False, True]	0.15	37			
146.1	['A#2', 'A#3', 'D#5']	[False, False, True]	0.15	37			
146.25	['A#3', 'F5']	[False, True]	0.15	37			
146.4	['A#3', 'G#5']	[False, True]	0.45	37			
146.55	['A#3', 'G#5']	[False, False]	0.45	37			
146.7	['A#3', 'G#5']	[True, False]	0.45	37			
146.85	['A#2', 'F4', 'F5']	[True, True, True]	0.45	37			
147.0	['A#2', 'F4', 'F5']	[False, False, False]	0.45	37			
147.15	['A#2', 'F4', 'F5']	[False, False, False]	0.45	37			
147.3	['C3', 'F4', 'F5']	[True, False, False]	0.15	37			
147.45	['C3', 'C4', 'F5']	[False, True, False]	0.3	37			
147.6	['C3', 'C4', 'F5']	[False, False, False]	0.3	37			
147.75	['A#3', 'C#3', 'D#4', 'D#5']	[True, True, True, True]	0.3	37			
147.9	['A#3', 'C#3', 'D#4', 'D#5']	[False, False, False, False]	0.3	37			
148.05	['C#3', 'C4', 'F4', 'F5']	[True, True, True, True]	0.15	38			
148.2	[]	[]	0.15	38			
148.35	['A#3', 'C#3', 'D#4', 'D#5']	[True, True, True, True]	0.15	38			
148.5	['C#3', 'C4', 'F4', 'F5']	[True, True, True, True]	0.3	38			
148.65	['C#3', 'C4', 'F4', 'F5']	[False, False, False, False]	0.3	38			
148.8	['A#3', 'C#3', 'D#4', 'D#5']	[True, True, True, True]	0.15	38			
148.95	['C#3', 'C4', 'F4', 'F5']	[True, True, True, True]	0.3	38			
149.1	['C#3', 'C4', 'F4', 'F5']	[False, False, False, False]	0.3	38			
149.25	['A#3', 'C#3', 'D#4', 'D#5']	[True, True, True, True]	0.15	38			
149.4	['C#3', 'C4', 'F4', 'F5']	[True, True, True, True]	0.3	38			
149.55	['C#3', 'C4', 'F4', 'F5']	[False, False, False, False]	0.3	38			
149.7	['A#3', 'C#3', 'D#4', 'D#5']	[True, True, True, True]	0.3	38			
149.85	['A#3', 'C#3', 'D#4', 'D#5']	[False, False, False, False]	0.3	38			
150.0	['C#3', 'C4', 'F4', 'F5']	[True, True, True, True]	0.3	38			
150.15	['C#3', 'C4', 'F4', 'F5']	[False, False, False, False]	0.3	38			
150.3	['A#4', 'C3', 'C4', 'D#4', 'G4', 'G5']	[True, True, True, True, True, True]	0.45	38			
150.45	['A#4', 'C3', 'C4', 'D#4', 'G4', 'G5']	[False, False, False, False, False, False]	0.45	38			
150.6	['A#4', 'C3', 'C4', 'D#4', 'G4', 'G5']	[False, False, False, False, False, False]	0.45	38			
150.75	['C3', 'C4', 'G4', 'G5']	[False, False, False, False]	0.15	38			
150.9	['A4', 'C4', 'D4', 'G4', 'G5']	[True, False, True, False, False]	0.15	38			
151.05	['A4', 'C3', 'C4', 'D4', 'G4', 'G5']	[False, True, False, False, False, False]	0.3	38			
151.2	['A4', 'C3', 'C4', 'D4', 'G4', 'G5']	[False, False, False, False, False, False]	0.3	38			
151.35	['C3', 'C4', 'G4', 'G5']	[False, True, True, False]	0.15	38			
151.5	['C4', 'G4', 'G5']	[False, False, False]	0.15	38			
151.65	['C3', 'C4', 'G4', 'G5']	[True, False, False, False]	0.45	38			
151.8	['C3', 'C4', 'G4', 'G5']	[False, False, False, False]	0.45	38			
151.95	['C3', 'C4', 'G4', 'G5']	[False, False, False, False]	0.45	38			
152.1	['C4', 'G4', 'G5']	[False, False, False]	0.15	39			
152.25	['C3', 'C4', 'G4', 'G5']	[True, False, False, False]	0.3	39			
152.4	['C3', 'C4', 'G4', 'G5']	[False, False, False, False]	0.3	39			
152.55	['C3', 'G5']	[False, False]	0.3	39			
152.7	['C3', 'G5']	[False, False]	0.3	39			
152.85	['A#3', 'A#4', 'C3', 'D#4', 'D4', 'F4', 'G5']	[True, True, True, True, True, True, True]	0.45	39			
153.0	['A#3', 'A#4', 'C3', 'D#4', 'D4', 'F4', 'G5']	[False, False, False, False, False, False, False]	0.45	39			
153.15	['A#3', 'A#4', 'C3', 'D#4', 'D4', 'F4', 'G5']	[False, False, False, False, False, False, False]	0.45	39			
153.3	['A#3', 'C3', 'D4', 'F4', 'G5']	[False, False, False, False, False]	0.15	39			
153.45	['A#3', 'A4', 'D4', 'F4', 'G5']	[False, True, True, False, False]	0.15	39			
153.6	['A#3', 'A4', 'C3', 'D4', 'F4', 'G5']	[False, False, True, False, False, False]	0.3	39			
153.75	['A#3', 'A4', 'C3', 'D4', 'F4', 'G5']	[False, False, False, False, False, False]	0.3	39			
153.9	['A#3', 'C3', 'C4', 'D4', 'F4', 'G4', 'G5']	[False, False, True, False, False, True, False]	0.15	39			
154.05	['A#3', 'C4', 'D4', 'F4', 'G4', 'G5']	[False, False, False, False, False, False]	0.15	39			
154.2	['A#3', 'C3', 'C4', 'D4', 'F4', 'G4', 'G5']	[False, True, False, False, False, False, False]	0.45	39			
154.35	['A#3', 'C3', 'C4', 'D4', 'F4', 'G4', 'G5']	[False, False, False, False, False, False, False]	0.45	39			
154.5	['A#3', 'C3', 'C4', 'D4', 'F4', 'G4', 'G5']	[False, False, False, False, False, False, False]	0.45	39			
154.65	['C4', 'G4', 'G5']	[False, False, False]	0.15	39			
154.8	['C3', 'C4', 'G4', 'G5']	[True, False, False, False]	0.3	39			
154.95	['C3', 'C4', 'G4', 'G5']	[False, False, False, False]	0.3	39			
155.1	['C3', 'G5']	[False, False]	0.3	39			
155.25	['C3', 'G5']	[False, False]	0.3	39			
155.4	['A#3', 'A#4', 'C3', 'D#4', 'G4', 'G5']	[True, True, True, True, True, True]	0.45	39			
155.55	['A#3', 'A#4', 'C3', 'D#4', 'G4', 'G5']	[False, False, False, False, False, False]	0.45	39			
155.7	['A#3', 'A#4', 'C3', 'D#4', 'G4', 'G5']	[False, False, False, False, False, False]	0.45	39			
155.85	['A#3', 'C3', 'G4', 'G5']	[False, False, False, False]	0.15	39			
156.0	['A#3', 'A4', 'D4', 'G4', 'G5']	[False, True, True, False, False]	0.15	40			
156.15	['A#3', 'A4', 'C3', 'D4', 'G4', 'G5']	[False, False, True, False, False, False]	0.3	40			
156.3	['A#3', 'A4', 'C3', 'D4', 'G4', 'G5']	[False, False, False, False, False, False]	0.3	40			
156.45	['A#3', 'C3', 'C4', 'G4', 'G5']	[False, False, True, True, False]	0.15	40			
156.6	['A#3', 'C4', 'G4', 'G5']	[False, False, False, False]	0.15	40			
156.75	['A#3', 'C3', 'C4', 'G4', 'G5']	[False, True, False, False, False]	0.45	40			
156.9	['A#3', 'C3', 'C4', 'G4', 'G5']	[False, False, False, False, False]	0.45	40			
157.05	['A#3', 'C3', 'C4', 'G4', 'G5']	[False, False, False, False, False]	0.45	40			
157.2	['G3', 'G4']	[True, False]	0.15	40			
157.35	['C3', 'G#3', 'G4']	[True, True, False]	0.15	40			
157.5	['A#3', 'C3']	[True, False]	0.15	40			
157.65	['A3', 'C3', 'C4']	[True, False, True]	0.9	40			
157.8	['A3', 'C3', 'C4']	[False, False, False]	0.9	40			
157.95	['A3', 'C3', 'C4']	[False, True, False]	0.9	40			
158.1	['A3', 'C3', 'C4']	[False, False, False]	0.9	40			
158.25	['A3', 'C3', 'C4']	[False, False, False]	0.9	40			
158.4	['A3', 'C3', 'C4']	[False, False, False]	0.9	40			
158.55	['A3', 'C4']	[False, False]	0.15	40			
158.7	['A3', 'C3', 'C4']	[False, True, False]	0.3	40			
158.85	['A3', 'C3', 'C4']	[False, False, False]	0.3	40			
159.0	['A3', 'C3']	[False, False]	0.15	40			
159.15	['A3']	[False]	0.15	40			
159.3	['A3', 'C3', 'C5']	[False, True, True]	0.45	40			
159.45	['A3', 'C3', 'C5']	[False, False, False]	0.45	40			
159.6	['A3', 'C3', 'C5']	[False, False, False]	0.45	40			
159.75	['C5']	[False]	0.15	40			
159.9	['C3', 'C5']	[True, False]	0.3	40			
160.05	['C3', 'C5']	[False, False]	0.3	41			
160.2	['C3']	[False]	0.3	41			
160.35	['C3']	[False]	0.3	41			
160.5	['A4', 'D3', 'D4', 'E5', 'F4']	[True, True, True, True, True]	0.45	41			
160.65	['A4', 'D3', 'D4', 'E5', 'F4']	[False, False, False, False, False]	0.45	41			
160.8	['A4', 'D3', 'D4', 'E5', 'F4']	[False, False, False, False, False]	0.45	41			
160.95	['A4', 'D4', 'E5', 'F4']	[False, False, False, False]	0.15	41			
161.1	['D3']	[True]	0.15	41			
161.25	['A4', 'D3', 'D4', 'E5', 'F4']	[True, True, True, True, True]	0.3	41			
161.4	['A4', 'D3', 'D4', 'E5', 'F4']	[False, False, False, False, False]	0.3	41			
161.55	['E5']	[False]	0.15	41			
161.7	['A4', 'D3', 'D4', 'F4']	[True, True, True, True]	0.15	41			
161.85	['A4', 'D3', 'D4', 'D5', 'F4']	[False, False, False, True, False]	0.45	41			
162.0	['A4', 'D3', 'D4', 'D5', 'F4']	[False, False, False, False, False]	0.45	41			
162.15	['A4', 'D3', 'D4', 'D5', 'F4']	[True, True, True, False, True]	0.45	41			
162.3	['A4', 'D3', 'D4', 'F4']	[False, True, False, False]	0.15	41			
162.45	['A4', 'C5', 'D3', 'D4', 'F4']	[True, True, False, True, True]	0.45	41			
162.6	['A4', 'C5', 'D3', 'D4', 'F4']	[False, False, False, False, False]	0.45	41			
162.75	['A4', 'C5', 'D3', 'D4', 'F4']	[True, False, True, True, True]	0.45	41			
162.9	['A2', 'A4', 'C5', 'D3', 'D4', 'F4']	[True, False, False, False, False, False]	0.15	41			
163.05	['A2', 'B3', 'D3', 'D4', 'F5', 'G3']	[False, True, True, True, True, True]	0.15	41			
163.2	['B3', 'D3', 'D4', 'F5', 'G3']	[False, False, False, False, False]	0.3	41			
163.35	['B3', 'D3', 'D4', 'F5', 'G3']	[False, False, False, False, False]	0.3	41			
163.5	['B3', 'D4', 'F5', 'G3']	[False, False, False, False]	0.15	41			
163.65	['D3']	[True]	0.15	41			
163.8	['B3', 'D3', 'D4', 'E5', 'G3']	[True, True, True, True, True]	0.3	41			
163.95	['B3', 'D3', 'D4', 'E5', 'G3']	[False, False, False, False, False]	0.3	41			
164.1	['E5']	[False]	0.15	42			
164.25	['B3', 'D3', 'D4', 'G3']	[True, True, True, True]	0.15	42			
164.4	['B3', 'D3', 'D4', 'D5', 'G3']	[False, False, False, True, False]	0.45	42			
164.55	['B3', 'D3', 'D4', 'D5', 'G3']	[False, False, False, False, False]	0.45	42			
164.7	['B3', 'D3', 'D4', 'D5', 'G3']	[True, True, True, False, True]	0.45	42			
164.85	['B3', 'D3', 'D4', 'G3']	[False, True, False, False]	0.15	42			
165.0	['B3', 'C5', 'D3', 'D4', 'G3']	[True, True, True, True, True]	0.45	42			
165.15	['B3', 'C5', 'D3', 'D4', 'G3']	[False, False, False, False, False]	0.45	42			
165.3	['B3', 'C5', 'D3', 'D4', 'G3']	[True, False, True, True, True]	0.45	42			
165.45	['A2', 'B3', 'C5', 'D3', 'D4', 'G3']	[True, False, False, False, False, False]	0.15	42			
165.6	['A2', 'A3', 'C4', 'D3', 'F4', 'F5']	[False, True, True, True, True, True]	0.15	42			
165.75	['A3', 'C4', 'D3', 'F4', 'F5']	[False, False, False, False, False]	0.3	42			
165.9	['A3', 'C4', 'D3', 'F4', 'F5']	[False, False, False, False, False]	0.3	42			
166.05	['A3', 'C4', 'F4', 'F5']	[False, False, False, False]	0.15	42			
166.2	['D3']	[True]	0.15	42			
166.35	['A3', 'C4', 'D3', 'E5', 'F4']	[True, True, True, True, True]	0.3	42			
166.5	['A3', 'C4', 'D3', 'E5', 'F4']	[False, False, False, False, False]	0.3	42			
166.65	['E5']	[False]	0.15	42			
166.8	['A3', 'C4', 'D3', 'F4']	[True, True, True, True]	0.15	42			
166.95	['A3', 'C4', 'D3', 'D5', 'F4']	[False, False, False, True, False]	0.45	42			
167.1	['A3', 'C4', 'D3', 'D5', 'F4']	[False, False, False, False, False]	0.45	42			
167.25	['A3', 'C4', 'D3', 'D5', 'F4']	[True, True, True, False, True]	0.45	42			
167.4	['A3', 'C4', 'D3', 'F4']	[False, False, True, False]	0.15	42			
167.55	['A3', 'C4', 'C5', 'D3', 'F4']	[True, True, True, True, True]	0.45	42			
167.7	['A3', 'C4', 'C5', 'D3', 'F4']	[False, False, False, False, False]	0.45	42			
167.85	['A3', 'C4', 'C5', 'D3', 'F4']	[True, True, False, True, True]	0.45	42			
168.0	['A2', 'A3', 'C4', 'F4']	[True, False, False, False]	0.15	43			
168.15	['A2', 'B3', 'B4', 'D3', 'D4', 'G3']	[False, True, True, True, True, True]	0.15	43			
168.3	['B3', 'B4', 'D3', 'D4', 'G3']	[False, False, False, False, False]	0.3	43			
168.45	['B3', 'B4', 'D3', 'D4', 'G3']	[False, False, False, False, False]	0.3	43			
168.6	['B3', 'B4', 'D4', 'G3']	[False, False, False, False]	0.15	43			
168.75	['B3', 'B4', 'D3', 'D4', 'G3']	[False, False, True, False, False]	0.45	43			
168.9	['B3', 'B4', 'D3', 'D4', 'G3']	[False, False, True, False, False]	0.45	43			
169.05	['B3', 'B4', 'D3', 'D4', 'G3']	[False, False, False, False, False]	0.45	43			
169.2	['B3', 'B4', 'D4', 'G3']	[False, False, False, False]	0.15	43			
169.35	['B3', 'B4', 'D3', 'D4', 'G3']	[False, False, True, False, False]	0.45	43			
169.5	['B3', 'B4', 'D3', 'D4', 'G3']	[False, False, False, False, False]	0.45	43			
169.65	['B3', 'B4', 'D3', 'D4', 'G3']	[False, False, False, False, False]	0.45	43			
169.8	['A4', 'B3', 'B4', 'C5', 'D3', 'D4', 'F4', 'G3']	[True, False, False, True, True, False, True, False]	0.15	43			
169.95	['A4', 'C5', 'D3', 'F4']	[False, False, True, False]	0.6	43			
170.1	['A4', 'C5', 'D3', 'F4']	[True, True, True, True]	0.6	43			
170.25	['A4', 'C5', 'D3', 'F4']	[False, False, False, False]	0.6	43			
170.4	['A4', 'C5', 'D3', 'F4']	[True, True, True, True]	0.6	43			
170.55	['A2', 'A4', 'C5', 'F4']	[True, False, False, False]	0.15	43			
170.7	['A2', 'A3', 'D3', 'D4', 'F4', 'F5']	[False, True, True, True, True, True]	0.15	43			
170.85	['A3', 'D3', 'D4', 'D5', 'F4', 'F5']	[False, False, False, True, False, False]	0.3	43			
171.0	['A3', 'D3', 'D4', 'D5', 'F4', 'F5']	[False, False, False, False, False, False]	0.3	43			
171.15	['A3', 'A4', 'D4', 'F4', 'F5']	[False, True, False, False, False]	0.15	43			
171.3	['A3', 'D3', 'D4', 'F4', 'G5']	[False, True, False, False, True]	0.15	43			
171.45	['A3', 'D3', 'D4', 'D5', 'E5', 'F4']	[False, True, False, True, True, False]	0.15	43			
171.6	['A3', 'A4', 'D3', 'D4', 'E5', 'F4']	[False, True, False, False, False, False]	0.15	43			
171.75	['A3', 'A5', 'D4', 'E5', 'F4']	[False, True, False, False, False]	0.15	43			
171.9	['A3', 'D3', 'D4', 'D5', 'F4']	[False, True, False, True, False]	0.15	43			
172.05	['A3', 'A4', 'D3', 'D4', 'D5', 'F4']	[False, True, False, False, True, False]	0.15	44			
172.2	['A3', 'D3', 'D4', 'D5', 'F4', 'G5']	[False, False, False, False, False, True]	0.15	44			
172.35	['A3', 'D3', 'D4', 'D5', 'F4']	[False, True, False, True, False]	0.15	44			
172.5	['A4', 'D3']	[True, True]	0.15	44			
172.65	['C5', 'D3', 'F5']	[True, False, True]	0.15	44			
172.8	['A4', 'C5', 'D3']	[True, False, False]	0.15	44			
172.95	['C5', 'D3', 'D5']	[False, True, True]	0.15	44			
173.1	['A2', 'A4']	[True, True]	0.15	44			
173.25	['A2', 'A4', 'B3', 'D3', 'D4', 'F5', 'G3']	[False, False, True, True, True, True, True]	0.15	44			
173.4	['B3', 'D3', 'D4', 'D5', 'F5', 'G3']	[False, False, False, True, False, False]	0.3	44			
173.55	['B3', 'D3', 'D4', 'D5', 'F5', 'G3']	[False, False, False, False, False, False]	0.3	44			
173.7	['A4', 'B3', 'D4', 'F5', 'G3']	[True, False, False, False, False]	0.15	44			
173.85	['B3', 'D3', 'D4', 'G3', 'G5']	[False, True, False, False, True]	0.15	44			
174.0	['B3', 'D3', 'D4', 'D5', 'E5', 'G3']	[False, True, False, True, True, False]	0.15	44			
174.15	['A4', 'B3', 'D3', 'D4', 'E5', 'G3']	[True, False, False, False, False, False]	0.15	44			
174.3	['A5', 'B3', 'D4', 'E5', 'G3']	[True, False, False, False, False]	0.15	44			
174.45	['B3', 'D3', 'D4', 'D5', 'G3']	[False, True, False, True, False]	0.15	44			
174.6	['A4', 'B3', 'D3', 'D4', 'D5', 'G3']	[True, False, False, False, True, False]	0.15	44			
174.75	['B3', 'D3', 'D4', 'D5', 'G3', 'G5']	[False, False, False, False, False, True]	0.15	44			
174.9	['B3', 'D3', 'D4', 'D5', 'G3']	[False, True, False, True, False]	0.15	44			
175.05	['A4', 'D3']	[True, True]	0.15	44			
175.2	['C5', 'D3', 'F5']	[True, False, True]	0.15	44			
175.35	['A4', 'C5', 'D3']	[True, False, False]	0.15	44			
175.5	['C5', 'D3', 'D5']	[False, True, True]	0.15	44			
175.65	['A2', 'A4']	[True, True]	0.15	44			
175.8	['A2', 'A3', 'A4', 'C4', 'D3', 'F4', 'F5']	[False, True, False, True, True, True, True]	0.15	44			
175.95	['A3', 'C4', 'D3', 'D5', 'F4', 'F5']	[False, False, False, True, False, False]	0.3	44			
176.1	['A3', 'C4', 'D3', 'D5', 'F4', 'F5']	[False, False, False, False, False, False]	0.3	45			
176.25	['A3', 'A4', 'C4', 'F4', 'F5']	[False, True, False, False, False]	0.15	45			
176.4	['A3', 'C4', 'D3', 'F4', 'G5']	[False, False, True, False, True]	0.15	45			
176.55	['A3', 'C4', 'D3', 'D5', 'E5', 'F4']	[False, False, True, True, True, False]	0.15	45			
176.7	['A3', 'A4', 'C4', 'D3', 'E5', 'F4']	[False, True, False, False, False, False]	0.15	45			
176.85	['A3', 'A5', 'C4', 'E5', 'F4']	[False, True, False, False, False]	0.15	45			
177.0	['A3', 'C4', 'D3', 'D5', 'F4']	[False, False, True, True, False]	0.15	45			
177.15	['A3', 'A4', 'C4', 'D3', 'D5', 'F4']	[False, True, False, False, True, False]	0.15	45			
177.3	['A3', 'C4', 'D3', 'D5', 'F4', 'G5']	[False, False, False, False, False, True]	0.15	45			
177.45	['A3', 'C4', 'D3', 'D5', 'F4']	[False, False, True, True, False]	0.15	45			
177.6	['A4', 'D3']	[True, True]	0.15	45			
177.75	['C5', 'D3', 'F5']	[True, False, True]	0.15	45			
177.9	['A4', 'C5', 'D3']	[True, False, False]	0.15	45			
178.05	['C5', 'D3', 'D5']	[False, True, True]	0.15	45			
178.2	['A2', 'A4']	[True, True]	0.15	45			
178.35	['A2', 'A4', 'B3', 'B4', 'D3', 'D4', 'F5', 'G3']	[False, False, True, True, True, True, True, True]	0.15	45			
178.5	['B3', 'B4', 'D3', 'D4', 'D5', 'F5', 'G3']	[False, False, False, False, True, False, False]	0.15	45			
178.65	['B3', 'B4', 'D3', 'D4', 'D5', 'G3']	[False, False, False, False, False, False]	0.15	45			
178.8	['A4', 'B3', 'B4', 'D4', 'G3']	[True, False, False, False, False]	0.15	45			
178.95	['B3', 'B4', 'D3', 'D4', 'G3', 'G5']	[False, False, True, False, False, True]	0.15	45			
179.1	['B3', 'B4', 'D3', 'D4', 'D5', 'G3']	[False, False, True, False, True, False]	0.15	45			
179.25	['A4', 'B3', 'B4', 'D3', 'D4', 'G3']	[True, False, False, False, False, False]	0.15	45			
179.4	['A5', 'B3', 'B4', 'D4', 'G3']	[True, False, False, False, False]	0.15	45			
179.55	['B3', 'B4', 'D3', 'D4', 'D5', 'G3']	[False, False, True, False, True, False]	0.15	45			
179.7	['A4', 'B3', 'B4', 'D3', 'D4', 'G3']	[True, False, False, False, False, False]	0.15	45			
179.85	['B3', 'B4', 'D3', 'D4', 'G3', 'G5']	[False, False, False, False, False, True]	0.15	45			
180.0	['B3', 'B4', 'D3', 'D4', 'D5', 'G3']	[False, False, True, False, True, False]	0.15	46			
180.15	['A4', 'D3']	[True, True]	0.15	46			
180.3	['D3', 'F5']	[False, True]	0.15	46			
180.45	['A4', 'D3']	[True, False]	0.15	46			
180.6	['D3', 'D5']	[True, True]	0.15	46			
180.75	['A2', 'A4']	[True, True]	0.15	46			
180.9	['A2', 'A3', 'A4', 'D3', 'D4', 'F4', 'F5']	[False, True, False, True, True, True, True]	0.15	46			
181.05	['A3', 'D3', 'D4', 'D5', 'F4', 'F5']	[False, False, False, True, False, False]	0.15	46			
181.2	['A3', 'A4', 'D3', 'D4', 'D5', 'F4', 'F5']	[False, True, False, False, False, False, False]	0.15	46			
181.35	['A3', 'A4', 'D4', 'F4', 'F5']	[False, False, False, False, False]	0.15	46			
181.5	['A3', 'D3', 'D4', 'F4', 'G5']	[False, True, False, False, True]	0.15	46			
181.65	['A3', 'D3', 'D4', 'D5', 'E5', 'F4']	[False, True, False, True, True, False]	0.15	46			
181.8	['A3', 'A4', 'D3', 'D4', 'E5', 'F4']	[False, True, False, False, False, False]	0.15	46			
181.95	['A3', 'A5', 'D4', 'E5', 'F4']	[False, True, False, False, False]	0.15	46			
182.1	['A3', 'D3', 'D4', 'D5', 'F4']	[False, True, False, True, False]	0.15	46			
182.25	['A3', 'A4', 'D3', 'D4', 'D5', 'F4']	[False, True, False, False, True, False]	0.15	46			
182.4	['A3', 'D3', 'D4', 'D5', 'F4', 'G5']	[False, False, False, False, False, True]	0.15	46			
182.55	['A3', 'D3', 'D4', 'D5', 'F4']	[False, True, False, True, False]	0.15	46			
182.7	['A4', 'D3']	[True, True]	0.15	46			
182.85	['C5', 'D3', 'F5']	[True, False, True]	0.15	46			
183.0	['A4', 'C5', 'D3']	[True, False, False]	0.15	46			
183.15	['C5', 'D3', 'D5']	[False, True, True]	0.15	46			
183.3	['A2', 'A4']	[True, True]	0.15	46			
183.45	['A2', 'A4', 'B3', 'D3', 'D4', 'F5', 'G3']	[False, False, True, True, True, True, True]	0.15	46			
183.6	['B3', 'D3', 'D4', 'D5', 'F5', 'G3']	[False, False, False, True, False, False]	0.15	46			
183.75	['A4', 'B3', 'D3', 'D4', 'D5', 'F5', 'G3']	[True, False, False, False, False, False, False]	0.15	46			
183.9	['A4', 'B3', 'D4', 'F5', 'G3']	[False, False, False, False, False]	0.15	46			
184.05	['B3', 'D3', 'D4', 'G3', 'G5']	[False, True, False, False, True]	0.15	47			
184.2	['B3', 'D3', 'D4', 'D5', 'E5', 'G3']	[False, True, False, True, True, False]	0.15	47			
184.35	['A4', 'B3', 'D3', 'D4', 'E5', 'G3']	[True, False, False, False, False, False]	0.15	47			
184.5	['A5', 'B3', 'D4', 'E5', 'G3']	[True, False, False, False, False]	0.15	47			
184.65	['B3', 'D3', 'D4', 'D5', 'G3']	[False, True, False, True, False]	0.15	47			
184.8	['A4', 'B3', 'D3', 'D4', 'D5', 'G3']	[True, False, False, False, True, False]	0.15	47			
184.95	['B3', 'D3', 'D4', 'D5', 'G3', 'G5']	[False, False, False, False, False, True]	0.15	47			
185.1	['B3', 'D3', 'D4', 'D5', 'G3']	[False, True, False, True, False]	0.15	47			
185.25	['A4', 'D3']	[True, True]	0.15	47			
185.4	['C5', 'D3', 'F5']	[True, False, True]	0.15	47			
185.55	['A4', 'C5', 'D3']	[True, False, False]	0.15	47			
185.7	['C5', 'D3', 'D5']	[False, True, True]	0.15	47			
185.85	['A2', 'A4']	[True, True]	0.15	47			
186.0	['A3', 'C4', 'D3', 'F4', 'F5']	[True, True, True, True, True]	0.15	47			
186.15	['A3', 'C4', 'D3', 'D5', 'F4', 'F5']	[False, False, False, True, False, False]	0.15	47			
186.3	['A3', 'A4', 'C4', 'D3', 'D5', 'F4', 'F5']	[False, True, False, False, False, False, False]	0.15	47			
186.45	['A3', 'A4', 'C4', 'F4', 'F5']	[False, False, False, False, False]	0.15	47			
186.6	['A3', 'C4', 'D3', 'F4', 'G5']	[False, False, True, False, True]	0.15	47			
186.75	['A3', 'C4', 'D3', 'D5', 'E5', 'F4']	[False, False, True, True, True, False]	0.15	47			
186.9	['A3', 'A4', 'C4', 'D3', 'E5', 'F4']	[False, True, False, False, False, False]	0.15	47			
187.05	['A3', 'A5', 'C4', 'E5', 'F4']	[False, True, False, False, False]	0.15	47			
187.2	['A3', 'C4', 'D3', 'D5', 'F4']	[False, False, True, True, False]	0.15	47			
187.35	['A3', 'A4', 'C4', 'D3', 'D5', 'F4']	[False, True, False, False, True, False]	0.15	47			
187.5	['A3', 'C4', 'D3', 'D5', 'F4', 'G5']	[False, False, False, False, False, True]	0.15	47			
187.65	['A3', 'C4', 'D3', 'D5', 'F4']	[False, False, True, True, False]	0.15	47			
187.8	['A4', 'D3']	[True, True]	0.15	47			
187.95	['C5', 'D3', 'F5']	[True, False, True]	0.15	47			
188.1	['A4', 'C5', 'D3']	[True, False, False]	0.15	48			
188.25	['C5', 'D3', 'D5']	[False, True, True]	0.15	48			
188.4	['A2', 'A4']	[True, True]	0.15	48			
188.55	['B3', 'B4', 'D3', 'D4', 'F5', 'G3']	[True, True, True, True, True, True]	0.15	48			
188.7	['B3', 'B4', 'D3', 'D4', 'D5', 'F5', 'G3']	[False, False, False, False, True, False, False]	0.15	48			
188.85	['A4', 'B3', 'B4', 'D3', 'D4', 'D5', 'G3']	[True, False, False, False, False, False, False]	0.15	48			
189.0	['A4', 'B3', 'B4', 'D4', 'G3']	[False, False, False, False, False]	0.15	48			
189.15	['B3', 'B4', 'D3', 'D4', 'G3', 'G5']	[False, False, True, False, False, True]	0.15	48			
189.3	['B3', 'B4', 'D3', 'D4', 'D5', 'G3']	[False, False, True, False, True, False]	0.15	48			
189.45	['A4', 'B3', 'B4', 'D3', 'D4', 'G3']	[True, False, False, False, False, False]	0.15	48			
189.6	['A5', 'B3', 'B4', 'D4', 'G3']	[True, False, False, False, False]	0.15	48			
189.75	['B3', 'B4', 'D3', 'D4', 'D5', 'G3']	[False, False, True, False, True, False]	0.15	48			
189.9	['A4', 'B3', 'B4', 'D3', 'D4', 'G3']	[True, False, False, False, False, False]	0.15	48			
190.05	['B3', 'B4', 'D3', 'D4', 'G3', 'G5']	[False, False, False, False, False, True]	0.15	48			
190.2	['B3', 'B4', 'D3', 'D4', 'D5', 'G3']	[False, False, True, False, True, False]	0.15	48			
190.35	['A4', 'D3']	[True, True]	0.15	48			
190.5	['D3', 'F5']	[False, True]	0.15	48			
190.65	['A4', 'D3']	[True, False]	0.15	48			
190.8	['D3', 'D5']	[True, True]	0.15	48			
190.95	['A2', 'A4']	[True, True]	0.15	48			
191.1	['A3', 'D3', 'D4', 'F4', 'F5']	[True, True, True, True, True]	0.15	48			
191.25	['A3', 'D3', 'D4', 'D5', 'F4', 'F5']	[False, False, False, True, False, False]	0.15	48			
191.4	['A3', 'A4', 'D3', 'D4', 'D5', 'F4', 'F5']	[False, True, False, False, False, False, False]	0.15	48			
191.55	['A3', 'A4', 'D4', 'F4', 'F5']	[False, False, False, False, False]	0.15	48			
191.7	['A3', 'D3', 'D4', 'F4', 'G5']	[False, True, False, False, True]	0.15	48			
191.85	['A3', 'D3', 'D4', 'D5', 'E5', 'F4']	[False, True, False, True, True, False]	0.15	48			
192.0	['A3', 'A4', 'D3', 'D4', 'E5', 'F4']	[False, True, False, False, False, False]	0.15	49			
192.15	['A3', 'A5', 'D4', 'E5', 'F4']	[False, True, False, False, False]	0.15	49			
192.3	['A3', 'D3', 'D4', 'D5', 'F4']	[False, True, False, True, False]	0.15	49			
192.45	['A3', 'A4', 'D3', 'D4', 'D5', 'F4']	[False, True, False, False, True, False]	0.15	49			
192.6	['A3', 'D3', 'D4', 'D5', 'F4', 'G5']	[False, False, False, False, False, True]	0.15	49			
192.75	['A3', 'D3', 'D4', 'D5', 'F4']	[False, True, False, True, False]	0.15	49			
192.9	['A4', 'D3']	[True, True]	0.15	49			
193.05	['C5', 'D3', 'F5']	[True, False, True]	0.15	49			
193.2	['A4', 'C5', 'D3']	[True, False, False]	0.15	49			
193.35	['C5', 'D3', 'D5']	[False, True, True]	0.15	49			
193.5	['A2', 'A4']	[True, True]	0.15	49			
193.65	['B3', 'D3', 'D4', 'F5', 'G3']	[True, True, True, True, True]	0.15	49			
193.8	['B3', 'D3', 'D4', 'D5', 'F5', 'G3']	[False, False, False, True, False, False]	0.15	49			
193.95	['A4', 'B3', 'D3', 'D4', 'D5', 'F5', 'G3']	[True, False, False, False, False, False, False]	0.15	49			
194.1	['A4', 'B3', 'D4', 'F5', 'G3']	[False, False, False, False, False]	0.15	49			
194.25	['B3', 'D3', 'D4', 'G3', 'G5']	[False, True, False, False, True]	0.15	49			
194.4	['B3', 'D3', 'D4', 'D5', 'E5', 'G3']	[False, True, False, True, True, False]	0.15	49			
194.55	['A4', 'B3', 'D3', 'D4', 'E5', 'G3']	[True, False, False, False, False, False]	0.15	49			
194.7	['A5', 'B3', 'D4', 'E5', 'G3']	[True, False, False, False, False]	0.15	49			
194.85	['B3', 'D3', 'D4', 'D5', 'G3']	[False, True, False, True, False]	0.15	49			
195.0	['A4', 'B3', 'D3', 'D4', 'D5', 'G3']	[True, False, False, False, True, False]	0.15	49			
195.15	['B3', 'D3', 'D4', 'D5', 'G3', 'G5']	[False, False, False, False, False, True]	0.15	49			
195.3	['B3', 'D3', 'D4', 'D5', 'G3']	[False, True, False, True, False]	0.15	49			
195.45	['A4', 'D3']	[True, True]	0.15	49			
195.6	['C5', 'D3', 'F5']	[True, False, True]	0.15	49			
195.75	['A4', 'C5', 'D3']	[True, False, False]	0.15	49			
195.9	['C5', 'D3', 'D5']	[False, True, True]	0.15	49			
196.05	['A2', 'A4']	[True, True]	0.15	50			
196.2	['A3', 'C4', 'D3', 'F4', 'F5']	[True, True, True, True, True]	0.15	50			
196.35	['A3', 'C4', 'D3', 'D5', 'F4', 'F5']	[False, False, False, True, False, False]	0.15	50			
196.5	['A3', 'A4', 'C4', 'D3', 'D5', 'F4', 'F5']	[False, True, False, False, False, False, False]	0.15	50			
196.65	['A3', 'A4', 'C4', 'F4', 'F5']	[False, False, False, False, False]	0.15	50			
196.8	['A3', 'C4', 'D3', 'F4', 'G5']	[False, False, True, False, True]	0.15	50			
196.95	['A3', 'C4', 'D3', 'D5', 'E5', 'F4']	[False, False, True, True, True, False]	0.15	50			
197.1	['A3', 'A4', 'C4', 'D3', 'E5', 'F4']	[False, True, False, False, False, False]	0.15	50			
197.25	['A3', 'A5', 'C4', 'E5', 'F4']	[False, True, False, False, False]	0.15	50			
197.4	['A3', 'C4', 'D3', 'D5', 'F4']	[False, False, True, True, False]	0.15	50			
197.55	['A3', 'A4', 'C4', 'D3', 'D5', 'F4']	[False, True, False, False, True, False]	0.15	50			
197.7	['A3', 'C4', 'D3', 'D5', 'F4', 'G5']	[False, False, False, False, False, True]	0.15	50			
197.85	['A3', 'C4', 'D3', 'D5', 'F4']	[False, False, True, True, False]	0.15	50			
198.0	['A4', 'D3']	[True, True]	0.15	50			
198.15	['C5', 'D3', 'F5']	[True, False, True]	0.15	50			
198.3	['A4', 'C5', 'D3']	[True, False, False]	0.15	50			
198.45	['C5', 'D3', 'D5']	[False, True, True]	0.15	50			
198.6	['A2', 'A4']	[True, True]	0.15	50			
198.75	['B3', 'B4', 'D3', 'D4', 'F5', 'G3']	[True, True, True, True, True, True]	0.15	50			
198.9	['B3', 'B4', 'D3', 'D4', 'D5', 'F5', 'G3']	[False, False, False, False, True, False, False]	0.15	50			
199.05	['A4', 'B3', 'B4', 'D3', 'D4', 'D5', 'G3']	[True, False, False, False, False, False, False]	0.15	50			
199.2	['A4', 'B3', 'B4', 'D3', 'D4', 'G3', 'G5']	[False, False, False, True, False, False, True]	0.15	50			
199.35	['B3', 'B4', 'D3', 'D4', 'G3', 'G5']	[False, False, False, False, False, False]	0.15	50			
199.5	['B3', 'B4', 'D3', 'D4', 'D5', 'G3']	[False, False, True, False, True, False]	0.15	50			
199.65	['A4', 'B3', 'B4', 'D3', 'D4', 'G3']	[True, False, False, False, False, False]	0.15	50			
199.8	['A5', 'B3', 'B4', 'D4', 'G3']	[True, False, False, False, False]	0.15	50			
199.95	['B3', 'B4', 'D3', 'D4', 'D5', 'G3']	[False, False, True, False, True, False]	0.15	50			
200.1	['A4', 'B3', 'B4', 'D3', 'D4', 'G3']	[True, False, False, False, False, False]	0.15	51			
200.25	['B3', 'B4', 'D3', 'D4', 'G3', 'G5']	[False, False, False, False, False, True]	0.15	51			
200.4	['B3', 'B4', 'D3', 'D4', 'D5', 'G3']	[False, False, True, False, True, False]	0.15	51			
200.55	['A4', 'D3']	[True, True]	0.15	51			
200.7	['D3', 'F5']	[False, True]	0.15	51			
200.85	['A4', 'D3']	[True, False]	0.15	51			
201.0	['D3', 'D5']	[True, True]	0.15	51			
201.15	['A2', 'A4']	[True, True]	0.15	51			
201.3	[]	[]	0.15	51			
