j_offset	s_notes	s_isOnset	s_duration	s_measure
0.0	[]	[]	8.25	1
0.15	[]	[]	8.25	1
0.3	[]	[]	8.25	1
0.45	[]	[]	8.25	1
0.6	[]	[]	8.25	1
0.75	[]	[]	8.25	1
0.9	[]	[]	8.25	1
1.05	[]	[]	8.25	1
1.2	[]	[]	8.25	1
1.35	[]	[]	8.25	1
1.5	[]	[]	8.25	1
1.65	[]	[]	8.25	1
1.8	[]	[]	8.25	1
1.95	[]	[]	8.25	1
2.1	[]	[]	8.25	1
2.25	[]	[]	8.25	1
2.4	[]	[]	8.25	1
2.55	[]	[]	8.25	1
2.7	[]	[]	8.25	1
2.85	[]	[]	8.25	1
3.0	[]	[]	8.25	1
3.15	[]	[]	8.25	1
3.3	[]	[]	8.25	1
3.45	[]	[]	8.25	1
3.6	[]	[]	8.25	1
3.75	[]	[]	8.25	1
3.9	[]	[]	8.25	1
4.05	[]	[]	8.25	2
4.2	[]	[]	8.25	2
4.35	[]	[]	8.25	2
4.5	[]	[]	8.25	2
4.65	[]	[]	8.25	2
4.8	[]	[]	8.25	2
4.95	[]	[]	8.25	2
5.1	[]	[]	8.25	2
5.25	[]	[]	8.25	2
5.4	[]	[]	8.25	2
5.55	[]	[]	8.25	2
5.7	[]	[]	8.25	2
5.85	[]	[]	8.25	2
6.0	[]	[]	8.25	2
6.15	[]	[]	8.25	2
6.3	[]	[]	8.25	2
6.45	[]	[]	8.25	2
6.6	[]	[]	8.25	2
6.75	[]	[]	8.25	2
6.9	[]	[]	8.25	2
7.05	[]	[]	8.25	2
7.2	[]	[]	8.25	2
7.35	[]	[]	8.25	2
7.5	[]	[]	8.25	2
7.65	[]	[]	8.25	2
7.8	[]	[]	8.25	2
7.95	[]	[]	8.25	2
8.1	[]	[]	8.25	3
8.25	['A3', 'D2', 'D3', 'F#4']	[True, True, True, True]	1.05	3
8.4	['A3', 'D2', 'D3', 'F#4']	[False, False, False, False]	1.05	3
8.55	['A3', 'D2', 'D3', 'F#4']	[False, False, False, False]	1.05	3
8.7	['A3', 'D2', 'D3', 'F#4']	[False, False, False, False]	1.05	3
8.85	['A3', 'D2', 'D3', 'F#4']	[False, False, False, False]	1.05	3
9.0	['A3', 'D2', 'D3', 'F#4']	[False, False, False, False]	1.05	3
9.15	['A3', 'D2', 'D3', 'F#4']	[False, False, False, False]	1.05	3
9.3	['A3', 'D3', 'D4', 'F#4']	[False, True, True, False]	0.9	3
9.45	['A3', 'D3', 'D4', 'F#4']	[False, False, False, False]	0.9	3
9.6	['A3', 'D3', 'D4', 'F#4']	[False, False, False, False]	0.9	3
9.75	['A3', 'D3', 'D4', 'F#4']	[False, False, False, False]	0.9	3
9.9	['A3', 'D3', 'D4', 'F#4']	[False, False, False, False]	0.9	3
10.05	['A3', 'D3', 'D4', 'F#4']	[False, False, False, False]	0.9	3
10.2	['A3', 'C#4', 'D3', 'D4', 'F#4']	[False, True, False, False, False]	0.15	3
10.35	['A3', 'C#3', 'C#4', 'F#4']	[False, True, False, False]	0.9	3
10.5	['A3', 'C#3', 'C#4', 'F#4']	[False, False, False, False]	0.9	3
10.65	['A3', 'C#3', 'C#4', 'F#4']	[False, False, False, False]	0.9	3
10.8	['A3', 'C#3', 'C#4', 'F#4']	[False, False, False, False]	0.9	3
10.95	['A3', 'C#3', 'C#4', 'F#4']	[False, False, False, False]	0.9	3
11.1	['A3', 'C#3', 'C#4', 'F#4']	[False, False, False, False]	0.9	3
11.25	['A3', 'C#2', 'C#3', 'F#4']	[False, True, True, False]	1.05	3
11.4	['A3', 'C#2', 'C#3', 'F#4']	[False, False, False, False]	1.05	3
11.55	['A3', 'C#2', 'C#3', 'F#4']	[False, False, False, False]	1.05	3
11.7	['A3', 'C#2', 'C#3', 'F#4']	[False, False, False, False]	1.05	3
11.85	['A3', 'C#2', 'C#3', 'F#4']	[False, False, False, False]	1.05	3
12.0	['A3', 'C#2', 'C#3', 'F#4']	[False, False, False, False]	1.05	4
12.15	['A3', 'C#2', 'C#3', 'F#4']	[False, False, False, False]	1.05	4
12.3	['A3', 'B1', 'B2', 'C#2', 'F#4']	[False, True, True, False, False]	0.15	4
12.45	['A3', 'B1', 'B2', 'F#4']	[False, False, False, False]	0.9	4
12.6	['A3', 'B1', 'B2', 'F#4']	[False, False, False, False]	0.9	4
12.75	['A3', 'B1', 'B2', 'F#4']	[False, False, False, False]	0.9	4
12.9	['A3', 'B1', 'B2', 'F#4']	[False, False, False, False]	0.9	4
13.05	['A3', 'B1', 'B2', 'F#4']	[False, False, False, False]	0.9	4
13.2	['A3', 'B1', 'B2', 'F#4']	[False, False, False, False]	0.9	4
13.35	['A3', 'B2', 'B3', 'F#4']	[False, True, True, False]	1.05	4
13.5	['A3', 'B2', 'B3', 'F#4']	[False, False, False, False]	1.05	4
13.65	['A3', 'B2', 'B3', 'F#4']	[False, False, False, False]	1.05	4
13.8	['A3', 'B2', 'B3', 'F#4']	[False, False, False, False]	1.05	4
13.95	['A3', 'B2', 'B3', 'F#4']	[False, False, False, False]	1.05	4
14.1	['A3', 'B2', 'B3', 'F#4']	[False, False, False, False]	1.05	4
14.25	['A3', 'B2', 'B3', 'F#4']	[False, False, False, False]	1.05	4
14.4	['A2', 'A3', 'F#4']	[True, True, False]	1.05	4
14.55	['A2', 'A3', 'F#4']	[False, False, False]	1.05	4
14.7	['A2', 'A3', 'F#4']	[False, False, False]	1.05	4
14.85	['A2', 'A3', 'F#4']	[False, False, False]	1.05	4
15.0	['A2', 'A3', 'F#4']	[False, False, False]	1.05	4
15.15	['A2', 'A3', 'F#4']	[False, False, False]	1.05	4
15.3	['A2', 'A3', 'F#4']	[False, False, False]	1.05	4
15.45	['A1', 'A2', 'A3', 'F#4']	[True, True, False, False]	0.9	4
15.6	['A1', 'A2', 'A3', 'F#4']	[False, False, False, False]	0.9	4
15.75	['A1', 'A2', 'A3', 'F#4']	[False, False, False, False]	0.9	4
15.9	['A1', 'A2', 'A3', 'F#4']	[False, False, False, False]	0.9	4
16.05	['A1', 'A2', 'A3', 'F#4']	[False, False, False, False]	0.9	5
16.2	['A1', 'A2', 'A3', 'F#4']	[False, False, False, False]	0.9	5
16.35	['A1', 'A2', 'A3', 'B3', 'F#4', 'G1']	[False, False, False, True, False, True]	0.15	5
16.5	['B3', 'F#4', 'G1', 'G2']	[False, False, False, True]	0.9	5
16.65	['B3', 'F#4', 'G1', 'G2']	[False, False, False, False]	0.9	5
16.8	['B3', 'F#4', 'G1', 'G2']	[False, False, False, False]	0.9	5
16.95	['B3', 'F#4', 'G1', 'G2']	[False, False, False, False]	0.9	5
17.1	['B3', 'F#4', 'G1', 'G2']	[False, False, False, False]	0.9	5
17.25	['B3', 'F#4', 'G1', 'G2']	[False, False, False, False]	0.9	5
17.4	['B3', 'B4', 'F#4', 'G1', 'G2', 'G3']	[False, True, False, False, True, True]	0.15	5
17.55	['B3', 'B4', 'G2', 'G3']	[False, True, False, False]	0.45	5
17.7	['B3', 'B4', 'G2', 'G3']	[False, False, False, False]	0.45	5
17.85	['B3', 'B4', 'G2', 'G3']	[False, False, False, False]	0.45	5
18.0	['B3', 'B4', 'G2', 'G3', 'G4']	[False, False, False, False, True]	0.15	5
18.15	['B3', 'G2', 'G3', 'G4']	[False, False, False, False]	0.3	5
18.3	['B3', 'G2', 'G3', 'G4']	[False, False, False, False]	0.3	5
18.45	['B3', 'E4', 'G#2', 'G#3', 'G2', 'G3', 'G4']	[False, True, True, True, False, False, False]	0.15	5
18.6	['B3', 'E4', 'G#2', 'G#3']	[False, False, False, False]	0.45	5
18.75	['B3', 'E4', 'G#2', 'G#3']	[False, False, False, False]	0.45	5
18.9	['B3', 'E4', 'G#2', 'G#3']	[False, False, False, False]	0.45	5
19.05	['B3', 'D4', 'G#2', 'G#3']	[False, True, False, False]	0.45	5
19.2	['B3', 'D4', 'G#2', 'G#3']	[False, False, False, False]	0.45	5
19.35	['B3', 'D4', 'G#2', 'G#3']	[False, False, False, False]	0.45	5
19.5	['B3', 'C#4', 'D4', 'G#1', 'G#2']	[False, True, False, True, True]	0.15	5
19.65	['B3', 'C#4', 'G#1', 'G#2']	[False, False, False, False]	0.45	5
19.8	['B3', 'C#4', 'G#1', 'G#2']	[False, False, False, False]	0.45	5
19.95	['B3', 'C#4', 'G#1', 'G#2']	[False, False, False, False]	0.45	5
20.1	['B3', 'D4', 'G#1']	[False, True, False]	0.45	6
20.25	['B3', 'D4', 'G#1']	[False, False, False]	0.45	6
20.4	['B3', 'D4', 'G#1']	[False, False, False]	0.45	6
20.55	['A1', 'A2', 'B3', 'C#4']	[True, True, False, True]	0.15	6
20.7	['A1', 'A2', 'A3', 'C#4']	[False, False, True, False]	0.9	6
20.85	['A1', 'A2', 'A3', 'C#4']	[False, False, False, False]	0.9	6
21.0	['A1', 'A2', 'A3', 'C#4']	[False, False, False, False]	0.9	6
21.15	['A1', 'A2', 'A3', 'C#4']	[False, False, False, False]	0.9	6
21.3	['A1', 'A2', 'A3', 'C#4']	[False, False, False, False]	0.9	6
21.45	['A1', 'A2', 'A3', 'C#4']	[False, False, False, False]	0.9	6
21.6	['A2', 'A3', 'C#4']	[True, True, False]	0.9	6
21.75	['A2', 'A3', 'C#4']	[False, False, False]	0.9	6
21.9	['A2', 'A3', 'C#4']	[False, False, False]	0.9	6
22.05	['A2', 'A3', 'C#4']	[False, False, False]	0.9	6
22.2	['A2', 'A3', 'C#4']	[False, False, False]	0.9	6
22.35	['A2', 'A3', 'C#4']	[False, False, False]	0.9	6
22.5	['A2', 'A3', 'B3', 'C#4']	[False, False, True, False]	0.15	6
22.65	['A3', 'B3', 'G2', 'G3']	[False, True, True, True]	0.45	6
22.8	['A3', 'B3', 'G2', 'G3']	[False, False, False, False]	0.45	6
22.95	['A3', 'B3', 'G2', 'G3']	[False, False, False, False]	0.45	6
23.1	['A3', 'G2', 'G3']	[True, False, False]	0.45	6
23.25	['A3', 'G2', 'G3']	[False, False, False]	0.45	6
23.4	['A3', 'G2', 'G3']	[False, False, False]	0.45	6
23.55	['A3', 'G1', 'G2', 'G3']	[False, True, False, False]	0.15	6
23.7	['A3', 'G1', 'G2']	[False, False, True]	0.9	6
23.85	['A3', 'G1', 'G2']	[False, False, False]	0.9	6
24.0	['A3', 'G1', 'G2']	[False, False, False]	0.9	7
24.15	['A3', 'G1', 'G2']	[False, False, False]	0.9	7
24.3	['A3', 'G1', 'G2']	[False, False, False]	0.9	7
24.45	['A3', 'G1', 'G2']	[False, False, False]	0.9	7
24.6	['A3', 'A4', 'F#1', 'F#2', 'G1', 'G2']	[False, True, True, True, False, False]	0.15	7
24.75	['A4', 'F#1', 'F#2']	[True, False, False]	0.45	7
24.9	['A4', 'F#1', 'F#2']	[False, False, False]	0.45	7
25.05	['A4', 'F#1', 'F#2']	[False, False, False]	0.45	7
25.2	['A4', 'F#1']	[False, False]	0.45	7
25.35	['A4', 'F#1']	[False, False]	0.45	7
25.5	['A4', 'F#1']	[False, False]	0.45	7
25.65	['A4', 'C4', 'F#1', 'F#2', 'F#3']	[False, True, False, True, True]	0.15	7
25.8	['A4', 'C4', 'F#2', 'F#3']	[False, False, False, False]	0.45	7
25.95	['A4', 'C4', 'F#2', 'F#3']	[False, False, False, False]	0.45	7
26.1	['A4', 'C4', 'F#2', 'F#3']	[False, False, False, False]	0.45	7
26.25	['A4', 'B3', 'F#2', 'F#3']	[False, True, False, False]	0.45	7
26.4	['A4', 'B3', 'F#2', 'F#3']	[False, False, False, False]	0.45	7
26.55	['A4', 'B3', 'F#2', 'F#3']	[False, False, False, False]	0.45	7
26.7	['A4', 'B3', 'C4', 'E2', 'E3', 'F#3']	[False, False, True, True, True, False]	0.15	7
26.85	['A4', 'C4', 'E2', 'E3']	[False, False, False, False]	0.6	7
27.0	['A4', 'C4', 'E2', 'E3']	[False, False, False, False]	0.6	7
27.15	['A4', 'C4', 'E2', 'E3']	[False, False, False, False]	0.6	7
27.3	['A4', 'C4', 'E2', 'E3']	[False, False, False, False]	0.6	7
27.45	['A4', 'C4', 'E2']	[False, False, False]	0.3	7
27.6	['A4', 'C4', 'E2']	[False, False, False]	0.3	7
27.75	['A4', 'C4', 'E2', 'E3']	[True, False, True, True]	0.45	7
27.9	['A4', 'C4', 'E2', 'E3']	[False, False, False, False]	0.45	7
28.05	['A4', 'C4', 'E2', 'E3']	[False, False, False, False]	0.45	8
28.2	['A4', 'E2', 'E3']	[False, False, False]	0.15	8
28.35	['A4', 'C4', 'E2']	[False, True, False]	0.3	8
28.5	['A4', 'C4', 'E2']	[False, False, False]	0.3	8
28.65	['A4', 'C4', 'D#2', 'E2']	[False, False, True, False]	0.15	8
28.8	['A4', 'B3', 'D#2', 'D#3']	[False, True, False, True]	0.45	8
28.95	['A4', 'B3', 'D#2', 'D#3']	[False, False, False, False]	0.45	8
29.1	['A4', 'B3', 'D#2', 'D#3']	[False, False, False, False]	0.45	8
29.25	['A4', 'B3', 'D#2', 'D#3', 'F#4']	[False, False, False, False, True]	0.15	8
29.4	['D#2', 'F#4']	[False, False]	0.3	8
29.55	['D#2', 'F#4']	[False, False]	0.3	8
29.7	['F#4']	[False]	0.15	8
29.85	['C4', 'D#2', 'D#3']	[True, True, True]	0.45	8
30.0	['C4', 'D#2', 'D#3']	[False, False, False]	0.45	8
30.15	['C4', 'D#2', 'D#3']	[False, False, False]	0.45	8
30.3	['B3', 'D#2', 'D#3']	[True, False, False]	0.45	8
30.45	['B3', 'D#2', 'D#3']	[False, False, False]	0.45	8
30.6	['B3', 'D#2', 'D#3']	[False, False, False]	0.45	8
30.75	['B1', 'B3', 'D#2', 'D#3']	[True, False, False, False]	0.15	8
30.9	['B1', 'B2', 'E4', 'F#3']	[False, True, True, True]	0.45	8
31.05	['B1', 'B2', 'E4', 'F#3']	[False, False, False, False]	0.45	8
31.2	['B1', 'B2', 'E4', 'F#3']	[False, False, False, False]	0.45	8
31.35	['B1', 'B2', 'D#4', 'E4', 'F#3']	[False, False, True, False, False]	0.15	8
31.5	['B1', 'B2', 'D#4', 'F#3']	[False, False, False, False]	0.3	8
31.65	['B1', 'B2', 'D#4', 'F#3']	[False, False, False, False]	0.3	8
31.8	['A4', 'B1', 'B2', 'D#4', 'F#3']	[True, False, True, False, False]	0.15	8
31.95	['A4', 'B2', 'F#3']	[False, False, False]	0.45	8
32.1	['A4', 'B2', 'F#3']	[False, False, False]	0.45	9
32.25	['A4', 'B2', 'F#3']	[False, False, False]	0.45	9
32.4	['B2', 'F#3', 'G4']	[False, False, True]	0.45	9
32.55	['B2', 'F#3', 'G4']	[False, False, False]	0.45	9
32.7	['B2', 'F#3', 'G4']	[False, False, False]	0.45	9
32.85	['E2', 'G4']	[True, True]	0.15	9
33.0	['B3', 'E2', 'G4']	[True, False, False]	0.3	9
33.15	['B3', 'E2', 'G4']	[False, False, False]	0.3	9
33.3	['B2', 'B3', 'E2', 'G4']	[True, False, False, False]	0.15	9
33.45	['B2', 'B3', 'G4']	[True, False, False]	0.45	9
33.6	['B2', 'B3', 'G4']	[False, False, False]	0.45	9
33.75	['B2', 'B3', 'G4']	[False, False, False]	0.45	9
33.9	['B2', 'B3', 'E3', 'G4']	[False, False, True, False]	0.15	9
34.05	['B3', 'E3', 'G4']	[False, False, False]	0.3	9
34.2	['B3', 'E3', 'G4']	[False, False, False]	0.3	9
34.35	['B3', 'D3', 'E3', 'G4']	[False, True, False, False]	0.15	9
34.5	['B3', 'D3', 'G4']	[False, True, False]	0.45	9
34.65	['B3', 'D3', 'G4']	[False, False, False]	0.45	9
34.8	['B3', 'D3', 'G4']	[False, False, False]	0.45	9
34.95	['B3', 'D3', 'E3', 'G4']	[False, False, True, False]	0.15	9
35.1	['B3', 'E3', 'G4']	[False, False, False]	0.3	9
35.25	['B3', 'E3', 'G4']	[False, False, False]	0.3	9
35.4	['B3', 'E3', 'F#3', 'G4']	[False, False, True, False]	0.15	9
35.55	['B3', 'F#3', 'G4']	[False, False, False]	0.45	9
35.7	['B3', 'F#3', 'G4']	[False, False, False]	0.45	9
35.85	['B3', 'F#3', 'G4']	[False, False, False]	0.45	9
36.0	['B3', 'G3', 'G4']	[False, True, False]	0.45	10
36.15	['B3', 'G3', 'G4']	[False, False, False]	0.45	10
36.3	['B3', 'G3', 'G4']	[False, False, False]	0.45	10
36.45	['B3', 'E3', 'G3', 'G4']	[False, True, False, False]	0.15	10
36.6	['B3', 'E3', 'G4']	[False, False, False]	0.45	10
36.75	['B3', 'E3', 'G4']	[False, False, False]	0.45	10
36.9	['B3', 'E3', 'G4']	[False, False, False]	0.45	10
37.05	['A2', 'G3', 'G4']	[True, True, False]	0.45	10
37.2	['A2', 'G3', 'G4']	[False, False, False]	0.45	10
37.35	['A2', 'G3', 'G4']	[False, False, False]	0.45	10
37.5	['A2', 'E4', 'G3']	[False, True, False]	0.6	10
37.65	['A2', 'E4', 'G3']	[False, False, False]	0.6	10
37.8	['A2', 'E4', 'G3']	[False, False, False]	0.6	10
37.95	['A2', 'E4', 'G3']	[False, False, False]	0.6	10
38.1	['A2', 'B3', 'G3']	[False, True, False]	0.45	10
38.25	['A2', 'B3', 'G3']	[False, False, False]	0.45	10
38.4	['A2', 'B3', 'G3']	[False, False, False]	0.45	10
38.55	['A2', 'A3', 'G3']	[False, True, False]	0.45	10
38.7	['A2', 'A3', 'G3']	[False, False, False]	0.45	10
38.85	['A2', 'A3', 'G3']	[False, False, False]	0.45	10
39.0	['A2', 'A3', 'D4', 'E3', 'G3']	[False, False, True, True, False]	0.15	10
39.15	['A2', 'D4', 'E2', 'E3']	[False, False, True, False]	0.45	10
39.3	['A2', 'D4', 'E2', 'E3']	[False, False, False, False]	0.45	10
39.45	['A2', 'D4', 'E2', 'E3']	[False, False, False, False]	0.45	10
39.6	['A2', 'C#4', 'E2', 'E3']	[False, True, False, False]	0.45	10
39.75	['A2', 'C#4', 'E2', 'E3']	[False, False, False, False]	0.45	10
39.9	['A2', 'C#4', 'E2', 'E3']	[False, False, False, False]	0.45	10
40.05	['A1', 'A3', 'C#4', 'E3', 'G4']	[True, True, False, False, True]	0.15	11
40.2	['A1', 'A3', 'G4']	[False, False, False]	0.45	11
40.35	['A1', 'A3', 'G4']	[False, False, False]	0.45	11
40.5	['A1', 'A3', 'G4']	[False, False, False]	0.45	11
40.65	['A1', 'A3', 'F#4']	[False, False, True]	0.45	11
40.8	['A1', 'A3', 'F#4']	[False, False, False]	0.45	11
40.95	['A1', 'A3', 'F#4']	[False, False, False]	0.45	11
41.1	['A1', 'A3', 'D2', 'D3', 'F#4']	[False, True, True, True, True]	0.15	11
41.25	['A3', 'D2', 'D3', 'F#4']	[False, False, False, False]	0.9	11
41.4	['A3', 'D2', 'D3', 'F#4']	[False, False, False, False]	0.9	11
41.55	['A3', 'D2', 'D3', 'F#4']	[False, False, False, False]	0.9	11
41.7	['A3', 'D2', 'D3', 'F#4']	[False, False, False, False]	0.9	11
41.85	['A3', 'D2', 'D3', 'F#4']	[False, False, False, False]	0.9	11
42.0	['A3', 'D2', 'D3', 'F#4']	[False, False, False, False]	0.9	11
42.15	['A3', 'D3', 'D4', 'F#4']	[False, True, True, False]	1.05	11
42.3	['A3', 'D3', 'D4', 'F#4']	[False, False, False, False]	1.05	11
42.45	['A3', 'D3', 'D4', 'F#4']	[False, False, False, False]	1.05	11
42.6	['A3', 'D3', 'D4', 'F#4']	[False, False, False, False]	1.05	11
42.75	['A3', 'D3', 'D4', 'F#4']	[False, False, False, False]	1.05	11
42.9	['A3', 'D3', 'D4', 'F#4']	[False, False, False, False]	1.05	11
43.05	['A3', 'D3', 'D4', 'F#4']	[False, False, False, False]	1.05	11
43.2	['A3', 'C#3', 'C#4', 'F#4']	[False, True, True, False]	0.9	11
43.35	['A3', 'C#3', 'C#4', 'F#4']	[False, False, False, False]	0.9	11
43.5	['A3', 'C#3', 'C#4', 'F#4']	[False, False, False, False]	0.9	11
43.65	['A3', 'C#3', 'C#4', 'F#4']	[False, False, False, False]	0.9	11
43.8	['A3', 'C#3', 'C#4', 'F#4']	[False, False, False, False]	0.9	11
43.95	['A3', 'C#3', 'C#4', 'F#4']	[False, False, False, False]	0.9	11
44.1	['A3', 'C#2', 'C#3', 'C#4', 'F#4']	[False, True, False, False, False]	0.15	12
44.25	['A3', 'C#2', 'C#3', 'G#4']	[False, False, True, True]	0.45	12
44.4	['A3', 'C#2', 'C#3', 'G#4']	[False, False, False, False]	0.45	12
44.55	['A3', 'C#2', 'C#3', 'G#4']	[False, False, False, False]	0.45	12
44.7	['A3', 'A4', 'C#2', 'C#3']	[False, True, False, False]	0.6	12
44.85	['A3', 'A4', 'C#2', 'C#3']	[False, False, False, False]	0.6	12
45.0	['A3', 'A4', 'C#2', 'C#3']	[False, False, False, False]	0.6	12
45.15	['A3', 'A4', 'C#2', 'C#3']	[False, False, False, False]	0.6	12
45.3	['A3', 'B1', 'B2', 'D4']	[False, True, True, True]	0.15	12
45.45	['B1', 'B2', 'D4']	[False, False, False]	0.3	12
45.6	['B1', 'B2', 'D4']	[False, False, False]	0.3	12
45.75	['B1', 'D4']	[False, False]	0.45	12
45.9	['B1', 'D4']	[False, False]	0.45	12
46.05	['B1', 'D4']	[False, False]	0.45	12
46.2	['B1', 'B2', 'D4', 'G#3']	[False, True, True, True]	0.15	12
46.35	['B2', 'D4', 'G#3']	[False, False, True]	0.15	12
46.5	['B2', 'E4', 'G#3']	[False, True, False]	0.3	12
46.65	['B2', 'E4', 'G#3']	[False, False, False]	0.3	12
46.8	['A3', 'B2', 'F#4']	[True, False, True]	0.45	12
46.95	['A3', 'B2', 'F#4']	[False, False, False]	0.45	12
47.1	['A3', 'B2', 'F#4']	[False, False, False]	0.45	12
47.25	['A3', 'B2', 'B3', 'F#4', 'G#2']	[False, False, True, False, True]	0.15	12
47.4	['B3', 'F#4', 'G#2']	[False, False, False]	0.45	12
47.55	['B3', 'F#4', 'G#2']	[False, False, False]	0.45	12
47.7	['B3', 'F#4', 'G#2']	[False, False, False]	0.45	12
47.85	['B3', 'E4', 'G#2']	[False, True, False]	0.45	12
48.0	['B3', 'E4', 'G#2']	[False, False, False]	0.45	13
48.15	['B3', 'E4', 'G#2']	[False, False, False]	0.45	13
48.3	['B3', 'E2', 'E4', 'G#3']	[False, True, True, True]	0.15	13
48.45	['E2', 'E4', 'G#3']	[False, False, False]	0.3	13
48.6	['E2', 'E4', 'G#3']	[False, False, False]	0.3	13
48.75	['D4', 'E2', 'E4', 'G#3']	[True, False, False, False]	0.15	13
48.9	['D4', 'E2', 'G#3']	[True, False, False]	0.45	13
49.05	['D4', 'E2', 'G#3']	[False, False, False]	0.45	13
49.2	['D4', 'E2', 'G#3']	[False, False, False]	0.45	13
49.35	['A2', 'A3', 'C#4', 'D4', 'G#3']	[True, True, True, False, False]	0.15	13
49.5	['A2', 'A3', 'C#4']	[False, False, False]	0.3	13
49.65	['A2', 'A3', 'C#4']	[False, False, False]	0.3	13
49.8	['A2', 'A3', 'B3', 'C#4']	[False, False, True, False]	0.15	13
49.95	['A2', 'A3', 'B3']	[False, False, False]	0.45	13
50.1	['A2', 'A3', 'B3']	[False, False, False]	0.45	13
50.25	['A2', 'A3', 'B3']	[False, False, False]	0.45	13
50.4	['B3', 'D2', 'D3', 'F#3']	[True, True, True, True]	0.15	13
50.55	['B3', 'C#4', 'D2', 'D3', 'F#3']	[False, True, False, False, False]	0.15	13
50.7	['C#4', 'D2', 'D3', 'F#3']	[True, False, False, False]	0.15	13
50.85	['C#4', 'D2', 'D3', 'D4', 'F#3']	[False, False, False, True, False]	0.15	13
51.0	['D2', 'D3', 'D4', 'F#3']	[False, False, False, False]	0.45	13
51.15	['D2', 'D3', 'D4', 'F#3']	[False, False, False, False]	0.45	13
51.3	['D2', 'D3', 'D4', 'F#3']	[False, False, False, False]	0.45	13
51.45	['D4', 'E2', 'E3']	[False, True, True]	0.9	13
51.6	['D4', 'E2', 'E3']	[False, False, False]	0.9	13
51.75	['D4', 'E2', 'E3']	[False, False, False]	0.9	13
51.9	['D4', 'E2', 'E3']	[False, False, False]	0.9	13
52.05	['D4', 'E2', 'E3']	[False, False, False]	0.9	14
52.2	['D4', 'E2', 'E3']	[False, False, False]	0.9	14
52.35	['D4', 'E3']	[False, False]	0.15	14
52.5	['C#4', 'D3', 'E2']	[True, True, True]	0.45	14
52.65	['C#4', 'D3', 'E2']	[False, False, False]	0.45	14
52.8	['C#4', 'D3', 'E2']	[False, False, False]	0.45	14
52.95	['B3', 'D3', 'E2']	[True, False, False]	0.45	14
53.1	['B3', 'D3', 'E2']	[False, False, False]	0.45	14
53.25	['B3', 'D3', 'E2']	[False, False, False]	0.45	14
53.4	['A3', 'B3', 'D3', 'E2']	[True, False, False, False]	0.15	14
53.55	['A1', 'A2', 'A3']	[True, True, False]	0.45	14
53.7	['A1', 'A2', 'A3']	[False, False, False]	0.45	14
53.85	['A1', 'A2', 'A3']	[False, False, False]	0.45	14
54.0	['A3', 'B1', 'B2']	[False, True, True]	0.45	14
54.15	['A3', 'B1', 'B2']	[False, False, False]	0.45	14
54.3	['A3', 'B1', 'B2']	[False, False, False]	0.45	14
54.45	['A3', 'B1', 'B2', 'C#2', 'C#3']	[False, False, False, True, True]	0.15	14
54.6	['A3', 'C#2', 'C#3']	[False, False, False]	0.45	14
54.75	['A3', 'C#2', 'C#3']	[False, False, False]	0.45	14
54.9	['A3', 'C#2', 'C#3']	[False, False, False]	0.45	14
55.05	['A3', 'D2', 'D3']	[False, True, True]	0.45	14
55.2	['A3', 'D2', 'D3']	[False, False, False]	0.45	14
55.35	['A3', 'D2', 'D3']	[False, False, False]	0.45	14
55.5	['A3', 'D3', 'E2', 'E3']	[False, False, True, True]	0.15	14
55.65	['A3', 'E2', 'E3']	[False, False, False]	0.3	14
55.8	['A3', 'E2', 'E3']	[False, False, False]	0.3	14
55.95	['A3', 'E2', 'E3', 'G2', 'G3']	[False, False, False, True, True]	0.15	14
56.1	['A3', 'G2', 'G3']	[False, False, True]	0.45	15
56.25	['A3', 'G2', 'G3']	[False, False, False]	0.45	15
56.4	['A3', 'G2', 'G3']	[False, False, False]	0.45	15
56.55	['A3', 'F#2', 'F#3', 'G2', 'G3']	[False, True, True, False, False]	0.15	15
56.7	['A3', 'F#2', 'F#3']	[False, False, False]	0.3	15
56.85	['A3', 'F#2', 'F#3']	[False, False, False]	0.3	15
57.0	['A3', 'E2', 'E3', 'F#2', 'F#3']	[False, True, True, False, False]	0.15	15
57.15	['A3', 'E2', 'E3']	[False, False, False]	0.3	15
57.3	['A3', 'E2', 'E3']	[False, False, False]	0.3	15
57.45	['A3', 'E2']	[False, False]	0.15	15
57.6	['A3', 'D2', 'D3', 'F#4', 'F#5']	[True, True, True, True, True]	1.05	15
57.75	['A3', 'D2', 'D3', 'F#4', 'F#5']	[False, False, False, False, False]	1.05	15
57.9	['A3', 'D2', 'D3', 'F#4', 'F#5']	[False, False, False, False, False]	1.05	15
58.05	['A3', 'D2', 'D3', 'F#4', 'F#5']	[False, False, False, False, False]	1.05	15
58.2	['A3', 'D2', 'D3', 'F#4', 'F#5']	[False, False, False, False, False]	1.05	15
58.35	['A3', 'D2', 'D3', 'F#4', 'F#5']	[False, False, False, False, False]	1.05	15
58.5	['A3', 'D2', 'D3', 'F#4', 'F#5']	[False, False, False, False, False]	1.05	15
58.65	['A3', 'D3', 'D4', 'F#4', 'F#5']	[False, True, True, False, False]	1.05	15
58.8	['A3', 'D3', 'D4', 'F#4', 'F#5']	[False, False, False, False, False]	1.05	15
58.95	['A3', 'D3', 'D4', 'F#4', 'F#5']	[False, False, False, False, False]	1.05	15
59.1	['A3', 'D3', 'D4', 'F#4', 'F#5']	[False, False, False, False, False]	1.05	15
59.25	['A3', 'D3', 'D4', 'F#4', 'F#5']	[False, False, False, False, False]	1.05	15
59.4	['A3', 'D3', 'D4', 'F#4', 'F#5']	[False, False, False, False, False]	1.05	15
59.55	['A3', 'D3', 'D4', 'F#4', 'F#5']	[False, False, False, False, False]	1.05	15
59.7	['A3', 'C#3', 'C#4', 'F#4', 'F#5']	[False, True, True, False, False]	0.9	15
59.85	['A3', 'C#3', 'C#4', 'F#4', 'F#5']	[False, False, False, False, False]	0.9	15
60.0	['A3', 'C#3', 'C#4', 'F#4', 'F#5']	[False, False, False, False, False]	0.9	16
60.15	['A3', 'C#3', 'C#4', 'F#4', 'F#5']	[False, False, False, False, False]	0.9	16
60.3	['A3', 'C#3', 'C#4', 'F#4', 'F#5']	[False, False, False, False, False]	0.9	16
60.45	['A3', 'C#3', 'C#4', 'F#4', 'F#5']	[False, False, False, False, False]	0.9	16
60.6	['A3', 'C#2', 'C#3', 'C#4', 'F#4', 'F#5']	[False, True, True, False, False, False]	0.15	16
60.75	['A3', 'C#2', 'C#3', 'F#4', 'F#5']	[False, False, False, False, False]	0.9	16
60.9	['A3', 'C#2', 'C#3', 'F#4', 'F#5']	[False, False, False, False, False]	0.9	16
61.05	['A3', 'C#2', 'C#3', 'F#4', 'F#5']	[False, False, False, False, False]	0.9	16
61.2	['A3', 'C#2', 'C#3', 'F#4', 'F#5']	[False, False, False, False, False]	0.9	16
61.35	['A3', 'C#2', 'C#3', 'F#4', 'F#5']	[False, False, False, False, False]	0.9	16
61.5	['A3', 'C#2', 'C#3', 'F#4', 'F#5']	[False, False, False, False, False]	0.9	16
61.65	['A3', 'B1', 'B2', 'C#2', 'C#3', 'F#4', 'F#5']	[False, True, True, False, False, False, False]	0.15	16
61.8	['A3', 'B1', 'B2', 'F#4', 'F#5']	[False, False, False, False, False]	0.9	16
61.95	['A3', 'B1', 'B2', 'F#4', 'F#5']	[False, False, False, False, False]	0.9	16
62.1	['A3', 'B1', 'B2', 'F#4', 'F#5']	[False, False, False, False, False]	0.9	16
62.25	['A3', 'B1', 'B2', 'F#4', 'F#5']	[False, False, False, False, False]	0.9	16
62.4	['A3', 'B1', 'B2', 'F#4', 'F#5']	[False, False, False, False, False]	0.9	16
62.55	['A3', 'B1', 'B2', 'F#4', 'F#5']	[False, False, False, False, False]	0.9	16
62.7	['A3', 'B2', 'B3', 'F#4', 'F#5']	[False, True, True, False, False]	1.05	16
62.85	['A3', 'B2', 'B3', 'F#4', 'F#5']	[False, False, False, False, False]	1.05	16
63.0	['A3', 'B2', 'B3', 'F#4', 'F#5']	[False, False, False, False, False]	1.05	16
63.15	['A3', 'B2', 'B3', 'F#4', 'F#5']	[False, False, False, False, False]	1.05	16
63.3	['A3', 'B2', 'B3', 'F#4', 'F#5']	[False, False, False, False, False]	1.05	16
63.45	['A3', 'B2', 'B3', 'F#4', 'F#5']	[False, False, False, False, False]	1.05	16
63.6	['A3', 'B2', 'B3', 'F#4', 'F#5']	[False, False, False, False, False]	1.05	16
63.75	['A2', 'A3', 'B3', 'F#4', 'F#5']	[True, True, False, False, False]	0.15	16
63.9	['A2', 'A3', 'F#4', 'F#5']	[False, False, False, False]	0.9	16
64.05	['A2', 'A3', 'F#4', 'F#5']	[False, False, False, False]	0.9	17
64.2	['A2', 'A3', 'F#4', 'F#5']	[False, False, False, False]	0.9	17
64.35	['A2', 'A3', 'F#4', 'F#5']	[False, False, False, False]	0.9	17
64.5	['A2', 'A3', 'F#4', 'F#5']	[False, False, False, False]	0.9	17
64.65	['A2', 'A3', 'F#4', 'F#5']	[False, False, False, False]	0.9	17
64.8	['A1', 'A2', 'A3', 'F#4', 'F#5']	[True, True, False, False, False]	0.9	17
64.95	['A1', 'A2', 'A3', 'F#4', 'F#5']	[False, False, False, False, False]	0.9	17
65.1	['A1', 'A2', 'A3', 'F#4', 'F#5']	[False, False, False, False, False]	0.9	17
65.25	['A1', 'A2', 'A3', 'F#4', 'F#5']	[False, False, False, False, False]	0.9	17
65.4	['A1', 'A2', 'A3', 'F#4', 'F#5']	[False, False, False, False, False]	0.9	17
65.55	['A1', 'A2', 'A3', 'F#4', 'F#5']	[False, False, False, False, False]	0.9	17
65.7	['A1', 'A2', 'A3', 'B3', 'F#4', 'F#5']	[False, False, False, True, False, False]	0.15	17
65.85	['B3', 'F#4', 'F#5', 'G1', 'G2']	[False, False, False, True, True]	0.9	17
66.0	['B3', 'F#4', 'F#5', 'G1', 'G2']	[False, False, False, False, False]	0.9	17
66.15	['B3', 'F#4', 'F#5', 'G1', 'G2']	[False, False, False, False, False]	0.9	17
66.3	['B3', 'F#4', 'F#5', 'G1', 'G2']	[False, False, False, False, False]	0.9	17
66.45	['B3', 'F#4', 'F#5', 'G1', 'G2']	[False, False, False, False, False]	0.9	17
66.6	['B3', 'F#4', 'F#5', 'G1', 'G2']	[False, False, False, False, False]	0.9	17
66.75	['B3', 'B4', 'B5', 'F#4', 'F#5', 'G1', 'G2']	[False, True, True, False, False, False, True]	0.15	17
66.9	['B3', 'B4', 'B5', 'G2', 'G3']	[False, True, False, False, True]	0.45	17
67.05	['B3', 'B4', 'B5', 'G2', 'G3']	[False, False, False, False, False]	0.45	17
67.2	['B3', 'B4', 'B5', 'G2', 'G3']	[False, False, False, False, False]	0.45	17
67.35	['B3', 'B4', 'G2', 'G3', 'G4', 'G5']	[False, False, False, False, True, True]	0.15	17
67.5	['B3', 'G2', 'G3', 'G4', 'G5']	[False, False, False, False, False]	0.3	17
67.65	['B3', 'G2', 'G3', 'G4', 'G5']	[False, False, False, False, False]	0.3	17
67.8	['B3', 'E4', 'E5', 'G#2', 'G#3', 'G2', 'G3', 'G4', 'G5']	[False, True, True, True, True, False, False, False, False]	0.15	17
67.95	['B3', 'E4', 'E5', 'G#2', 'G#3']	[False, True, False, False, False]	0.45	17
68.1	['B3', 'E4', 'E5', 'G#2', 'G#3']	[False, False, False, False, False]	0.45	18
68.25	['B3', 'E4', 'E5', 'G#2', 'G#3']	[False, False, False, False, False]	0.45	18
68.4	['B3', 'D4', 'D5', 'G#2', 'G#3']	[False, True, True, False, False]	0.45	18
68.55	['B3', 'D4', 'D5', 'G#2', 'G#3']	[False, False, False, False, False]	0.45	18
68.7	['B3', 'D4', 'D5', 'G#2', 'G#3']	[False, False, False, False, False]	0.45	18
68.85	['B3', 'C#4', 'C#5', 'D4', 'D5', 'G#1', 'G#2']	[False, True, True, False, False, True, True]	0.15	18
69.0	['B3', 'C#4', 'C#5', 'G#1', 'G#2']	[False, False, False, False, False]	0.45	18
69.15	['B3', 'C#4', 'C#5', 'G#1', 'G#2']	[False, False, False, False, False]	0.45	18
69.3	['B3', 'C#4', 'C#5', 'G#1', 'G#2']	[False, False, False, False, False]	0.45	18
69.45	['B3', 'D4', 'D5', 'G#1', 'G#2']	[False, True, True, False, False]	0.15	18
69.6	['B3', 'D4', 'D5', 'G#1']	[False, False, False, False]	0.3	18
69.75	['B3', 'D4', 'D5', 'G#1']	[False, False, False, False]	0.3	18
69.9	['A1', 'A2', 'B3', 'C#4', 'C#5', 'D4', 'D5']	[True, True, False, True, True, False, False]	0.15	18
70.05	['A1', 'A2', 'A3', 'C#4', 'C#5']	[False, False, True, False, False]	0.9	18
70.2	['A1', 'A2', 'A3', 'C#4', 'C#5']	[False, False, False, False, False]	0.9	18
70.35	['A1', 'A2', 'A3', 'C#4', 'C#5']	[False, False, False, False, False]	0.9	18
70.5	['A1', 'A2', 'A3', 'C#4', 'C#5']	[False, False, False, False, False]	0.9	18
70.65	['A1', 'A2', 'A3', 'C#4', 'C#5']	[False, False, False, False, False]	0.9	18
70.8	['A1', 'A2', 'A3', 'C#4', 'C#5']	[False, False, False, False, False]	0.9	18
70.95	['A2', 'A3', 'C#4', 'C#5']	[True, True, False, False]	0.9	18
71.1	['A2', 'A3', 'C#4', 'C#5']	[False, False, False, False]	0.9	18
71.25	['A2', 'A3', 'C#4', 'C#5']	[False, False, False, False]	0.9	18
71.4	['A2', 'A3', 'C#4', 'C#5']	[False, False, False, False]	0.9	18
71.55	['A2', 'A3', 'C#4', 'C#5']	[False, False, False, False]	0.9	18
71.7	['A2', 'A3', 'C#4', 'C#5']	[False, False, False, False]	0.9	18
71.85	['A2', 'A3', 'B3', 'B4', 'C#4', 'C#5']	[False, False, True, True, False, False]	0.15	18
72.0	['A3', 'B3', 'B4', 'G2', 'G3']	[False, True, False, True, True]	0.45	19
72.15	['A3', 'B3', 'B4', 'G2', 'G3']	[False, False, False, False, False]	0.45	19
72.3	['A3', 'B3', 'B4', 'G2', 'G3']	[False, False, False, False, False]	0.45	19
72.45	['A3', 'A4', 'B3', 'G2', 'G3']	[True, True, False, False, False]	0.15	19
72.6	['A3', 'A4', 'G2', 'G3']	[False, False, False, False]	0.45	19
72.75	['A3', 'A4', 'G2', 'G3']	[False, False, False, False]	0.45	19
72.9	['A3', 'A4', 'G2', 'G3']	[False, False, False, False]	0.45	19
73.05	['A3', 'A4', 'G1', 'G2']	[False, False, True, True]	0.9	19
73.2	['A3', 'A4', 'G1', 'G2']	[False, False, False, False]	0.9	19
73.35	['A3', 'A4', 'G1', 'G2']	[False, False, False, False]	0.9	19
73.5	['A3', 'A4', 'G1', 'G2']	[False, False, False, False]	0.9	19
73.65	['A3', 'A4', 'G1', 'G2']	[False, False, False, False]	0.9	19
73.8	['A3', 'A4', 'G1', 'G2']	[False, False, False, False]	0.9	19
73.95	['A3', 'A4', 'A5', 'F#1', 'G1', 'G2']	[False, True, True, True, False, False]	0.15	19
74.1	['A4', 'A5', 'F#1', 'F#2']	[True, False, False, True]	0.45	19
74.25	['A4', 'A5', 'F#1', 'F#2']	[False, False, False, False]	0.45	19
74.4	['A4', 'A5', 'F#1', 'F#2']	[False, False, False, False]	0.45	19
74.55	['A4', 'A5', 'F#1']	[False, False, False]	0.45	19
74.7	['A4', 'A5', 'F#1']	[False, False, False]	0.45	19
74.85	['A4', 'A5', 'F#1']	[False, False, False]	0.45	19
75.0	['A4', 'A5', 'C4', 'F#1', 'F#2']	[False, False, True, False, True]	0.15	19
75.15	['A4', 'A5', 'C4', 'F#2']	[False, False, False, False]	0.45	19
75.3	['A4', 'A5', 'C4', 'F#2']	[False, False, False, False]	0.45	19
75.45	['A4', 'A5', 'C4', 'F#2']	[False, False, False, False]	0.45	19
75.6	['A4', 'A5', 'B3', 'C4', 'F#2']	[False, False, True, False, False]	0.15	19
75.75	['A4', 'A5', 'B3', 'F#2']	[False, False, False, False]	0.3	19
75.9	['A4', 'A5', 'B3', 'F#2']	[False, False, False, False]	0.3	19
76.05	['A4', 'A5', 'B3', 'C4', 'E2', 'E3']	[False, False, False, True, True, True]	0.15	20
76.2	['A4', 'A5', 'C4', 'E2', 'E3']	[False, False, False, False, False]	0.6	20
76.35	['A4', 'A5', 'C4', 'E2', 'E3']	[False, False, False, False, False]	0.6	20
76.5	['A4', 'A5', 'C4', 'E2', 'E3']	[False, False, False, False, False]	0.6	20
76.65	['A4', 'A5', 'C4', 'E2', 'E3']	[False, False, False, False, False]	0.6	20
76.8	['A4', 'A5', 'C4', 'E2']	[False, False, False, False]	0.3	20
76.95	['A4', 'A5', 'C4', 'E2']	[False, False, False, False]	0.3	20
77.1	['A4', 'A5', 'C4', 'E2', 'E3']	[True, False, False, True, True]	1.05	20
77.25	['A4', 'A5', 'C4', 'E2', 'E3']	[False, False, False, False, False]	1.05	20
77.4	['A4', 'A5', 'C4', 'E2', 'E3']	[False, False, False, False, False]	1.05	20
77.55	['A4', 'A5', 'C4', 'E2', 'E3']	[False, False, True, False, False]	1.05	20
77.7	['A4', 'A5', 'C4', 'E2', 'E3']	[False, False, False, False, False]	1.05	20
77.85	['A4', 'A5', 'C4', 'E2', 'E3']	[False, False, False, False, False]	1.05	20
78.0	['A4', 'A5', 'C4', 'E2', 'E3']	[False, False, False, False, False]	1.05	20
78.15	['A4', 'A5', 'B3', 'D#2', 'D#3', 'E3']	[False, False, True, True, True, False]	0.15	20
78.3	['A4', 'A5', 'B3', 'D#2', 'D#3']	[False, False, False, False, False]	0.3	20
78.45	['A4', 'A5', 'B3', 'D#2', 'D#3']	[False, False, False, False, False]	0.3	20
78.6	['A4', 'A5', 'B3', 'D#2', 'D#3', 'F#4', 'F#5']	[False, False, False, False, False, True, True]	0.15	20
78.75	['B3', 'D#2', 'D#3', 'F#4', 'F#5']	[False, False, False, True, False]	0.15	20
78.9	['B3', 'D#2', 'F#4', 'F#5']	[False, False, False, False]	0.3	20
79.05	['B3', 'D#2', 'F#4', 'F#5']	[False, False, False, False]	0.3	20
79.2	['B3', 'C4', 'C5', 'D#2', 'D#3', 'F#4']	[False, True, True, True, True, False]	0.15	20
79.35	['B3', 'C4', 'C5', 'D#2', 'D#3']	[False, False, False, False, False]	0.3	20
79.5	['B3', 'C4', 'C5', 'D#2', 'D#3']	[False, False, False, False, False]	0.3	20
79.65	['B3', 'B4', 'D#2', 'D#3']	[True, True, False, False]	0.6	20
79.8	['B3', 'B4', 'D#2', 'D#3']	[False, False, False, False]	0.6	20
79.95	['B3', 'B4', 'D#2', 'D#3']	[False, False, False, False]	0.6	20
80.1	['B3', 'B4', 'D#2', 'D#3']	[False, False, False, False]	0.6	21
80.25	['B1', 'B2', 'B3', 'E4', 'E5', 'F#3']	[True, True, False, True, True, True]	0.45	21
80.4	['B1', 'B2', 'B3', 'E4', 'E5', 'F#3']	[False, False, False, False, False, False]	0.45	21
80.55	['B1', 'B2', 'B3', 'E4', 'E5', 'F#3']	[False, False, False, False, False, False]	0.45	21
80.7	['B1', 'B2', 'B3', 'D#4', 'D#5', 'E4', 'E5', 'F#3']	[False, False, False, True, True, False, False, False]	0.15	21
80.85	['B1', 'B2', 'B3', 'D#4', 'D#5', 'F#3']	[False, False, False, False, False, False]	0.3	21
81.0	['B1', 'B2', 'B3', 'D#4', 'D#5', 'F#3']	[False, False, False, False, False, False]	0.3	21
81.15	['A4', 'A5', 'B1', 'B2', 'B3', 'D#4', 'D#5', 'F#3']	[True, True, False, True, False, False, False, False]	0.15	21
81.3	['A4', 'A5', 'B2', 'F#3']	[True, False, False, False]	0.45	21
81.45	['A4', 'A5', 'B2', 'F#3']	[False, False, False, False]	0.45	21
81.6	['A4', 'A5', 'B2', 'F#3']	[False, False, False, False]	0.45	21
81.75	['A4', 'B2', 'F#3', 'G4', 'G5']	[False, False, False, True, True]	0.15	21
81.9	['B2', 'F#3', 'G4', 'G5']	[False, False, False, False]	0.3	21
82.05	['B2', 'F#3', 'G4', 'G5']	[False, False, False, False]	0.3	21
82.2	['B2', 'E2']	[False, True]	0.15	21
82.35	['B3', 'E2', 'G4', 'G5']	[True, True, True, True]	0.45	21
82.5	['B3', 'E2', 'G4', 'G5']	[False, False, False, False]	0.45	21
82.65	['B3', 'E2', 'G4', 'G5']	[False, False, False, False]	0.45	21
82.8	['B2', 'B3', 'G4', 'G5']	[True, False, False, False]	0.45	21
82.95	['B2', 'B3', 'G4', 'G5']	[False, False, False, False]	0.45	21
83.1	['B2', 'B3', 'G4', 'G5']	[False, False, False, False]	0.45	21
83.25	['B3', 'E3', 'G4', 'G5']	[False, True, False, False]	0.6	21
83.4	['B3', 'E3', 'G4', 'G5']	[False, False, False, False]	0.6	21
83.55	['B3', 'E3', 'G4', 'G5']	[False, False, False, False]	0.6	21
83.7	['B3', 'E3', 'G4', 'G5']	[False, False, False, False]	0.6	21
83.85	['B3', 'D3', 'G4', 'G5']	[False, True, False, False]	0.45	21
84.0	['B3', 'D3', 'G4', 'G5']	[False, False, False, False]	0.45	22
84.15	['B3', 'D3', 'G4', 'G5']	[False, False, False, False]	0.45	22
84.3	['B3', 'E3', 'G4', 'G5']	[False, True, False, False]	0.45	22
84.45	['B3', 'E3', 'G4', 'G5']	[False, False, False, False]	0.45	22
84.6	['B3', 'E3', 'G4', 'G5']	[False, False, False, False]	0.45	22
84.75	['B3', 'E3', 'F#3', 'G4', 'G5']	[False, False, True, False, False]	0.15	22
84.9	['B3', 'F#3', 'G4', 'G5']	[False, True, False, False]	0.45	22
85.05	['B3', 'F#3', 'G4', 'G5']	[False, False, False, False]	0.45	22
85.2	['B3', 'F#3', 'G4', 'G5']	[False, False, False, False]	0.45	22
85.35	['B3', 'G3', 'G4', 'G5']	[False, True, False, False]	0.45	22
85.5	['B3', 'G3', 'G4', 'G5']	[False, False, False, False]	0.45	22
85.65	['B3', 'G3', 'G4', 'G5']	[False, False, False, False]	0.45	22
85.8	['B3', 'E3', 'G3', 'G4', 'G5']	[False, True, False, False, False]	0.15	22
85.95	['B3', 'E3', 'G4', 'G5']	[False, True, False, False]	0.45	22
86.1	['B3', 'E3', 'G4', 'G5']	[False, False, False, False]	0.45	22
86.25	['B3', 'E3', 'G4', 'G5']	[False, False, False, False]	0.45	22
86.4	['A2', 'E3', 'G4', 'G5']	[True, False, False, False]	0.15	22
86.55	['A2', 'G4', 'G5']	[False, False, False]	0.3	22
86.7	['A2', 'G4', 'G5']	[False, False, False]	0.3	22
86.85	['A2', 'E4', 'E5']	[False, True, True]	0.6	22
87.0	['A2', 'E4', 'E5']	[False, False, False]	0.6	22
87.15	['A2', 'E4', 'E5']	[False, False, False]	0.6	22
87.3	['A2', 'E4', 'E5']	[False, False, False]	0.6	22
87.45	['A2', 'B3', 'B4']	[False, True, True]	0.45	22
87.6	['A2', 'B3', 'B4']	[False, False, False]	0.45	22
87.75	['A2', 'B3', 'B4']	[False, False, False]	0.45	22
87.9	['A2', 'A3', 'A4']	[False, True, True]	0.45	22
88.05	['A2', 'A3', 'A4']	[False, False, False]	0.45	23
88.2	['A2', 'A3', 'A4']	[False, False, False]	0.45	23
88.35	['A2', 'A3', 'A4', 'D4', 'D5']	[False, False, False, True, True]	0.15	23
88.5	['A2', 'D4', 'D5', 'E2', 'E3']	[False, True, False, True, True]	0.45	23
88.65	['A2', 'D4', 'D5', 'E2', 'E3']	[False, False, False, False, False]	0.45	23
88.8	['A2', 'D4', 'D5', 'E2', 'E3']	[False, False, False, False, False]	0.45	23
88.95	['A2', 'C#4', 'C#5', 'D4', 'E2', 'E3']	[False, True, True, False, False, False]	0.15	23
89.1	['A2', 'C#4', 'C#5', 'E2', 'E3']	[False, False, False, False, False]	0.3	23
89.25	['A2', 'C#4', 'C#5', 'E2', 'E3']	[False, False, False, False, False]	0.3	23
89.4	['A1', 'A2', 'A3', 'C#4', 'C#5', 'E2', 'E3', 'G4', 'G5']	[True, False, True, False, False, False, False, True, True]	0.15	23
89.55	['A1', 'A2', 'A3', 'G4', 'G5']	[False, False, False, False, False]	0.15	23
89.7	['A1', 'A3', 'G4', 'G5']	[False, False, False, False]	0.3	23
89.85	['A1', 'A3', 'G4', 'G5']	[False, False, False, False]	0.3	23
90.0	['A1', 'A3', 'F#4', 'F#5']	[False, False, True, True]	0.45	23
90.15	['A1', 'A3', 'F#4', 'F#5']	[False, False, False, False]	0.45	23
90.3	['A1', 'A3', 'F#4', 'F#5']	[False, False, False, False]	0.45	23
90.45	['A1', 'D2', 'D3', 'F#4', 'F#5']	[False, True, True, True, True]	0.15	23
90.6	['A3', 'D2', 'D3', 'F#4', 'F#5']	[True, False, False, False, False]	0.9	23
90.75	['A3', 'D2', 'D3', 'F#4', 'F#5']	[False, False, False, False, False]	0.9	23
90.9	['A3', 'D2', 'D3', 'F#4', 'F#5']	[False, False, False, False, False]	0.9	23
91.05	['A3', 'D2', 'D3', 'F#4', 'F#5']	[False, False, False, False, False]	0.9	23
91.2	['A3', 'D2', 'D3', 'F#4', 'F#5']	[False, False, False, False, False]	0.9	23
91.35	['A3', 'D2', 'D3', 'F#4', 'F#5']	[False, False, False, False, False]	0.9	23
91.5	['A3', 'D2', 'D3', 'D4', 'F#4', 'F#5']	[False, False, True, True, False, False]	0.15	23
91.65	['A3', 'D3', 'D4', 'F#4', 'F#5']	[False, False, False, False, False]	0.9	23
91.8	['A3', 'D3', 'D4', 'F#4', 'F#5']	[False, False, False, False, False]	0.9	23
91.95	['A3', 'D3', 'D4', 'F#4', 'F#5']	[False, False, False, False, False]	0.9	23
92.1	['A3', 'D3', 'D4', 'F#4', 'F#5']	[False, False, False, False, False]	0.9	24
92.25	['A3', 'D3', 'D4', 'F#4', 'F#5']	[False, False, False, False, False]	0.9	24
92.4	['A3', 'D3', 'D4', 'F#4', 'F#5']	[False, False, False, False, False]	0.9	24
92.55	['A3', 'C#3', 'C#4', 'D4', 'F#4', 'F#5']	[False, True, True, False, False, False]	0.15	24
92.7	['A3', 'C#3', 'C#4', 'F#4', 'F#5']	[False, False, False, False, False]	0.9	24
92.85	['A3', 'C#3', 'C#4', 'F#4', 'F#5']	[False, False, False, False, False]	0.9	24
93.0	['A3', 'C#3', 'C#4', 'F#4', 'F#5']	[False, False, False, False, False]	0.9	24
93.15	['A3', 'C#3', 'C#4', 'F#4', 'F#5']	[False, False, False, False, False]	0.9	24
93.3	['A3', 'C#3', 'C#4', 'F#4', 'F#5']	[False, False, False, False, False]	0.9	24
93.45	['A3', 'C#3', 'C#4', 'F#4', 'F#5']	[False, False, False, False, False]	0.9	24
93.6	['A3', 'C#2', 'C#3', 'F#4', 'F#5', 'G#4', 'G#5']	[False, True, True, False, False, True, True]	0.15	24
93.75	['A3', 'C#2', 'C#3', 'G#4', 'G#5']	[False, False, False, False, False]	0.3	24
93.9	['A3', 'C#2', 'C#3', 'G#4', 'G#5']	[False, False, False, False, False]	0.3	24
94.05	['A3', 'A4', 'A5', 'C#2', 'C#3', 'G#4', 'G#5']	[False, True, True, False, False, False, False]	0.15	24
94.2	['A3', 'A4', 'A5', 'C#2', 'C#3']	[False, False, False, False, False]	0.45	24
94.35	['A3', 'A4', 'A5', 'C#2', 'C#3']	[False, False, False, False, False]	0.45	24
94.5	['A3', 'A4', 'A5', 'C#2', 'C#3']	[False, False, False, False, False]	0.45	24
94.65	['A3', 'B1', 'B2', 'D4', 'D5']	[False, True, True, True, True]	0.15	24
94.8	['B1', 'B2', 'D4', 'D5']	[False, False, False, False]	0.75	24
94.95	['B1', 'B2', 'D4', 'D5']	[False, False, False, False]	0.75	24
95.1	['B1', 'B2', 'D4', 'D5']	[False, False, False, False]	0.75	24
95.25	['B1', 'B2', 'D4', 'D5']	[False, False, False, False]	0.75	24
95.4	['B1', 'B2', 'D4', 'D5']	[False, False, False, False]	0.75	24
95.55	['B1', 'B2']	[False, True]	0.15	24
95.7	['B2', 'D4', 'D5', 'G#3']	[False, True, True, True]	0.15	24
95.85	['B2', 'D4', 'D5', 'E4', 'E5', 'G#3']	[False, False, False, True, True, False]	0.15	24
96.0	['B2', 'E4', 'E5', 'G#3']	[False, False, False, False]	0.15	25
96.15	['A3', 'B2', 'F#4', 'F#5']	[True, False, True, True]	0.45	25
96.3	['A3', 'B2', 'F#4', 'F#5']	[False, False, False, False]	0.45	25
96.45	['A3', 'B2', 'F#4', 'F#5']	[False, False, False, False]	0.45	25
96.6	['A3', 'B2', 'B3', 'F#4', 'F#5', 'G#2']	[False, False, True, False, False, True]	0.15	25
96.75	['B3', 'F#4', 'F#5', 'G#2']	[True, False, False, False]	0.45	25
96.9	['B3', 'F#4', 'F#5', 'G#2']	[False, False, False, False]	0.45	25
97.05	['B3', 'F#4', 'F#5', 'G#2']	[False, False, False, False]	0.45	25
97.2	['B3', 'E4', 'E5', 'G#2']	[False, True, True, False]	0.45	25
97.35	['B3', 'E4', 'E5', 'G#2']	[False, False, False, False]	0.45	25
97.5	['B3', 'E4', 'E5', 'G#2']	[False, False, False, False]	0.45	25
97.65	['B3', 'E2', 'E4', 'E5', 'G#3']	[False, True, True, True, True]	0.15	25
97.8	['E2', 'E4', 'E5', 'G#3']	[False, False, False, False]	0.45	25
97.95	['E2', 'E4', 'E5', 'G#3']	[False, False, False, False]	0.45	25
98.1	['E2', 'E4', 'E5', 'G#3']	[False, False, False, False]	0.45	25
98.25	['D4', 'D5', 'E2', 'G#3']	[True, True, False, False]	0.45	25
98.4	['D4', 'D5', 'E2', 'G#3']	[False, False, False, False]	0.45	25
98.55	['D4', 'D5', 'E2', 'G#3']	[False, False, False, False]	0.45	25
98.7	['A2', 'A3', 'C#4', 'C#5', 'G#3']	[True, True, True, True, False]	0.15	25
98.85	['A2', 'A3', 'C#4', 'C#5']	[False, False, False, False]	0.3	25
99.0	['A2', 'A3', 'C#4', 'C#5']	[False, False, False, False]	0.3	25
99.15	['A2', 'A3', 'B3', 'B4', 'C#4', 'C#5']	[False, False, True, True, False, False]	0.15	25
99.3	['A2', 'A3', 'B3', 'B4']	[False, False, True, False]	0.45	25
99.45	['A2', 'A3', 'B3', 'B4']	[False, False, False, False]	0.45	25
99.6	['A2', 'A3', 'B3', 'B4']	[False, False, False, False]	0.45	25
99.75	['B3', 'B4', 'D2', 'D3', 'F#3']	[True, True, True, True, True]	0.3	25
99.9	['B3', 'B4', 'D2', 'D3', 'F#3']	[False, False, False, False, False]	0.3	25
100.05	['C#4', 'C#5', 'D2', 'D3', 'F#3']	[True, True, False, False, False]	0.15	26
100.2	['C#4', 'C#5', 'D2', 'D3', 'D4', 'D5', 'F#3']	[False, False, False, False, True, True, False]	0.15	26
100.35	['D2', 'D3', 'D4', 'D5', 'F#3']	[False, False, False, False, False]	0.45	26
100.5	['D2', 'D3', 'D4', 'D5', 'F#3']	[False, False, False, False, False]	0.45	26
100.65	['D2', 'D3', 'D4', 'D5', 'F#3']	[False, False, False, False, False]	0.45	26
100.8	['D4', 'D5', 'E2', 'E3']	[False, False, True, True]	0.9	26
100.95	['D4', 'D5', 'E2', 'E3']	[False, False, False, False]	0.9	26
101.1	['D4', 'D5', 'E2', 'E3']	[False, False, False, False]	0.9	26
101.25	['D4', 'D5', 'E2', 'E3']	[False, False, False, False]	0.9	26
101.4	['D4', 'D5', 'E2', 'E3']	[False, False, False, False]	0.9	26
101.55	['D4', 'D5', 'E2', 'E3']	[False, False, False, False]	0.9	26
101.7	['D4', 'D5', 'E3']	[False, False, False]	0.15	26
101.85	['C#4', 'C#5', 'D3', 'E2', 'E3']	[True, True, True, True, False]	0.15	26
102.0	['C#4', 'C#5', 'D3', 'E2']	[False, False, False, False]	0.3	26
102.15	['C#4', 'C#5', 'D3', 'E2']	[False, False, False, False]	0.3	26
102.3	['B3', 'B4', 'C#4', 'C#5', 'D3', 'E2']	[True, True, False, False, False, False]	0.15	26
102.45	['B3', 'B4', 'D3', 'E2']	[False, False, False, False]	0.45	26
102.6	['B3', 'B4', 'D3', 'E2']	[False, False, False, False]	0.45	26
102.75	['B3', 'B4', 'D3', 'E2']	[False, False, False, False]	0.45	26
102.9	['A1', 'A2', 'A3', 'A4']	[True, True, True, True]	0.45	26
103.05	['A1', 'A2', 'A3', 'A4']	[False, False, False, False]	0.45	26
103.2	['A1', 'A2', 'A3', 'A4']	[False, False, False, False]	0.45	26
103.35	['A3', 'A4', 'B1', 'B2']	[False, False, True, True]	0.45	26
103.5	['A3', 'A4', 'B1', 'B2']	[False, False, False, False]	0.45	26
103.65	['A3', 'A4', 'B1', 'B2']	[False, False, False, False]	0.45	26
103.8	['A3', 'A4', 'B1', 'B2', 'C#2', 'C#3']	[False, False, False, False, True, True]	0.15	26
103.95	['A3', 'A4', 'C#2', 'C#3']	[False, False, False, True]	0.45	26
104.1	['A3', 'A4', 'C#2', 'C#3']	[False, False, False, False]	0.45	27
104.25	['A3', 'A4', 'C#2', 'C#3']	[False, False, False, False]	0.45	27
104.4	['A3', 'A4', 'D2', 'D3']	[False, False, True, True]	0.45	27
104.55	['A3', 'A4', 'D2', 'D3']	[False, False, False, False]	0.45	27
104.7	['A3', 'A4', 'D2', 'D3']	[False, False, False, False]	0.45	27
104.85	['A3', 'A4', 'D3', 'E2', 'E3']	[False, False, False, True, True]	0.15	27
105.0	['A3', 'A4', 'E2', 'E3']	[False, False, False, False]	0.45	27
105.15	['A3', 'A4', 'E2', 'E3']	[False, False, False, False]	0.45	27
105.3	['A3', 'A4', 'E2', 'E3']	[False, False, False, False]	0.45	27
105.45	['A3', 'A4', 'G2', 'G3']	[False, False, True, True]	0.45	27
105.6	['A3', 'A4', 'G2', 'G3']	[False, False, False, False]	0.45	27
105.75	['A3', 'A4', 'G2', 'G3']	[False, False, False, False]	0.45	27
105.9	['A3', 'A4', 'F#2', 'F#3', 'G2', 'G3']	[False, False, True, True, False, False]	0.15	27
106.05	['A3', 'A4', 'F#2', 'F#3']	[False, False, False, False]	0.45	27
106.2	['A3', 'A4', 'F#2', 'F#3']	[False, False, False, False]	0.45	27
106.35	['A3', 'A4', 'F#2', 'F#3']	[False, False, False, False]	0.45	27
106.5	['A3', 'A4', 'E2', 'E3']	[False, False, True, True]	0.45	27
106.65	['A3', 'A4', 'E2', 'E3']	[False, False, False, False]	0.45	27
106.8	['A3', 'A4', 'E2', 'E3']	[False, False, False, False]	0.45	27
106.95	['A2', 'A4', 'C#5', 'E3']	[True, True, True, False]	0.15	27
107.1	['A2', 'A4', 'C#5']	[False, False, False]	0.9	27
107.25	['A2', 'A4', 'C#5']	[False, False, False]	0.9	27
107.4	['A2', 'A4', 'C#5']	[False, False, False]	0.9	27
107.55	['A2', 'A4', 'C#5']	[False, False, False]	0.9	27
107.7	['A2', 'A4', 'C#5']	[False, False, False]	0.9	27
107.85	['A2', 'A4', 'C#5']	[False, False, False]	0.9	27
108.0	['A3', 'A4', 'C#5']	[True, False, False]	1.05	28
108.15	['A3', 'A4', 'C#5']	[False, False, False]	1.05	28
108.3	['A3', 'A4', 'C#5']	[False, False, False]	1.05	28
108.45	['A3', 'A4', 'C#5']	[False, False, False]	1.05	28
108.6	['A3', 'A4', 'C#5']	[False, False, False]	1.05	28
108.75	['A3', 'A4', 'C#5']	[False, False, False]	1.05	28
108.9	['A3', 'A4', 'C#5']	[False, False, False]	1.05	28
109.05	['A4', 'C#5', 'G3']	[False, False, True]	0.45	28
109.2	['A4', 'C#5', 'G3']	[False, False, False]	0.45	28
109.35	['A4', 'C#5', 'G3']	[False, False, False]	0.45	28
109.5	['A4', 'D5', 'G3']	[False, True, False]	0.3	28
109.65	['A4', 'D5', 'G3']	[False, False, False]	0.3	28
109.8	['A4', 'C#5', 'G3']	[False, True, False]	0.15	28
109.95	['A4', 'B4', 'C#5', 'G3']	[False, True, False, False]	0.15	28
110.1	['A4', 'B4', 'G2']	[False, True, True]	0.15	28
110.25	['A4', 'B4', 'C#5', 'G2']	[False, False, True, False]	0.15	28
110.4	['A4', 'C#5', 'G2']	[False, False, False]	0.15	28
110.55	['A4', 'G2']	[True, False]	0.45	28
110.7	['A4', 'G2']	[False, False]	0.45	28
110.85	['A4', 'G2']	[False, False]	0.45	28
111.0	['A4', 'A5', 'F#2', 'G2']	[False, True, True, False]	0.15	28
111.15	['A4', 'A5', 'F#2']	[False, True, True]	0.9	28
111.3	['A4', 'A5', 'F#2']	[False, False, False]	0.9	28
111.45	['A4', 'A5', 'F#2']	[False, False, False]	0.9	28
111.6	['A4', 'A5', 'F#2']	[False, False, False]	0.9	28
111.75	['A4', 'A5', 'F#2']	[False, False, False]	0.9	28
111.9	['A4', 'A5', 'F#2']	[False, False, False]	0.9	28
112.05	['A4', 'A5', 'F#2', 'F#3']	[False, False, False, True]	0.15	29
112.2	['A4', 'A5', 'F#3']	[False, False, False]	0.9	29
112.35	['A4', 'A5', 'F#3']	[False, False, False]	0.9	29
112.5	['A4', 'A5', 'F#3']	[False, False, False]	0.9	29
112.65	['A4', 'A5', 'F#3']	[False, False, False]	0.9	29
112.8	['A4', 'A5', 'F#3']	[False, False, False]	0.9	29
112.95	['A4', 'A5', 'F#3']	[False, False, False]	0.9	29
113.1	['A4', 'A5', 'E3']	[False, False, True]	1.05	29
113.25	['A4', 'A5', 'E3']	[False, False, False]	1.05	29
113.4	['A4', 'A5', 'E3']	[False, False, False]	1.05	29
113.55	['A4', 'A5', 'E3']	[False, False, False]	1.05	29
113.7	['A4', 'A5', 'E3']	[False, False, False]	1.05	29
113.85	['A4', 'A5', 'E3']	[False, False, False]	1.05	29
114.0	['A4', 'A5', 'E3']	[False, False, False]	1.05	29
114.15	['A5', 'C5', 'E2', 'E4']	[False, True, True, True]	0.15	29
114.3	['C5', 'E2', 'E4']	[False, False, False]	0.9	29
114.45	['C5', 'E2', 'E4']	[False, False, False]	0.9	29
114.6	['C5', 'E2', 'E4']	[False, False, False]	0.9	29
114.75	['C5', 'E2', 'E4']	[False, False, False]	0.9	29
114.9	['C5', 'E2', 'E4']	[False, False, False]	0.9	29
115.05	['C5', 'E2', 'E4']	[False, False, False]	0.9	29
115.2	['B4', 'D#2', 'D#4']	[True, True, True]	1.05	29
115.35	['B4', 'D#2', 'D#4']	[False, False, False]	1.05	29
115.5	['B4', 'D#2', 'D#4']	[False, False, False]	1.05	29
115.65	['B4', 'D#2', 'D#4']	[False, False, False]	1.05	29
115.8	['B4', 'D#2', 'D#4']	[False, False, False]	1.05	29
115.95	['B4', 'D#2', 'D#4']	[False, False, False]	1.05	29
116.1	['B4', 'D#2', 'D#4']	[False, False, False]	1.05	30
116.25	['B4', 'B5', 'D#3']	[True, True, True]	1.05	30
116.4	['B4', 'B5', 'D#3']	[False, False, False]	1.05	30
116.55	['B4', 'B5', 'D#3']	[False, False, False]	1.05	30
116.7	['B4', 'B5', 'D#3']	[False, False, False]	1.05	30
116.85	['B4', 'B5', 'D#3']	[False, False, False]	1.05	30
117.0	['B4', 'B5', 'D#3']	[False, False, False]	1.05	30
117.15	['B4', 'B5', 'D#3']	[False, False, False]	1.05	30
117.3	['B4', 'B5', 'F#3']	[False, False, True]	0.45	30
117.45	['B4', 'B5', 'F#3']	[False, False, False]	0.45	30
117.6	['B4', 'B5', 'F#3']	[False, False, False]	0.45	30
117.75	['A5', 'B4', 'F#3']	[True, False, False]	0.45	30
117.9	['A5', 'B4', 'F#3']	[False, False, False]	0.45	30
118.05	['A5', 'B4', 'F#3']	[False, False, False]	0.45	30
118.2	['A5', 'B4', 'F#3', 'G5']	[False, False, False, True]	0.15	30
118.35	['B2', 'B4', 'G5']	[True, False, False]	0.45	30
118.5	['B2', 'B4', 'G5']	[False, False, False]	0.45	30
118.65	['B2', 'B4', 'G5']	[False, False, False]	0.45	30
118.8	['B2', 'B4', 'F#5']	[False, False, True]	0.45	30
118.95	['B2', 'B4', 'F#5']	[False, False, False]	0.45	30
119.1	['B2', 'B4', 'F#5']	[False, False, False]	0.45	30
119.25	['B2', 'B4', 'E2', 'E3', 'F#5', 'G5']	[False, True, True, True, False, True]	0.15	30
119.4	['B4', 'E2', 'E3', 'G5']	[False, False, False, False]	0.9	30
119.55	['B4', 'E2', 'E3', 'G5']	[False, False, False, False]	0.9	30
119.7	['B4', 'E2', 'E3', 'G5']	[False, False, False, False]	0.9	30
119.85	['B4', 'E2', 'E3', 'G5']	[False, False, False, False]	0.9	30
120.0	['B4', 'E2', 'E3', 'G5']	[False, False, False, False]	0.9	31
120.15	['B4', 'E2', 'E3', 'G5']	[False, False, False, False]	0.9	31
120.3	['B4', 'E2', 'E3', 'E4', 'G5']	[False, False, True, True, False]	0.15	31
120.45	['B4', 'E3', 'E4', 'G5']	[False, False, False, False]	0.9	31
120.6	['B4', 'E3', 'E4', 'G5']	[False, False, False, False]	0.9	31
120.75	['B4', 'E3', 'E4', 'G5']	[False, False, False, False]	0.9	31
120.9	['B4', 'E3', 'E4', 'G5']	[False, False, False, False]	0.9	31
121.05	['B4', 'E3', 'E4', 'G5']	[False, False, False, False]	0.9	31
121.2	['B4', 'E3', 'E4', 'G5']	[False, False, False, False]	0.9	31
121.35	['A4', 'D3', 'D4', 'E3', 'G5']	[True, True, True, False, False]	0.15	31
121.5	['A4', 'D3', 'D4', 'F#5', 'G5']	[False, False, False, True, False]	0.15	31
121.65	['A4', 'D3', 'D4', 'F#5']	[False, False, False, True]	0.15	31
121.8	['A4', 'D3', 'D4', 'E5', 'F#5']	[False, False, False, True, False]	0.15	31
121.95	['A4', 'D3', 'D4', 'E5']	[False, False, False, False]	0.15	31
122.1	['A4', 'D3', 'D4', 'D5']	[False, False, False, True]	0.3	31
122.25	['A4', 'D3', 'D4', 'D5']	[False, False, False, False]	0.3	31
122.4	['A4', 'C#5', 'D2', 'D3']	[False, True, True, True]	0.45	31
122.55	['A4', 'C#5', 'D2', 'D3']	[False, False, False, False]	0.45	31
122.7	['A4', 'C#5', 'D2', 'D3']	[False, False, False, False]	0.45	31
122.85	['A4', 'B4', 'C#5', 'D2', 'D3']	[False, True, False, False, False]	0.15	31
123.0	['A4', 'B4', 'D2', 'D3']	[False, False, False, False]	0.45	31
123.15	['A4', 'B4', 'D2', 'D3']	[False, False, False, False]	0.45	31
123.3	['A4', 'B4', 'D2', 'D3']	[False, False, False, False]	0.45	31
123.45	['A#4', 'A4', 'C#2', 'C#3', 'C#4', 'D3']	[True, False, True, True, True, False]	0.15	31
123.6	['A#4', 'C#2', 'C#3', 'C#4']	[False, False, False, False]	0.3	31
123.75	['A#4', 'C#2', 'C#3', 'C#4']	[False, False, False, False]	0.3	31
123.9	['B4', 'C#2', 'C#3', 'C#4']	[True, False, False, False]	0.45	31
124.05	['B4', 'C#2', 'C#3', 'C#4']	[False, False, False, False]	0.45	32
124.2	['B4', 'C#2', 'C#3', 'C#4']	[False, False, False, False]	0.45	32
124.35	['B4', 'C#2', 'C#3', 'C#4', 'C#5']	[False, False, False, False, True]	0.15	32
124.5	['C#3', 'C#4', 'C#5']	[True, True, True]	0.9	32
124.65	['C#3', 'C#4', 'C#5']	[False, False, False]	0.9	32
124.8	['C#3', 'C#4', 'C#5']	[False, False, False]	0.9	32
124.95	['C#3', 'C#4', 'C#5']	[False, False, False]	0.9	32
125.1	['C#3', 'C#4', 'C#5']	[False, False, False]	0.9	32
125.25	['C#3', 'C#4', 'C#5']	[False, False, False]	0.9	32
125.4	['B2', 'C#3', 'C#4', 'C#5', 'D4']	[True, False, False, False, True]	0.15	32
125.55	['B2', 'B3', 'C#5', 'D4']	[False, True, False, False]	0.45	32
125.7	['B2', 'B3', 'C#5', 'D4']	[False, False, False, False]	0.45	32
125.85	['B2', 'B3', 'C#5', 'D4']	[False, False, False, False]	0.45	32
126.0	['B2', 'B3', 'D4', 'D5']	[False, False, False, True]	0.45	32
126.15	['B2', 'B3', 'D4', 'D5']	[False, False, False, False]	0.45	32
126.3	['B2', 'B3', 'D4', 'D5']	[False, False, False, False]	0.45	32
126.45	['B1', 'B2', 'B3', 'D4', 'D5', 'E5']	[True, True, False, False, False, True]	0.15	32
126.6	['B1', 'B2', 'D4', 'E5']	[False, False, False, False]	0.9	32
126.75	['B1', 'B2', 'D4', 'E5']	[False, False, False, False]	0.9	32
126.9	['B1', 'B2', 'D4', 'E5']	[False, False, False, False]	0.9	32
127.05	['B1', 'B2', 'D4', 'E5']	[False, False, False, False]	0.9	32
127.2	['B1', 'B2', 'D4', 'E5']	[False, False, False, False]	0.9	32
127.35	['B1', 'B2', 'D4', 'E5']	[False, False, False, False]	0.9	32
127.5	['A#1', 'A#2', 'B2', 'C#4', 'E5']	[True, True, False, True, False]	0.15	32
127.65	['A#1', 'A#2', 'C#4', 'E5']	[False, False, False, False]	0.3	32
127.8	['A#1', 'A#2', 'C#4', 'E5']	[False, False, False, False]	0.3	32
127.95	['A#1', 'A#2', 'C#4', 'E5', 'F#5']	[False, False, False, False, True]	0.15	32
128.1	['A#1', 'A#2', 'C#4', 'F#5']	[False, False, False, True]	0.45	33
128.25	['A#1', 'A#2', 'C#4', 'F#5']	[False, False, False, False]	0.45	33
128.4	['A#1', 'A#2', 'C#4', 'F#5']	[False, False, False, False]	0.45	33
128.55	['A#2', 'B1', 'B2', 'C#4', 'D4', 'F#5', 'G5']	[False, True, True, False, True, False, True]	0.15	33
128.7	['B1', 'B2', 'D4', 'G5']	[False, False, False, False]	0.9	33
128.85	['B1', 'B2', 'D4', 'G5']	[False, False, False, False]	0.9	33
129.0	['B1', 'B2', 'D4', 'G5']	[False, False, False, False]	0.9	33
129.15	['B1', 'B2', 'D4', 'G5']	[False, False, False, False]	0.9	33
129.3	['B1', 'B2', 'D4', 'G5']	[False, False, False, False]	0.9	33
129.45	['B1', 'B2', 'D4', 'G5']	[False, False, False, False]	0.9	33
129.6	['C#2', 'C#3', 'D4', 'E4', 'G5']	[True, True, False, True, False]	0.15	33
129.75	['C#2', 'C#3', 'E4', 'G5']	[False, False, False, False]	0.75	33
129.9	['C#2', 'C#3', 'E4', 'G5']	[False, False, False, False]	0.75	33
130.05	['C#2', 'C#3', 'E4', 'G5']	[False, False, False, False]	0.75	33
130.2	['C#2', 'C#3', 'E4', 'G5']	[False, False, False, False]	0.75	33
130.35	['C#2', 'C#3', 'E4', 'G5']	[False, False, False, False]	0.75	33
130.5	['C#2', 'C#3', 'E4', 'F#5', 'G5']	[False, False, False, True, False]	0.15	33
130.65	['A#1', 'A#2', 'C#4', 'E4', 'F#5']	[True, True, True, False, True]	0.15	33
130.8	['A#1', 'A#2', 'C#4', 'F#5']	[False, False, False, False]	0.75	33
130.95	['A#1', 'A#2', 'C#4', 'F#5']	[False, False, False, False]	0.75	33
131.1	['A#1', 'A#2', 'C#4', 'F#5']	[False, False, False, False]	0.75	33
131.25	['A#1', 'A#2', 'C#4', 'F#5']	[False, False, False, False]	0.75	33
131.4	['A#1', 'A#2', 'C#4', 'F#5']	[False, False, False, False]	0.75	33
131.55	['A#1', 'A#2', 'B1', 'C#4', 'D4', 'E5', 'F#5']	[False, False, True, False, True, True, False]	0.15	33
131.7	['B1', 'B2', 'D4', 'E5']	[False, True, False, True]	0.45	33
131.85	['B1', 'B2', 'D4', 'E5']	[False, False, False, False]	0.45	33
132.0	['B1', 'B2', 'D4', 'E5']	[False, False, False, False]	0.45	34
132.15	['B1', 'B2', 'D4', 'D5']	[False, False, False, True]	0.3	34
132.3	['B1', 'B2', 'D4', 'D5']	[False, False, False, False]	0.3	34
132.45	['B1', 'B2', 'D4']	[False, False, False]	0.15	34
132.6	['B1', 'B2', 'C#5', 'D4', 'G3']	[False, False, True, False, True]	0.15	34
132.75	['C#5', 'D4', 'G2', 'G3']	[False, False, True, False]	0.45	34
132.9	['C#5', 'D4', 'G2', 'G3']	[False, False, False, False]	0.45	34
133.05	['C#5', 'D4', 'G2', 'G3']	[False, False, False, False]	0.45	34
133.2	['B4', 'D4', 'G2', 'G3']	[True, False, False, False]	0.3	34
133.35	['B4', 'D4', 'G2', 'G3']	[False, False, False, False]	0.3	34
133.5	['D4', 'G2', 'G3']	[False, False, False]	0.15	34
133.65	['C#5', 'D4', 'E2', 'E3', 'E4', 'G2', 'G3']	[True, False, True, True, True, False, False]	0.15	34
133.8	['C#5', 'E2', 'E3', 'E4']	[False, False, False, False]	0.3	34
133.95	['C#5', 'E2', 'E3', 'E4']	[False, False, False, False]	0.3	34
134.1	['C#5', 'D5', 'E2', 'E3', 'E4']	[False, True, False, False, False]	0.15	34
134.25	['D5', 'E2', 'E3', 'E4']	[True, False, False, False]	0.15	34
134.4	['D5', 'E2', 'E3', 'E4', 'E5']	[False, False, False, False, True]	0.15	34
134.55	['E2', 'E3', 'E4', 'E5']	[False, False, False, False]	0.15	34
134.7	['A#3', 'D4', 'D5', 'E2', 'E3', 'E4', 'F#2', 'F#3', 'F#4']	[True, True, True, False, False, False, True, True, True]	0.15	34
134.85	['A#3', 'D4', 'D5', 'F#2', 'F#3', 'F#4']	[False, False, False, False, False, False]	0.9	34
135.0	['A#3', 'D4', 'D5', 'F#2', 'F#3', 'F#4']	[False, False, False, False, False, False]	0.9	34
135.15	['A#3', 'D4', 'D5', 'F#2', 'F#3', 'F#4']	[False, False, False, False, False, False]	0.9	34
135.3	['A#3', 'D4', 'D5', 'F#2', 'F#3', 'F#4']	[False, False, False, False, False, False]	0.9	34
135.45	['A#3', 'D4', 'D5', 'F#2', 'F#3', 'F#4']	[False, False, False, False, False, False]	0.9	34
135.6	['A#3', 'D4', 'D5', 'F#2', 'F#3', 'F#4']	[False, False, False, False, False, False]	0.9	34
135.75	['A#3', 'B1', 'B2', 'B3', 'B4', 'D4', 'F#3']	[False, True, True, True, True, False, False]	0.15	34
135.9	['B1', 'B2', 'B3', 'B4', 'D4']	[False, False, False, False, False]	0.9	34
136.05	['B1', 'B2', 'B3', 'B4', 'D4']	[False, False, False, False, False]	0.9	35
136.2	['B1', 'B2', 'B3', 'B4', 'D4']	[False, False, False, False, False]	0.9	35
136.35	['B1', 'B2', 'B3', 'B4', 'D4']	[False, False, False, False, False]	0.9	35
136.5	['B1', 'B2', 'B3', 'B4', 'D4']	[False, False, False, False, False]	0.9	35
136.65	['B1', 'B2', 'B3', 'B4', 'D4']	[False, False, False, False, False]	0.9	35
136.8	['B2', 'B3', 'B4', 'D4']	[True, True, False, False]	1.05	35
136.95	['B2', 'B3', 'B4', 'D4']	[False, False, False, False]	1.05	35
137.1	['B2', 'B3', 'B4', 'D4']	[False, False, False, False]	1.05	35
137.25	['B2', 'B3', 'B4', 'D4']	[False, False, False, False]	1.05	35
137.4	['B2', 'B3', 'B4', 'D4']	[False, False, False, False]	1.05	35
137.55	['B2', 'B3', 'B4', 'D4']	[False, False, False, False]	1.05	35
137.7	['B2', 'B3', 'B4', 'D4']	[False, False, False, False]	1.05	35
137.85	['A2', 'A3', 'B3', 'B4', 'D4']	[True, True, False, False, False]	0.9	35
138.0	['A2', 'A3', 'B3', 'B4', 'D4']	[False, False, False, False, False]	0.9	35
138.15	['A2', 'A3', 'B3', 'B4', 'D4']	[False, False, False, False, False]	0.9	35
138.3	['A2', 'A3', 'B3', 'B4', 'D4']	[False, False, False, False, False]	0.9	35
138.45	['A2', 'A3', 'B3', 'B4', 'D4']	[False, False, False, False, False]	0.9	35
138.6	['A2', 'A3', 'B3', 'B4', 'D4']	[False, False, False, False, False]	0.9	35
138.75	['A1', 'A2', 'A3', 'B3', 'B4', 'D4']	[True, False, False, False, False, False]	0.15	35
138.9	['A1', 'A2', 'B3', 'B4', 'D4']	[False, True, False, False, False]	0.15	35
139.05	['A1', 'A2', 'B4', 'D4']	[False, False, False, False]	0.45	35
139.2	['A1', 'A2', 'B4', 'D4']	[False, False, False, False]	0.45	35
139.35	['A1', 'A2', 'B4', 'D4']	[False, False, False, False]	0.45	35
139.5	['A1', 'A2', 'B4']	[False, False, False]	0.3	35
139.65	['A1', 'A2', 'B4']	[False, False, False]	0.3	35
139.8	['A2', 'D5', 'G#1', 'G#2']	[False, True, True, True]	0.15	35
139.95	['D4', 'D5', 'G#1', 'G#2']	[True, True, False, False]	0.9	35
140.1	['D4', 'D5', 'G#1', 'G#2']	[False, False, False, False]	0.9	36
140.25	['D4', 'D5', 'G#1', 'G#2']	[False, False, False, False]	0.9	36
140.4	['D4', 'D5', 'G#1', 'G#2']	[False, False, False, False]	0.9	36
140.55	['D4', 'D5', 'G#1', 'G#2']	[False, False, False, False]	0.9	36
140.7	['D4', 'D5', 'G#1', 'G#2']	[False, False, False, False]	0.9	36
140.85	['D4', 'D5', 'G#1', 'G#2', 'G#3']	[False, False, False, True, True]	0.15	36
141.0	['D4', 'D5', 'G#2', 'G#3']	[False, False, False, False]	0.9	36
141.15	['D4', 'D5', 'G#2', 'G#3']	[False, False, False, False]	0.9	36
141.3	['D4', 'D5', 'G#2', 'G#3']	[False, False, False, False]	0.9	36
141.45	['D4', 'D5', 'G#2', 'G#3']	[False, False, False, False]	0.9	36
141.6	['D4', 'D5', 'G#2', 'G#3']	[False, False, False, False]	0.9	36
141.75	['D4', 'D5', 'G#2', 'G#3']	[False, False, False, False]	0.9	36
141.9	['D4', 'D5', 'F#2', 'F#3']	[False, False, True, True]	0.45	36
142.05	['D4', 'D5', 'F#2', 'F#3']	[False, False, False, False]	0.45	36
142.2	['D4', 'D5', 'F#2', 'F#3']	[False, False, False, False]	0.45	36
142.35	['D4', 'D5', 'F#2', 'F#3', 'F#4', 'F#5']	[False, False, False, False, True, True]	0.15	36
142.5	['F#2', 'F#3', 'F#4', 'F#5']	[False, False, False, True]	0.45	36
142.65	['F#2', 'F#3', 'F#4', 'F#5']	[False, False, False, False]	0.45	36
142.8	['F#2', 'F#3', 'F#4', 'F#5']	[False, False, False, False]	0.45	36
142.95	['E4', 'E5', 'F#2', 'F#3', 'F#5']	[True, True, True, False, False]	0.15	36
143.1	['E4', 'E5', 'F#2']	[False, False, False]	0.3	36
143.25	['E4', 'E5', 'F#2']	[False, False, False]	0.3	36
143.4	['D4', 'D5', 'E4', 'E5', 'F#2']	[True, True, False, False, False]	0.15	36
143.55	['D4', 'D5', 'F#2']	[False, False, False]	0.45	36
143.7	['D4', 'D5', 'F#2']	[False, False, False]	0.45	36
143.85	['D4', 'D5', 'F#2']	[False, False, False]	0.45	36
144.0	['B4', 'B5', 'E2', 'G#4']	[True, True, True, True]	1.05	37
144.15	['B4', 'B5', 'E2', 'G#4']	[False, False, False, False]	1.05	37
144.3	['B4', 'B5', 'E2', 'G#4']	[False, False, False, False]	1.05	37
144.45	['B4', 'B5', 'E2', 'G#4']	[False, False, False, False]	1.05	37
144.6	['B4', 'B5', 'E2', 'G#4']	[False, False, False, False]	1.05	37
144.75	['B4', 'B5', 'E2', 'G#4']	[False, False, False, False]	1.05	37
144.9	['B4', 'B5', 'E2', 'G#4']	[False, False, False, False]	1.05	37
145.05	['B4', 'B5', 'E3', 'G#4']	[False, False, True, False]	0.9	37
145.2	['B4', 'B5', 'E3', 'G#4']	[False, False, False, False]	0.9	37
145.35	['B4', 'B5', 'E3', 'G#4']	[False, False, False, False]	0.9	37
145.5	['B4', 'B5', 'E3', 'G#4']	[False, False, False, False]	0.9	37
145.65	['B4', 'B5', 'E3', 'G#4']	[False, False, False, False]	0.9	37
145.8	['B4', 'B5', 'E3', 'G#4']	[False, False, False, False]	0.9	37
145.95	['B4', 'B5', 'D3', 'E3', 'G#4']	[False, False, True, False, False]	0.15	37
146.1	['B4', 'B5', 'D3', 'G#4']	[False, False, True, False]	0.9	37
146.25	['B4', 'B5', 'D3', 'G#4']	[False, False, False, False]	0.9	37
146.4	['B4', 'B5', 'D3', 'G#4']	[False, False, False, False]	0.9	37
146.55	['B4', 'B5', 'D3', 'G#4']	[False, False, False, False]	0.9	37
146.7	['B4', 'B5', 'D3', 'G#4']	[False, False, False, False]	0.9	37
146.85	['B4', 'B5', 'D3', 'G#4']	[False, False, False, False]	0.9	37
147.0	['A4', 'A5', 'B4', 'B5', 'D2', 'D3', 'G#4']	[True, True, False, False, True, False, False]	0.15	37
147.15	['A4', 'A5', 'D2', 'G#4']	[False, False, False, False]	0.45	37
147.3	['A4', 'A5', 'D2', 'G#4']	[False, False, False, False]	0.45	37
147.45	['A4', 'A5', 'D2', 'G#4']	[False, False, False, False]	0.45	37
147.6	['D2', 'G#4', 'G#5']	[False, True, True]	0.45	37
147.75	['D2', 'G#4', 'G#5']	[False, False, False]	0.45	37
147.9	['D2', 'G#4', 'G#5']	[False, False, False]	0.45	37
148.05	['A4', 'C#2', 'D2', 'F#4', 'F#5', 'G#4', 'G#5']	[True, True, False, True, True, False, False]	0.15	38
148.2	['A4', 'C#2', 'F#4', 'F#5']	[False, False, False, False]	0.45	38
148.35	['A4', 'C#2', 'F#4', 'F#5']	[False, False, False, False]	0.45	38
148.5	['A4', 'C#2', 'F#4', 'F#5']	[False, False, False, False]	0.45	38
148.65	['A4', 'C#2', 'E4', 'E5']	[False, False, True, True]	0.45	38
148.8	['A4', 'C#2', 'E4', 'E5']	[False, False, False, False]	0.45	38
148.95	['A4', 'C#2', 'E4', 'E5']	[False, False, False, False]	0.45	38
149.1	['A4', 'A5', 'C#2', 'C#3', 'E4']	[True, True, False, True, True]	0.15	38
149.25	['A4', 'A5', 'C#3', 'E4']	[False, False, False, False]	0.45	38
149.4	['A4', 'A5', 'C#3', 'E4']	[False, False, False, False]	0.45	38
149.55	['A4', 'A5', 'C#3', 'E4']	[False, False, False, False]	0.45	38
149.7	['A3', 'A4', 'C#3', 'E4']	[True, True, False, False]	0.45	38
149.85	['A3', 'A4', 'C#3', 'E4']	[False, False, False, False]	0.45	38
150.0	['A3', 'A4', 'C#3', 'E4']	[False, False, False, False]	0.45	38
150.15	['A3', 'A4', 'B3', 'B4', 'C#3', 'D2', 'D3', 'E4', 'F#4']	[False, False, True, True, False, True, True, False, True]	0.15	38
150.3	['B3', 'B4', 'D2', 'D3', 'F#4']	[False, False, False, False, False]	0.9	38
150.45	['B3', 'B4', 'D2', 'D3', 'F#4']	[False, False, False, False, False]	0.9	38
150.6	['B3', 'B4', 'D2', 'D3', 'F#4']	[False, False, False, False, False]	0.9	38
150.75	['B3', 'B4', 'D2', 'D3', 'F#4']	[False, False, False, False, False]	0.9	38
150.9	['B3', 'B4', 'D2', 'D3', 'F#4']	[False, False, False, False, False]	0.9	38
151.05	['B3', 'B4', 'D2', 'D3', 'F#4']	[False, False, False, False, False]	0.9	38
151.2	['B3', 'B4', 'D4', 'E2', 'E3']	[False, False, True, True, True]	0.45	38
151.35	['B3', 'B4', 'D4', 'E2', 'E3']	[False, False, False, False, False]	0.45	38
151.5	['B3', 'B4', 'D4', 'E2', 'E3']	[False, False, False, False, False]	0.45	38
151.65	['C#4', 'C#5', 'D4', 'E2', 'E3']	[True, True, False, False, False]	0.3	38
151.8	['C#4', 'C#5', 'D4', 'E2', 'E3']	[False, False, False, False, False]	0.3	38
151.95	['D4', 'D5', 'E2', 'E3']	[True, True, False, False]	0.15	38
152.1	['C#4', 'C#5', 'D4', 'D5', 'E2', 'E3']	[True, True, False, False, False, False]	0.15	39
152.25	['A1', 'A2', 'C#4', 'C#5', 'E4']	[True, True, False, True, True]	1.05	39
152.4	['A1', 'A2', 'C#4', 'C#5', 'E4']	[False, False, False, False, False]	1.05	39
152.55	['A1', 'A2', 'C#4', 'C#5', 'E4']	[False, False, False, False, False]	1.05	39
152.7	['A1', 'A2', 'C#4', 'C#5', 'E4']	[False, False, False, False, False]	1.05	39
152.85	['A1', 'A2', 'C#4', 'C#5', 'E4']	[False, False, False, False, False]	1.05	39
153.0	['A1', 'A2', 'C#4', 'C#5', 'E4']	[False, False, False, False, False]	1.05	39
153.15	['A1', 'A2', 'C#4', 'C#5', 'E4']	[False, True, False, False, False]	1.05	39
153.3	['A2', 'A3', 'C#4', 'C#5', 'E4']	[False, True, False, False, False]	0.45	39
153.45	['A2', 'A3', 'C#4', 'C#5', 'E4']	[False, False, False, False, False]	0.45	39
153.6	['A2', 'A3', 'C#4', 'C#5', 'E4']	[False, False, False, False, False]	0.45	39
153.75	['A2', 'A3', 'B3', 'B4', 'D4']	[False, False, True, True, True]	0.45	39
153.9	['A2', 'A3', 'B3', 'B4', 'D4']	[False, False, False, False, False]	0.45	39
154.05	['A2', 'A3', 'B3', 'B4', 'D4']	[False, False, False, False, False]	0.45	39
154.2	['A2', 'A3', 'A4', 'B4', 'D4', 'G2', 'G3']	[False, True, True, False, False, True, True]	0.15	39
154.35	['A3', 'A4', 'C#4', 'G2', 'G3']	[False, False, True, False, False]	0.9	39
154.5	['A3', 'A4', 'C#4', 'G2', 'G3']	[False, False, False, False, False]	0.9	39
154.65	['A3', 'A4', 'C#4', 'G2', 'G3']	[False, False, False, False, False]	0.9	39
154.8	['A3', 'A4', 'C#4', 'G2', 'G3']	[False, False, False, False, False]	0.9	39
154.95	['A3', 'A4', 'C#4', 'G2', 'G3']	[False, False, False, False, False]	0.9	39
155.1	['A3', 'A4', 'C#4', 'G2', 'G3']	[False, False, False, False, False]	0.9	39
155.25	['A3', 'A4', 'C#4', 'G1', 'G2', 'G3']	[False, False, False, True, True, False]	0.15	39
155.4	['A3', 'A4', 'C#4', 'G1', 'G2']	[False, False, False, False, False]	0.9	39
155.55	['A3', 'A4', 'C#4', 'G1', 'G2']	[False, False, False, False, False]	0.9	39
155.7	['A3', 'A4', 'C#4', 'G1', 'G2']	[False, False, False, False, False]	0.9	39
155.85	['A3', 'A4', 'C#4', 'G1', 'G2']	[False, False, False, False, False]	0.9	39
156.0	['A3', 'A4', 'C#4', 'G1', 'G2']	[False, False, False, False, False]	0.9	40
156.15	['A3', 'A4', 'C#4', 'G1', 'G2']	[False, False, False, False, False]	0.9	40
156.3	['D4', 'D5', 'F#1', 'F#2', 'G1', 'G2']	[True, True, True, True, False, False]	0.15	40
156.45	['D4', 'D5', 'F#1', 'F#2']	[False, False, False, False]	0.45	40
156.6	['D4', 'D5', 'F#1', 'F#2']	[False, False, False, False]	0.45	40
156.75	['D4', 'D5', 'F#1', 'F#2']	[False, False, False, False]	0.45	40
156.9	['D4', 'D5', 'F#1']	[False, False, False]	0.45	40
157.05	['D4', 'D5', 'F#1']	[False, False, False]	0.45	40
157.2	['D4', 'D5', 'F#1']	[False, False, False]	0.45	40
157.35	['B3', 'D4', 'D5', 'F#1', 'F#2', 'F#3']	[True, False, False, False, True, True]	0.15	40
157.5	['B3', 'D4', 'D5', 'F#2', 'F#3']	[False, False, False, False, False]	0.3	40
157.65	['B3', 'D4', 'D5', 'F#2', 'F#3']	[False, False, False, False, False]	0.3	40
157.8	['B3', 'C4', 'D4', 'D5', 'F#2', 'F#3']	[False, True, False, False, False, False]	0.15	40
157.95	['C4', 'D4', 'D5', 'F#2', 'F#3']	[True, False, False, False, False]	0.15	40
158.1	['C4', 'D4', 'D5', 'F#2']	[False, False, False, False]	0.3	40
158.25	['C4', 'D4', 'D5', 'F#2']	[False, False, False, False]	0.3	40
158.4	['B3', 'C4', 'D4', 'D5', 'G2', 'G3']	[True, False, False, False, True, True]	0.15	40
158.55	['B3', 'D4', 'D5', 'G2', 'G3']	[False, False, False, False, False]	0.3	40
158.7	['B3', 'D4', 'D5', 'G2', 'G3']	[False, False, False, False, False]	0.3	40
158.85	['B3', 'C#4', 'D4', 'D5', 'G2', 'G3']	[False, True, False, False, False, False]	0.15	40
159.0	['C#4', 'D4', 'D5', 'G2', 'G3']	[False, False, False, False, False]	0.45	40
159.15	['C#4', 'D4', 'D5', 'G2', 'G3']	[False, False, False, False, False]	0.45	40
159.3	['C#4', 'D4', 'D5', 'G2', 'G3']	[False, False, False, False, False]	0.45	40
159.45	['D4', 'F#4', 'F#5', 'G1', 'G3']	[True, True, True, True, False]	0.45	40
159.6	['D4', 'F#4', 'F#5', 'G1', 'G3']	[False, False, False, False, False]	0.45	40
159.75	['D4', 'F#4', 'F#5', 'G1', 'G3']	[False, False, False, False, False]	0.45	40
159.9	['D4', 'E4', 'E5', 'F#4', 'F#5', 'G1', 'G3']	[False, True, True, False, False, False, False]	0.15	40
160.05	['D4', 'E4', 'E5', 'G1']	[False, False, False, False]	0.15	41
160.2	['E4', 'E5', 'G1']	[False, False, False]	0.15	41
160.35	['D4', 'E4', 'E5', 'G1']	[True, False, False, False]	0.15	41
160.5	['D4', 'E4', 'E5', 'G#1', 'G#3']	[True, True, True, True, True]	0.9	41
160.65	['D4', 'E4', 'E5', 'G#1', 'G#3']	[False, False, False, False, False]	0.9	41
160.8	['D4', 'E4', 'E5', 'G#1', 'G#3']	[False, False, False, False, False]	0.9	41
160.95	['D4', 'E4', 'E5', 'G#1', 'G#3']	[False, False, False, False, False]	0.9	41
161.1	['D4', 'E4', 'E5', 'G#1', 'G#3']	[False, False, False, False, False]	0.9	41
161.25	['D4', 'E4', 'E5', 'G#1', 'G#3']	[False, False, False, False, False]	0.9	41
161.4	['C#4', 'D4', 'E4', 'E5', 'G#1', 'G#2', 'G#3']	[True, False, False, False, False, True, False]	0.15	41
161.55	['C#4', 'E4', 'E5', 'G#2', 'G#3']	[False, False, False, False, False]	0.45	41
161.7	['C#4', 'E4', 'E5', 'G#2', 'G#3']	[False, False, False, False, False]	0.45	41
161.85	['C#4', 'E4', 'E5', 'G#2', 'G#3']	[False, False, False, False, False]	0.45	41
162.0	['B3', 'C#4', 'E4', 'E5', 'G#2', 'G#3']	[True, False, False, False, False, False]	0.15	41
162.15	['B3', 'E4', 'E5', 'G#2', 'G#3']	[False, False, False, False, False]	0.3	41
162.3	['B3', 'E4', 'E5', 'G#2', 'G#3']	[False, False, False, False, False]	0.3	41
162.45	['A2', 'A3', 'B3', 'C#4', 'E4', 'E5', 'G#2']	[True, True, False, True, False, False, False]	0.15	41
162.6	['A2', 'A3', 'C#4', 'E4', 'E5']	[False, False, False, False, False]	0.45	41
162.75	['A2', 'A3', 'C#4', 'E4', 'E5']	[False, False, False, False, False]	0.45	41
162.9	['A2', 'A3', 'C#4', 'E4', 'E5']	[False, False, False, False, False]	0.45	41
163.05	['A2', 'A3', 'D#4', 'E4', 'E5']	[False, False, True, False, False]	0.45	41
163.2	['A2', 'A3', 'D#4', 'E4', 'E5']	[False, False, False, False, False]	0.45	41
163.35	['A2', 'A3', 'D#4', 'E4', 'E5']	[False, False, False, False, False]	0.45	41
163.5	['A1', 'A3', 'E4', 'E5', 'G4', 'G5']	[True, False, True, False, True, True]	0.15	41
163.65	['A1', 'A3', 'E4', 'G4', 'G5']	[False, False, False, False, False]	0.45	41
163.8	['A1', 'A3', 'E4', 'G4', 'G5']	[False, False, False, False, False]	0.45	41
163.95	['A1', 'A3', 'E4', 'G4', 'G5']	[False, False, False, False, False]	0.45	41
164.1	['A1', 'A3', 'E4', 'F#4', 'F#5']	[False, False, False, True, True]	0.15	42
164.25	['A1', 'F#4', 'F#5']	[False, False, False]	0.3	42
164.4	['A1', 'F#4', 'F#5']	[False, False, False]	0.3	42
164.55	['A#1', 'A#3', 'E4', 'F#4', 'F#5']	[True, True, True, True, True]	1.05	42
164.7	['A#1', 'A#3', 'E4', 'F#4', 'F#5']	[False, False, False, False, False]	1.05	42
164.85	['A#1', 'A#3', 'E4', 'F#4', 'F#5']	[False, False, False, False, False]	1.05	42
165.0	['A#1', 'A#3', 'E4', 'F#4', 'F#5']	[False, False, False, False, False]	1.05	42
165.15	['A#1', 'A#3', 'E4', 'F#4', 'F#5']	[False, False, False, False, False]	1.05	42
165.3	['A#1', 'A#3', 'E4', 'F#4', 'F#5']	[False, False, False, False, False]	1.05	42
165.45	['A#1', 'A#3', 'E4', 'F#4', 'F#5']	[False, False, False, False, False]	1.05	42
165.6	['A#2', 'A#3', 'D#4', 'F#4', 'F#5']	[True, False, True, False, False]	0.45	42
165.75	['A#2', 'A#3', 'D#4', 'F#4', 'F#5']	[False, False, False, False, False]	0.45	42
165.9	['A#2', 'A#3', 'D#4', 'F#4', 'F#5']	[False, False, False, False, False]	0.45	42
166.05	['A#2', 'A#3', 'C#4', 'D#4', 'F#4', 'F#5']	[False, False, True, False, False, False]	0.15	42
166.2	['A#2', 'A#3', 'C#4', 'F#4', 'F#5']	[False, False, False, False, False]	0.3	42
166.35	['A#2', 'A#3', 'C#4', 'F#4', 'F#5']	[False, False, False, False, False]	0.3	42
166.5	['A#2', 'A#3', 'C#4', 'D#4', 'F#4', 'F#5']	[False, False, False, True, False, False]	0.15	42
166.65	['B2', 'B3', 'D#4', 'F#4', 'F#5']	[True, True, True, False, False]	0.45	42
166.8	['B2', 'B3', 'D#4', 'F#4', 'F#5']	[False, False, False, False, False]	0.45	42
166.95	['B2', 'B3', 'D#4', 'F#4', 'F#5']	[False, False, False, False, False]	0.45	42
167.1	['B2', 'B3', 'D#4', 'E4', 'F#4', 'F#5']	[False, False, False, True, False, False]	0.15	42
167.25	['B2', 'B3', 'E4', 'F#4', 'F#5']	[False, False, False, False, False]	0.3	42
167.4	['B2', 'B3', 'E4', 'F#4', 'F#5']	[False, False, False, False, False]	0.3	42
167.55	['A4', 'A5', 'B2', 'B3', 'E4']	[True, True, False, False, False]	0.15	42
167.7	['A4', 'A5', 'B1', 'B3', 'E4', 'F#4']	[False, True, True, False, False, True]	0.15	42
167.85	['A4', 'A5', 'B1', 'B3', 'F#4']	[False, False, False, False, False]	0.3	42
168.0	['A4', 'A5', 'B1', 'B3', 'F#4']	[False, False, False, False, False]	0.3	43
168.15	['A5', 'B1', 'B3', 'F#4', 'G4', 'G5']	[False, False, False, False, True, True]	0.15	43
168.3	['B1', 'G4', 'G5']	[False, False, False]	0.3	43
168.45	['B1', 'G4', 'G5']	[False, False, False]	0.3	43
168.6	['G5']	[True]	0.15	43
168.75	['E2', 'E3', 'G4', 'G5']	[True, True, True, True]	0.45	43
168.9	['E2', 'E3', 'G4', 'G5']	[False, False, False, False]	0.45	43
169.05	['E2', 'E3', 'G4', 'G5']	[False, False, False, False]	0.45	43
169.2	['D#4', 'E2', 'E3', 'G4', 'G5']	[True, False, False, False, False]	0.45	43
169.35	['D#4', 'E2', 'E3', 'G4', 'G5']	[False, False, False, False, False]	0.45	43
169.5	['D#4', 'E2', 'E3', 'G4', 'G5']	[False, False, False, False, False]	0.45	43
169.65	['D#4', 'E2', 'E3', 'E4', 'G4', 'G5']	[False, False, True, True, False, False]	0.15	43
169.8	['E3', 'E4', 'G4', 'G5']	[False, False, False, False]	0.3	43
169.95	['E3', 'E4', 'G4', 'G5']	[False, False, False, False]	0.3	43
170.1	['B3', 'E3', 'E4', 'G4', 'G5']	[True, False, False, False, False]	0.15	43
170.25	['B3', 'E3', 'G4', 'G5']	[True, False, False, False]	0.45	43
170.4	['B3', 'E3', 'G4', 'G5']	[False, False, False, False]	0.45	43
170.55	['B3', 'E3', 'G4', 'G5']	[False, False, False, False]	0.45	43
170.7	['B3', 'D3', 'G4', 'G5']	[False, True, False, False]	0.15	43
170.85	['D3', 'G4', 'G5']	[False, False, False]	0.3	43
171.0	['D3', 'G4', 'G5']	[False, False, False]	0.3	43
171.15	['B3', 'D3', 'G4', 'G5']	[True, False, False, False]	0.6	43
171.3	['B3', 'D3', 'G4', 'G5']	[True, False, False, False]	0.6	43
171.45	['B3', 'D3', 'G4', 'G5']	[False, False, False, False]	0.6	43
171.6	['B3', 'D3', 'G4', 'G5']	[False, False, False, False]	0.6	43
171.75	['B3', 'D2', 'D3', 'G3', 'G4', 'G5']	[False, True, False, True, False, False]	0.15	43
171.9	['D2', 'D3', 'G3', 'G4', 'G5']	[False, False, False, False, False]	0.15	43
172.05	['D2', 'G3', 'G4', 'G5']	[False, False, False, False]	0.15	44
172.2	['D2', 'E3', 'G3', 'G4', 'G5']	[False, True, False, False, False]	0.15	44
172.35	['D2', 'E3', 'G4', 'G5']	[False, True, False, False]	0.3	44
172.5	['D2', 'E3', 'G4', 'G5']	[False, False, False, False]	0.3	44
172.65	['E3', 'G4', 'G5']	[False, False, False]	0.15	44
172.8	['A3', 'C#2', 'C#3']	[True, True, True]	1.95	44
172.95	['A3', 'C#2', 'C#3']	[False, False, False]	1.95	44
173.1	['A3', 'C#2', 'C#3']	[False, False, False]	1.95	44
173.25	['A3', 'C#2', 'C#3']	[False, False, False]	1.95	44
173.4	['A3', 'C#2', 'C#3']	[False, False, False]	1.95	44
173.55	['A3', 'C#2', 'C#3']	[False, False, False]	1.95	44
173.7	['A3', 'C#2', 'C#3']	[False, False, True]	1.95	44
173.85	['A3', 'C#2', 'C#3']	[False, True, False]	1.95	44
174.0	['A3', 'C#2', 'C#3']	[False, False, False]	1.95	44
174.15	['A3', 'C#2', 'C#3']	[False, False, False]	1.95	44
174.3	['A3', 'C#2', 'C#3']	[False, False, False]	1.95	44
174.45	['A3', 'C#2', 'C#3']	[False, False, False]	1.95	44
174.6	['A3', 'C#2', 'C#3']	[False, False, False]	1.95	44
174.75	['A1', 'A3', 'C#2', 'C#3']	[True, False, False, False]	0.15	44
174.9	['A1', 'A2', 'A3']	[False, True, False]	0.45	44
175.05	['A1', 'A2', 'A3']	[False, False, False]	0.45	44
175.2	['A1', 'A2', 'A3']	[False, False, False]	0.45	44
175.35	['A1', 'A2', 'A3', 'C#4', 'C#5']	[False, False, False, True, True]	0.45	44
175.5	['A1', 'A2', 'A3', 'C#4', 'C#5']	[False, False, False, False, False]	0.45	44
175.65	['A1', 'A2', 'A3', 'C#4', 'C#5']	[False, False, False, False, False]	0.45	44
175.8	['A2', 'A3', 'C#4', 'C#5', 'E4', 'E5']	[False, False, False, False, True, True]	0.15	44
175.95	['A2', 'A3', 'C#2', 'E4', 'E5']	[False, False, True, False, True]	0.45	44
176.1	['A2', 'A3', 'C#2', 'E4', 'E5']	[False, False, False, False, False]	0.45	45
176.25	['A2', 'A3', 'C#2', 'E4', 'E5']	[False, False, False, False, False]	0.45	45
176.4	['A2', 'A3', 'C#2', 'G4', 'G5']	[False, False, False, True, True]	0.45	45
176.55	['A2', 'A3', 'C#2', 'G4', 'G5']	[False, False, False, False, False]	0.45	45
176.7	['A2', 'A3', 'C#2', 'G4', 'G5']	[False, False, False, False, False]	0.45	45
176.85	['A2', 'A3', 'D2', 'D3', 'G4', 'G5']	[False, False, True, True, True, True]	0.15	45
177.0	['A3', 'D2', 'D3', 'G4', 'G5']	[True, False, False, False, False]	0.45	45
177.15	['A3', 'D2', 'D3', 'G4', 'G5']	[False, False, False, False, False]	0.45	45
177.3	['A3', 'D2', 'D3', 'G4', 'G5']	[False, False, False, False, False]	0.45	45
177.45	['A3', 'D2', 'D3', 'E4', 'E5']	[False, False, False, True, True]	0.45	45
177.6	['A3', 'D2', 'D3', 'E4', 'E5']	[False, False, False, False, False]	0.45	45
177.75	['A3', 'D2', 'D3', 'E4', 'E5']	[False, False, False, False, False]	0.45	45
177.9	['A3', 'D2', 'D3', 'F#4', 'F#5']	[False, True, False, True, True]	1.05	45
178.05	['A3', 'D2', 'D3', 'F#4', 'F#5']	[False, False, False, False, False]	1.05	45
178.2	['A3', 'D2', 'D3', 'F#4', 'F#5']	[False, False, False, False, False]	1.05	45
178.35	['A3', 'D2', 'D3', 'F#4', 'F#5']	[False, False, False, False, False]	1.05	45
178.5	['A3', 'D2', 'D3', 'F#4', 'F#5']	[False, False, False, False, False]	1.05	45
178.65	['A3', 'D2', 'D3', 'F#4', 'F#5']	[False, False, False, False, False]	1.05	45
178.8	['A3', 'D2', 'D3', 'F#4', 'F#5']	[False, False, False, False, False]	1.05	45
178.95	['A3', 'C2', 'C3', 'F#4', 'F#5']	[False, True, True, False, False]	1.05	45
179.1	['A3', 'C2', 'C3', 'F#4', 'F#5']	[False, False, False, False, False]	1.05	45
179.25	['A3', 'C2', 'C3', 'F#4', 'F#5']	[False, False, False, False, False]	1.05	45
179.4	['A3', 'C2', 'C3', 'F#4', 'F#5']	[False, False, False, False, False]	1.05	45
179.55	['A3', 'C2', 'C3', 'F#4', 'F#5']	[False, False, False, False, False]	1.05	45
179.7	['A3', 'C2', 'C3', 'F#4', 'F#5']	[False, False, False, False, False]	1.05	45
179.85	['A3', 'C2', 'C3', 'F#4', 'F#5']	[False, False, True, False, False]	1.05	45
180.0	['C3', 'C4', 'F#3', 'F#4', 'F#5']	[False, True, True, False, False]	0.45	46
180.15	['C3', 'C4', 'F#3', 'F#4', 'F#5']	[False, False, False, False, False]	0.45	46
180.3	['C3', 'C4', 'F#3', 'F#4', 'F#5']	[False, False, False, False, False]	0.45	46
180.45	['C3', 'C4', 'F#3', 'G4', 'G5']	[False, False, False, True, True]	0.3	46
180.6	['C3', 'C4', 'F#3', 'G4', 'G5']	[False, False, False, False, False]	0.3	46
180.75	['A4', 'A5', 'C3', 'C4', 'F#3']	[True, True, False, False, False]	0.3	46
180.9	['A4', 'A5', 'C3', 'C4', 'F#3']	[False, False, False, False, False]	0.3	46
181.05	['B2', 'B3', 'D3', 'D4', 'D5']	[True, True, True, True, True]	0.9	46
181.2	['B2', 'B3', 'D3', 'D4', 'D5']	[False, False, False, False, False]	0.9	46
181.35	['B2', 'B3', 'D3', 'D4', 'D5']	[False, False, False, False, False]	0.9	46
181.5	['B2', 'B3', 'D3', 'D4', 'D5']	[False, False, False, False, False]	0.9	46
181.65	['B2', 'B3', 'D3', 'D4', 'D5']	[False, False, False, False, False]	0.9	46
181.8	['B2', 'B3', 'D3', 'D4', 'D5']	[False, False, False, False, False]	0.9	46
181.95	['B1', 'B2', 'B3', 'D4', 'D5', 'G3']	[True, False, False, False, False, True]	0.15	46
182.1	['B1', 'B2', 'D4', 'D5', 'G3']	[False, True, False, False, False]	0.9	46
182.25	['B1', 'B2', 'D4', 'D5', 'G3']	[False, False, False, False, False]	0.9	46
182.4	['B1', 'B2', 'D4', 'D5', 'G3']	[False, False, False, False, False]	0.9	46
182.55	['B1', 'B2', 'D4', 'D5', 'G3']	[False, False, False, False, False]	0.9	46
182.7	['B1', 'B2', 'D4', 'D5', 'G3']	[False, False, False, False, False]	0.9	46
182.85	['B1', 'B2', 'D4', 'D5', 'G3']	[False, False, False, False, False]	0.9	46
183.0	['A1', 'B1', 'B2', 'D4', 'D5', 'F#3', 'G3']	[True, False, False, False, False, True, False]	0.15	46
183.15	['A1', 'A2', 'D4', 'D5', 'F#3']	[False, True, False, False, False]	0.45	46
183.3	['A1', 'A2', 'D4', 'D5', 'F#3']	[False, False, False, False, False]	0.45	46
183.45	['A1', 'A2', 'D4', 'D5', 'F#3']	[False, False, False, False, False]	0.45	46
183.6	['A1', 'A2', 'F#3', 'F#4', 'F#5']	[False, False, False, True, True]	0.45	46
183.75	['A1', 'A2', 'F#3', 'F#4', 'F#5']	[False, False, False, False, False]	0.45	46
183.9	['A1', 'A2', 'F#3', 'F#4', 'F#5']	[False, False, False, False, False]	0.45	46
184.05	['A1', 'A2', 'A3', 'A4', 'A5', 'F#3']	[False, True, True, True, True, False]	0.15	47
184.2	['A2', 'A3', 'A4', 'A5']	[False, False, False, False]	0.3	47
184.35	['A2', 'A3', 'A4', 'A5']	[False, False, False, False]	0.3	47
184.5	['A2', 'A3', 'A4', 'A5', 'C6']	[False, False, False, False, True]	0.15	47
184.65	['A2', 'A3', 'C5', 'C6']	[False, False, True, True]	0.45	47
184.8	['A2', 'A3', 'C5', 'C6']	[False, False, False, False]	0.45	47
184.95	['A2', 'A3', 'C5', 'C6']	[False, False, False, False]	0.45	47
185.1	['A3', 'B3', 'B4', 'B5', 'C6', 'G2', 'G3']	[False, True, True, True, False, True, True]	0.15	47
185.25	['B3', 'B4', 'B5', 'G2', 'G3']	[False, False, False, False, False]	0.75	47
185.4	['B3', 'B4', 'B5', 'G2', 'G3']	[False, False, False, False, False]	0.75	47
185.55	['B3', 'B4', 'B5', 'G2', 'G3']	[False, False, False, False, False]	0.75	47
185.7	['B3', 'B4', 'B5', 'G2', 'G3']	[False, False, False, False, False]	0.75	47
185.85	['B3', 'B4', 'B5', 'G2', 'G3']	[False, False, False, False, False]	0.75	47
186.0	['B3', 'B4', 'B5', 'D4', 'G2', 'G3']	[False, False, False, True, False, False]	0.15	47
186.15	['B4', 'B5', 'D4', 'G1', 'G2', 'G3']	[False, False, False, True, True, False]	0.15	47
186.3	['B4', 'B5', 'D4', 'G1', 'G2']	[False, False, False, False, False]	0.9	47
186.45	['B4', 'B5', 'D4', 'G1', 'G2']	[False, False, False, False, False]	0.9	47
186.6	['B4', 'B5', 'D4', 'G1', 'G2']	[False, False, False, False, False]	0.9	47
186.75	['B4', 'B5', 'D4', 'G1', 'G2']	[False, False, False, False, False]	0.9	47
186.9	['B4', 'B5', 'D4', 'G1', 'G2']	[False, False, False, False, False]	0.9	47
187.05	['B4', 'B5', 'D4', 'G1', 'G2']	[False, False, False, False, False]	0.9	47
187.2	['A3', 'B4', 'B5', 'F#1', 'F#2']	[True, False, False, True, True]	0.9	47
187.35	['A3', 'B4', 'B5', 'F#1', 'F#2']	[False, False, False, False, False]	0.9	47
187.5	['A3', 'B4', 'B5', 'F#1', 'F#2']	[False, False, False, False, False]	0.9	47
187.65	['A3', 'B4', 'B5', 'F#1', 'F#2']	[False, False, False, False, False]	0.9	47
187.8	['A3', 'B4', 'B5', 'F#1', 'F#2']	[False, False, False, False, False]	0.9	47
187.95	['A3', 'B4', 'B5', 'F#1', 'F#2']	[False, False, False, False, False]	0.9	47
188.1	['A3', 'B4', 'B5', 'F#1', 'F#2', 'F#3']	[False, False, False, False, False, True]	0.15	48
188.25	['D4', 'D5', 'F#2', 'F#3']	[True, True, True, True]	0.9	48
188.4	['D4', 'D5', 'F#2', 'F#3']	[False, False, False, False]	0.9	48
188.55	['D4', 'D5', 'F#2', 'F#3']	[False, False, False, False]	0.9	48
188.7	['D4', 'D5', 'F#2', 'F#3']	[False, False, False, False]	0.9	48
188.85	['D4', 'D5', 'F#2', 'F#3']	[False, False, False, False]	0.9	48
189.0	['D4', 'D5', 'F#2', 'F#3']	[False, False, False, False]	0.9	48
189.15	['C#4', 'C#5', 'D4', 'D5', 'F#2', 'F#3']	[True, True, False, False, False, False]	0.15	48
189.3	['C#4', 'C#5', 'E2', 'E3', 'G3']	[False, True, True, True, True]	0.45	48
189.45	['C#4', 'C#5', 'E2', 'E3', 'G3']	[False, False, False, False, False]	0.45	48
189.6	['C#4', 'C#5', 'E2', 'E3', 'G3']	[False, False, False, False, False]	0.45	48
189.75	['E2', 'E3', 'E4', 'E5', 'G3']	[False, False, True, True, False]	0.45	48
189.9	['E2', 'E3', 'E4', 'E5', 'G3']	[False, False, False, False, False]	0.45	48
190.05	['E2', 'E3', 'E4', 'E5', 'G3']	[False, False, False, False, False]	0.45	48
190.2	['E2', 'E3', 'E4', 'E5', 'G3', 'G4', 'G5']	[True, False, False, False, False, True, True]	0.15	48
190.35	['E2', 'G3', 'G4', 'G5']	[False, False, False, False]	0.9	48
190.5	['E2', 'G3', 'G4', 'G5']	[False, False, False, False]	0.9	48
190.65	['E2', 'G3', 'G4', 'G5']	[False, False, False, False]	0.9	48
190.8	['E2', 'G3', 'G4', 'G5']	[False, False, False, False]	0.9	48
190.95	['E2', 'G3', 'G4', 'G5']	[False, False, False, False]	0.9	48
191.1	['E2', 'G3', 'G4', 'G5']	[False, False, False, False]	0.9	48
191.25	['B3', 'D2', 'E2', 'G3', 'G4', 'G5']	[True, True, False, False, False, False]	0.15	48
191.4	['B3', 'D2', 'G4', 'G5']	[False, False, False, False]	0.9	48
191.55	['B3', 'D2', 'G4', 'G5']	[False, False, False, False]	0.9	48
191.7	['B3', 'D2', 'G4', 'G5']	[False, False, False, False]	0.9	48
191.85	['B3', 'D2', 'G4', 'G5']	[False, False, False, False]	0.9	48
192.0	['B3', 'D2', 'G4', 'G5']	[False, False, False, False]	0.9	49
192.15	['B3', 'D2', 'G4', 'G5']	[False, False, False, False]	0.9	49
192.3	['B3', 'B4', 'D3']	[True, True, True]	1.05	49
192.45	['B3', 'B4', 'D3']	[False, False, False]	1.05	49
192.6	['B3', 'B4', 'D3']	[False, False, False]	1.05	49
192.75	['B3', 'B4', 'D3']	[False, False, False]	1.05	49
192.9	['B3', 'B4', 'D3']	[False, False, False]	1.05	49
193.05	['B3', 'B4', 'D3']	[False, False, False]	1.05	49
193.2	['B3', 'B4', 'D3']	[False, False, False]	1.05	49
193.35	['A3', 'A4', 'C#3', 'E4']	[True, True, True, True]	0.9	49
193.5	['A3', 'A4', 'C#3', 'E4']	[False, False, False, False]	0.9	49
193.65	['A3', 'A4', 'C#3', 'E4']	[False, False, False, False]	0.9	49
193.8	['A3', 'A4', 'C#3', 'E4']	[False, False, False, False]	0.9	49
193.95	['A3', 'A4', 'C#3', 'E4']	[False, False, False, False]	0.9	49
194.1	['A3', 'A4', 'C#3', 'E4']	[False, False, False, False]	0.9	49
194.25	['A2', 'A3', 'A4', 'C#3', 'C#4', 'E4', 'E5']	[True, False, False, False, True, True, True]	0.15	49
194.4	['A2', 'C#4', 'E4', 'E5']	[True, False, False, True]	0.45	49
194.55	['A2', 'C#4', 'E4', 'E5']	[False, False, False, False]	0.45	49
194.7	['A2', 'C#4', 'E4', 'E5']	[False, False, False, False]	0.45	49
194.85	['A2', 'C#4', 'E5', 'F#4', 'F#5']	[False, False, False, True, True]	0.15	49
195.0	['A2', 'C#4', 'F#4', 'F#5']	[False, False, False, False]	0.15	49
195.15	['A2', 'C#4', 'G4', 'G5']	[False, False, True, True]	0.15	49
195.3	['A2', 'C#4', 'D3', 'D4', 'G4', 'G5']	[False, False, True, True, True, True]	0.15	49
195.45	['D3', 'D4', 'G4', 'G5']	[True, False, False, True]	0.45	49
195.6	['D3', 'D4', 'G4', 'G5']	[False, False, False, False]	0.45	49
195.75	['D3', 'D4', 'G4', 'G5']	[False, False, False, False]	0.45	49
195.9	['D3', 'D4', 'F#4', 'F#5', 'G5']	[False, False, True, True, False]	0.15	49
196.05	['D3', 'D4', 'F#4', 'F#5']	[False, False, False, False]	0.3	50
196.2	['D3', 'D4', 'F#4', 'F#5']	[False, False, False, False]	0.3	50
196.35	['D3', 'D4', 'F#4', 'F#5', 'G2']	[False, False, False, False, True]	0.15	50
196.5	['B3', 'F#4', 'F#5', 'G2', 'G3']	[True, False, False, False, True]	0.45	50
196.65	['B3', 'F#4', 'F#5', 'G2', 'G3']	[False, False, False, False, False]	0.45	50
196.8	['B3', 'F#4', 'F#5', 'G2', 'G3']	[False, False, False, False, False]	0.45	50
196.95	['E4', 'E5', 'G2', 'G3']	[True, True, False, True]	0.45	50
197.1	['E4', 'E5', 'G2', 'G3']	[False, False, False, False]	0.45	50
197.25	['E4', 'E5', 'G2', 'G3']	[False, False, False, False]	0.45	50
197.4	['D5', 'G2', 'G3']	[True, False, False]	0.15	50
197.55	['A2', 'A3', 'D4', 'D5']	[True, True, True, True]	0.15	50
197.7	['A2', 'A3', 'C#4', 'C#5', 'D5']	[False, False, True, True, False]	0.15	50
197.85	['A2', 'A3', 'C#4', 'C#5']	[False, False, False, False]	0.15	50
198.0	['A2', 'A3', 'B3', 'B4']	[False, False, True, True]	0.45	50
198.15	['A2', 'A3', 'B3', 'B4']	[False, False, False, False]	0.45	50
198.3	['A2', 'A3', 'B3', 'B4']	[False, False, False, False]	0.45	50
198.45	['A2', 'A3', 'B3', 'B4', 'G3']	[False, False, False, False, True]	0.15	50
198.6	['A2', 'B3', 'B4', 'G3']	[False, False, False, False]	0.45	50
198.75	['A2', 'B3', 'B4', 'G3']	[False, False, False, False]	0.45	50
198.9	['A2', 'B3', 'B4', 'G3']	[False, False, False, False]	0.45	50
199.05	['A2', 'C#4', 'C#5', 'E3', 'G3']	[False, True, True, True, False]	0.6	50
199.2	['A2', 'C#4', 'C#5', 'E3', 'G3']	[False, False, False, False, False]	0.6	50
199.35	['A2', 'C#4', 'C#5', 'E3', 'G3']	[False, False, False, False, False]	0.6	50
199.5	['A2', 'C#4', 'C#5', 'E3', 'G3']	[False, False, False, False, False]	0.6	50
199.65	['A1', 'A3', 'D4', 'D5', 'F#3', 'G3']	[True, True, True, True, True, False]	0.15	50
199.8	['A1', 'A3', 'D4', 'D5', 'F#3']	[False, False, False, False, False]	0.9	50
199.95	['A1', 'A3', 'D4', 'D5', 'F#3']	[False, False, False, False, False]	0.9	50
200.1	['A1', 'A3', 'D4', 'D5', 'F#3']	[False, False, False, False, False]	0.9	51
200.25	['A1', 'A3', 'D4', 'D5', 'F#3']	[False, False, False, False, False]	0.9	51
200.4	['A1', 'A3', 'D4', 'D5', 'F#3']	[False, False, False, False, False]	0.9	51
200.55	['A1', 'A3', 'D4', 'D5', 'F#3']	[False, False, False, False, False]	0.9	51
200.7	['A1', 'A3', 'D4', 'D5']	[False, False, False, False]	0.15	51
200.85	['A1', 'A2', 'A3', 'C#4', 'C#5', 'G3']	[False, True, False, True, True, True]	0.15	51
201.0	['A2', 'C#4', 'C#5', 'G3']	[False, False, False, False]	0.45	51
201.15	['A2', 'C#4', 'C#5', 'G3']	[False, False, False, False]	0.45	51
201.3	['A2', 'C#4', 'C#5', 'G3']	[False, False, False, False]	0.45	51
201.45	['A2', 'C#4', 'C#5', 'D4', 'D5', 'F#3', 'G3']	[False, False, False, True, True, True, False]	0.15	51
201.6	['A2', 'D4', 'D5', 'F#3']	[False, False, True, False]	0.45	51
201.75	['A2', 'D4', 'D5', 'F#3']	[False, False, False, False]	0.45	51
201.9	['A2', 'D4', 'D5', 'F#3']	[False, False, False, False]	0.45	51
202.05	['A2']	[False]	0.15	51
202.2	['A2', 'D2', 'D3', 'D4', 'D5', 'F#3']	[False, True, True, True, True, True]	0.15	51
202.35	['D2', 'D3', 'D4', 'D5', 'F#3']	[False, False, False, False, False]	4.2	51
202.5	['D2', 'D3', 'D4', 'D5', 'F#3']	[False, False, False, False, False]	4.2	51
202.65	['D2', 'D3', 'D4', 'D5', 'F#3']	[False, False, False, False, False]	4.2	51
202.8	['D2', 'D3', 'D4', 'D5', 'F#3']	[False, False, False, False, False]	4.2	51
202.95	['D2', 'D3', 'D4', 'D5', 'F#3']	[False, False, False, False, False]	4.2	51
203.1	['D2', 'D3', 'D4', 'D5', 'F#3']	[False, False, False, False, False]	4.2	51
203.25	['D2', 'D3', 'D4', 'D5', 'F#3']	[False, False, False, False, False]	4.2	51
203.4	['D2', 'D3', 'D4', 'D5', 'F#3']	[False, False, False, False, False]	4.2	51
203.55	['D2', 'D3', 'D4', 'D5', 'F#3']	[False, False, False, False, False]	4.2	51
203.7	['D2', 'D3', 'D4', 'D5', 'F#3']	[False, False, False, False, False]	4.2	51
203.85	['D2', 'D3', 'D4', 'D5', 'F#3']	[False, False, False, False, False]	4.2	51
204.0	['D2', 'D3', 'D4', 'D5', 'F#3']	[False, False, False, False, False]	4.2	52
204.15	['D2', 'D3', 'D4', 'D5', 'F#3']	[False, False, False, False, False]	4.2	52
204.3	['D2', 'D3', 'D4', 'D5', 'F#3']	[False, False, False, False, False]	4.2	52
204.45	['D2', 'D3', 'D4', 'D5', 'F#3']	[False, False, False, False, False]	4.2	52
204.6	['D2', 'D3', 'D4', 'D5', 'F#3']	[False, False, False, False, False]	4.2	52
204.75	['D2', 'D3', 'D4', 'D5', 'F#3']	[False, False, False, False, False]	4.2	52
204.9	['D2', 'D3', 'D4', 'D5', 'F#3']	[False, False, False, False, False]	4.2	52
205.05	['D2', 'D3', 'D4', 'D5', 'F#3']	[False, False, False, False, False]	4.2	52
205.2	['D2', 'D3', 'D4', 'D5', 'F#3']	[False, False, False, False, False]	4.2	52
205.35	['D2', 'D3', 'D4', 'D5', 'F#3']	[False, False, False, False, False]	4.2	52
205.5	['D2', 'D3', 'D4', 'D5', 'F#3']	[False, False, False, False, False]	4.2	52
205.65	['D2', 'D3', 'D4', 'D5', 'F#3']	[False, False, False, False, False]	4.2	52
205.8	['D2', 'D3', 'D4', 'D5', 'F#3']	[False, False, False, False, False]	4.2	52
205.95	['D2', 'D3', 'D4', 'D5', 'F#3']	[False, False, False, False, False]	4.2	52
206.1	['D2', 'D3', 'D4', 'D5', 'F#3']	[False, False, False, False, False]	4.2	52
206.25	['D2', 'D3', 'D4', 'D5', 'F#3']	[False, False, False, False, False]	4.2	52
206.4	['D2', 'D3', 'D4', 'D5', 'F#3']	[False, False, False, False, False]	4.2	52
206.55	['D2', 'D4', 'D5']	[False, False, False]	0.3	52
206.7	['D2', 'D4', 'D5']	[False, False, False]	0.3	52
206.85	['D2']	[False]	0.15	52
207.0	[]	[]	0.15	52
