j_offset	s_notes	s_isOnset	s_duration	s_measure
0.0	['B1']	[True]	0.3	1
0.15	['B1']	[False]	0.3	1
0.3	['A3', 'B1', 'B3', 'D#4', 'F#4']	[True, True, True, True, True]	0.6	1
0.45	['A3', 'B1', 'B3', 'D#4', 'F#4']	[False, False, False, False, False]	0.6	1
0.6	['A3', 'B1', 'B3', 'D#4', 'F#4']	[False, False, False, False, False]	0.6	1
0.75	['A3', 'B1', 'B3', 'D#4', 'F#4']	[False, False, False, False, False]	0.6	1
0.9	['A3', 'B3', 'D#4', 'F#1', 'F#4']	[False, False, False, True, False]	0.15	1
1.05	['F#1']	[False]	0.15	1
1.2	['A3', 'B1', 'B3', 'D#4', 'F#4']	[True, True, True, True, True]	0.3	1
1.35	['A3', 'B1', 'B3', 'D#4', 'F#4']	[False, False, False, False, False]	0.3	1
1.5	['A3', 'B1', 'B3', 'D#4', 'F#4', 'G#3']	[False, True, False, False, False, True]	0.15	1
1.65	['B1', 'G#3']	[False, False]	0.15	1
1.8	['A3', 'B1', 'B3', 'D#4', 'F#4']	[True, False, True, True, True]	0.3	1
1.95	['A3', 'B1', 'B3', 'D#4', 'F#4']	[False, False, False, False, False]	0.3	1
2.1	['F#1', 'G#3']	[True, True]	0.3	1
2.25	['F#1', 'G#3']	[False, False]	0.3	1
2.4	['B3', 'C#4', 'E2', 'E4', 'G#3']	[True, True, True, True, True]	0.45	1
2.55	['B3', 'C#4', 'E2', 'E4', 'G#3']	[False, False, False, False, False]	0.45	1
2.7	['B3', 'C#4', 'E2', 'E4', 'G#3']	[False, False, True, False, False]	0.45	1
2.85	['B3', 'C#4', 'E2', 'E4', 'G#3', 'G#4']	[False, False, False, False, True, True]	0.15	1
3.0	['B3', 'B4', 'E2', 'E4', 'G#3', 'G#4']	[False, True, False, True, False, False]	0.15	1
3.15	['B3', 'B4', 'E2', 'E4', 'G#3']	[False, False, False, False, False]	0.15	1
3.3	['B1', 'B3', 'E4', 'G#3']	[True, False, False, False]	0.15	1
3.45	['B1', 'B3', 'B4', 'E4', 'G#4']	[False, True, True, True, True]	0.15	1
3.6	['B3', 'B4', 'E2', 'E4', 'G#3', 'G#4']	[True, False, True, True, True, False]	0.3	1
3.75	['B3', 'B4', 'E2', 'E4', 'G#3', 'G#4']	[False, True, False, True, False, True]	0.3	1
3.9	['B3', 'B4', 'E2', 'E4', 'G#4']	[False, False, True, False, False]	0.3	1
4.05	['B3', 'B4', 'E2', 'E4', 'G#4']	[False, True, False, True, True]	0.3	2
4.2	['B3', 'B4', 'D#2', 'E4', 'G#3', 'G#4']	[True, False, True, True, True, False]	0.15	2
4.35	['B3', 'D#2', 'E4', 'G#3']	[False, False, False, False]	0.15	2
4.5	['B3', 'D2']	[False, True]	0.15	2
4.65	['B3', 'C#5', 'D2', 'G#4']	[False, True, False, True]	0.15	2
4.8	['C#2', 'C#4', 'C#5', 'E4', 'G#3', 'G#4']	[True, True, False, True, True, False]	0.15	2
4.95	['C#2', 'C#4', 'E4', 'G#3']	[False, False, False, False]	0.15	2
5.1	['C#2', 'C#4', 'C#5', 'E4', 'G#3', 'G#4']	[True, True, True, True, True, True]	0.15	2
5.25	['C#2', 'C#4', 'E4', 'G#3', 'G#4']	[False, False, False, False, False]	0.15	2
5.4	['B4', 'C#2', 'E4', 'G#4']	[True, False, True, False]	0.3	2
5.55	['B4', 'C#2', 'E4', 'G#4']	[False, False, False, False]	0.3	2
5.7	['C#4', 'C#5', 'E4', 'G#1', 'G#3', 'G#4']	[True, True, True, True, True, True]	0.3	2
5.85	['C#4', 'C#5', 'E4', 'G#1', 'G#3', 'G#4']	[False, False, False, False, False, False]	0.3	2
6.0	['C#2', 'C#4', 'C#5', 'E4', 'G#3', 'G#4']	[True, False, False, False, False, False]	0.3	2
6.15	['C#2', 'C#4', 'C#5', 'E4', 'G#3', 'G#4']	[False, False, False, False, False, False]	0.3	2
6.3	['B3', 'C#2']	[True, True]	0.3	2
6.45	['B3', 'C#2']	[False, False]	0.3	2
6.6	['B3', 'C#2', 'C#4']	[False, False, True]	0.15	2
6.75	['C#2', 'C#4']	[False, False]	0.15	2
6.9	['B3', 'C#4', 'G#1']	[True, False, True]	0.15	2
7.05	['B3', 'G#1']	[False, False]	0.15	2
7.2	['A3', 'C#4', 'F#1', 'F#4']	[True, True, True, True]	0.3	2
7.35	['A3', 'C#4', 'F#1', 'F#4']	[False, False, False, False]	0.3	2
7.5	['A3', 'C#4', 'F#1', 'F#4', 'G#4']	[True, True, True, True, True]	0.3	2
7.65	['A3', 'C#4', 'F#1', 'F#4', 'G#4']	[False, False, False, False, False]	0.3	2
7.8	['A4', 'C#5', 'F#1', 'F#5', 'G#4']	[True, True, False, True, False]	0.15	2
7.95	['F#1', 'G#4']	[False, False]	0.15	2
8.1	['C#1', 'G#4']	[True, False]	0.3	3
8.25	['C#1', 'G#4']	[False, False]	0.3	3
8.4	['A3', 'A4', 'C#4', 'C#5', 'F#4', 'F#5', 'G#1', 'G#4']	[True, True, True, True, True, True, True, False]	0.15	3
8.55	['A3', 'A4', 'C#4', 'F#4', 'F#5', 'G#1', 'G#4']	[False, False, False, False, False, False, False]	0.15	3
8.7	['A3', 'A4', 'C#4', 'D#5', 'F#4', 'F#5', 'G#1', 'G#4']	[False, False, False, True, False, False, True, False]	0.15	3
8.85	['A4', 'D#5', 'G#1', 'G#4']	[False, False, False, False]	0.15	3
9.0	['A1', 'A3', 'A4', 'C#4', 'C#5', 'D#5', 'F#4']	[True, True, False, True, True, False, True]	0.15	3
9.15	['A1', 'A3', 'C#4', 'C#5', 'F#4']	[False, False, False, False, False]	0.15	3
9.3	['A#1', 'D#5']	[True, True]	0.15	3
9.45	['A#1']	[False]	0.15	3
9.6	['B1', 'B4', 'D#5', 'F#4', 'F#5']	[True, True, True, True, True]	0.15	3
9.75	['B1', 'F#4']	[False, False]	0.15	3
9.9	['A3', 'B1', 'B3', 'B4', 'D#4', 'D#5', 'F#4', 'F#5']	[True, True, True, True, True, True, True, True]	0.15	3
10.05	['A3', 'B1', 'B3', 'B4', 'D#4', 'F#4', 'F#5']	[False, False, False, False, False, False, False]	0.15	3
10.2	['A3', 'B1', 'B3', 'D#4', 'F#4']	[False, False, False, False, False]	0.15	3
10.35	['A3', 'B1', 'B3', 'B4', 'D#4', 'D#5', 'F#4', 'F#5']	[False, False, False, True, False, True, False, True]	0.15	3
10.5	['A3', 'B3', 'B4', 'D#4', 'D#5', 'F#1', 'F#4', 'F#5']	[False, False, False, False, False, True, False, False]	0.15	3
10.65	['B4', 'D#5', 'F#1', 'F#5']	[False, False, False, False]	0.15	3
10.8	['A3', 'B1', 'B3', 'B4', 'D#4', 'D#5', 'F#4', 'F#5']	[True, True, True, False, True, False, True, False]	0.15	3
10.95	['A3', 'B1', 'B3', 'D#4', 'F#4']	[False, False, False, False, False]	0.3	3
11.1	['A3', 'B1', 'B3', 'D#4', 'F#4']	[False, True, False, False, False]	0.3	3
11.25	['B1']	[False]	0.15	3
11.4	['A3', 'B1', 'B3', 'D#4', 'F#4']	[True, False, True, True, True]	0.3	3
11.55	['A3', 'B1', 'B3', 'D#4', 'F#4']	[False, False, False, False, False]	0.3	3
11.7	['F#1']	[True]	0.3	3
11.85	['F#1']	[False]	0.3	3
12.0	['B3', 'E2', 'E4', 'G#3']	[True, True, True, True]	0.6	4
12.15	['B3', 'E2', 'E4', 'G#3']	[False, False, False, False]	0.6	4
12.3	['B3', 'E2', 'E4', 'G#3']	[True, True, True, True]	0.6	4
12.45	['B3', 'E2', 'E4', 'G#3']	[False, False, False, False]	0.6	4
12.6	['B3', 'E2']	[True, False]	0.3	4
12.75	['B3', 'E2']	[False, False]	0.3	4
12.9	['B1', 'B3', 'E4', 'G#3']	[True, True, True, True]	0.3	4
13.05	['B1', 'B3', 'E4', 'G#3']	[False, False, False, False]	0.3	4
13.2	['B3', 'E2', 'E4', 'G#3']	[True, True, False, False]	0.3	4
13.35	['B3', 'E2', 'E4', 'G#3']	[False, False, False, False]	0.3	4
13.5	['B3', 'E2']	[True, True]	0.45	4
13.65	['B3', 'E2']	[False, False]	0.45	4
13.8	['B3', 'E2']	[False, False]	0.45	4
13.95	['E2']	[False]	0.15	4
14.1	['B1']	[True]	0.3	4
14.25	['B1']	[False]	0.3	4
14.4	['B3', 'D#4', 'G#1', 'G#3']	[True, True, True, True]	0.45	4
14.55	['B3', 'D#4', 'G#1', 'G#3']	[False, False, False, False]	0.45	4
14.7	['B3', 'D#4', 'G#1', 'G#3']	[True, True, True, True]	0.45	4
14.85	['B3', 'D#4', 'E4', 'G#1', 'G#3']	[False, False, True, False, False]	0.15	4
15.0	['E4', 'G#1']	[False, False]	0.3	4
15.15	['E4', 'G#1']	[False, False]	0.3	4
15.3	['B3', 'D#1', 'D#4', 'G#3']	[True, True, True, True]	0.6	4
15.45	['B3', 'D#1', 'D#4', 'G#3']	[False, False, False, False]	0.6	4
15.6	['B3', 'D#1', 'D#4', 'G#3']	[False, True, False, False]	0.6	4
15.75	['B3', 'D#1', 'D#4', 'G#3']	[False, False, False, False]	0.6	4
15.9	['D#1', 'D#4']	[True, True]	0.15	4
16.05	['D#1']	[False]	0.15	5
16.2	['D#4', 'E1']	[True, True]	0.6	5
16.35	['D#4', 'E1']	[False, False]	0.6	5
16.5	['D#4', 'E1']	[False, True]	0.6	5
16.65	['D#4', 'E1']	[False, False]	0.6	5
16.8	['A3', 'C#4', 'D#4', 'F#1', 'F#4']	[True, True, False, True, True]	0.15	5
16.95	['A3', 'C#4', 'F#1', 'F#4']	[False, False, False, False]	0.45	5
17.1	['A3', 'C#4', 'F#1', 'F#4']	[True, True, True, True]	0.45	5
17.25	['A3', 'C#4', 'F#1', 'F#4']	[False, False, False, False]	0.45	5
17.4	['A3', 'A4', 'C#5', 'F#1', 'F#4']	[True, True, True, False, True]	0.3	5
17.55	['A3', 'A4', 'C#5', 'F#1', 'F#4']	[False, False, False, False, False]	0.3	5
17.7	['A3', 'C#1', 'F#3']	[False, True, True]	0.15	5
17.85	['C#1', 'F#3']	[False, False]	0.15	5
18.0	['A3', 'A4', 'C#4', 'C#5', 'F#1', 'F#3', 'F#4']	[True, True, True, True, True, False, True]	0.3	5
18.15	['A3', 'A4', 'C#4', 'C#5', 'F#1', 'F#3', 'F#4']	[False, False, False, False, False, False, False]	0.3	5
18.3	['A3', 'C#4', 'F#1', 'F#3', 'F#4']	[False, False, True, False, False]	0.15	5
18.45	['F#1', 'F#3', 'F#4']	[False, False, True]	0.15	5
18.6	['A3', 'A4', 'C#4', 'C#5', 'F#1', 'F#3', 'F#4']	[True, True, True, True, False, False, True]	0.15	5
18.75	['A3', 'C#4', 'F#1', 'F#3', 'F#4']	[False, False, False, False, False]	0.15	5
18.9	['C#1']	[True]	0.15	5
19.05	['C#1', 'D#5', 'F#4']	[False, True, True]	0.15	5
19.2	['B1', 'B4', 'D#5', 'F#4']	[True, True, False, False]	0.15	5
19.35	['B1']	[False]	0.15	5
19.5	['A3', 'B1', 'B3', 'B4', 'D#4', 'D#5', 'F#4']	[True, True, True, True, True, True, True]	0.3	5
19.65	['A3', 'B1', 'B3', 'B4', 'D#4', 'D#5', 'F#4']	[False, False, False, False, False, False, False]	0.3	5
19.8	['A3', 'B1', 'B3', 'D#4', 'F#4']	[False, False, False, False, False]	0.3	5
19.95	['A3', 'B1', 'B3', 'D#4', 'F#4']	[False, False, False, False, False]	0.3	5
20.1	['A3', 'B3', 'B4', 'D#4', 'D#5', 'F#1', 'F#4']	[False, False, True, False, True, True, True]	0.15	6
20.25	['B4', 'D#5', 'F#1', 'F#4']	[False, False, False, False]	0.15	6
20.4	['A3', 'B3', 'B4', 'D#4', 'D#5', 'F#2', 'F#4']	[True, True, False, True, False, True, True]	0.3	6
20.55	['A3', 'B3', 'B4', 'D#4', 'D#5', 'F#2', 'F#4']	[False, False, False, False, False, False, False]	0.3	6
20.7	['A3', 'B3', 'D#4', 'F#2', 'F#4']	[False, False, False, True, False]	0.15	6
20.85	['F#2']	[False]	0.15	6
21.0	['A2', 'A3', 'B3', 'D#4', 'F#4']	[True, True, True, True, True]	0.3	6
21.15	['A2', 'A3', 'B3', 'D#4', 'F#4']	[False, False, False, False, False]	0.3	6
21.3	['A2']	[True]	0.3	6
21.45	['A2']	[False]	0.3	6
21.6	['B3', 'E2', 'E4', 'G#3']	[True, True, True, True]	0.9	6
21.75	['B3', 'E2', 'E4', 'G#3']	[False, False, False, False]	0.9	6
21.9	['B3', 'E2', 'E4', 'G#3']	[False, True, False, False]	0.9	6
22.05	['B3', 'E2', 'E4', 'G#3']	[False, False, False, False]	0.9	6
22.2	['B3', 'E2', 'E4', 'G#3']	[True, False, False, False]	0.9	6
22.35	['B3', 'E2', 'E4', 'G#3']	[False, False, False, False]	0.9	6
22.5	['B1', 'B3', 'E4', 'G#3']	[True, True, False, False]	0.15	6
22.65	['B1', 'B3']	[False, False]	0.15	6
22.8	['B3', 'E2', 'E4', 'G#3']	[True, True, True, True]	0.3	6
22.95	['B3', 'E2', 'E4', 'G#3']	[False, False, False, False]	0.3	6
23.1	['B3', 'E2']	[True, True]	0.3	6
23.25	['B3', 'E2']	[False, False]	0.3	6
23.4	['B3', 'E2', 'E4', 'G#3']	[True, False, True, True]	0.3	6
23.55	['B3', 'E2', 'E4', 'G#3']	[False, False, False, False]	0.3	6
23.7	['B1', 'B3']	[True, False]	0.3	6
23.85	['B1', 'B3']	[False, False]	0.3	6
24.0	['B3', 'D#4', 'G#1', 'G#3']	[True, True, True, True]	0.6	7
24.15	['B3', 'D#4', 'G#1', 'G#3']	[False, False, False, False]	0.6	7
24.3	['B3', 'D#4', 'G#1', 'G#3']	[True, True, True, True]	0.6	7
24.45	['B3', 'D#4', 'G#1', 'G#3']	[False, False, False, False]	0.6	7
24.6	['E4', 'G#1']	[True, False]	0.3	7
24.75	['E4', 'G#1']	[False, False]	0.3	7
24.9	['D#1', 'D#4']	[True, True]	0.3	7
25.05	['D#1', 'D#4']	[False, False]	0.3	7
25.2	['B3', 'D#1', 'D#4', 'G#3']	[True, True, True, True]	0.45	7
25.35	['B3', 'D#1', 'D#4', 'G#3']	[False, False, False, False]	0.45	7
25.5	['B3', 'D#1', 'D#4', 'G#3']	[False, True, True, False]	0.45	7
25.65	['D#1']	[False]	0.15	7
25.8	['B3', 'D#4', 'E1', 'G#3']	[True, True, True, True]	0.3	7
25.95	['B3', 'D#4', 'E1', 'G#3']	[False, True, False, False]	0.3	7
26.1	['D#4', 'E1']	[False, True]	0.15	7
26.25	['C#4', 'D#4', 'E1']	[True, False, False]	0.15	7
26.4	['A3', 'C#4', 'F#1', 'F#4']	[True, True, True, True]	0.45	7
26.55	['A3', 'C#4', 'F#1', 'F#4']	[False, False, False, False]	0.45	7
26.7	['A3', 'C#4', 'F#1', 'F#4']	[True, True, True, True]	0.45	7
26.85	['A3', 'B3', 'C#4', 'F#1', 'F#4']	[False, True, False, False, False]	0.15	7
27.0	['A4', 'B3', 'C#5', 'F#1', 'F#4']	[True, False, True, False, True]	0.3	7
27.15	['A4', 'B3', 'C#5', 'F#1', 'F#4']	[False, False, False, False, False]	0.3	7
27.3	['B3', 'C#1', 'F#3']	[False, True, True]	0.15	7
27.45	['C#1', 'F#3']	[False, False]	0.15	7
27.6	['A3', 'A4', 'C#4', 'C#5', 'F#1', 'F#3', 'F#4']	[True, True, True, True, True, False, True]	0.3	7
27.75	['A3', 'A4', 'C#4', 'C#5', 'F#1', 'F#3', 'F#4']	[False, False, False, False, False, False, False]	0.3	7
27.9	['A3', 'C#4', 'F#1', 'F#3', 'F#4']	[False, False, True, False, False]	0.15	7
28.05	['F#1', 'F#3']	[False, False]	0.15	8
28.2	['A3', 'A4', 'C#4', 'C#5', 'F#1', 'F#3', 'F#4']	[True, True, True, True, False, False, True]	0.3	8
28.35	['A3', 'A4', 'C#4', 'C#5', 'F#1', 'F#3', 'F#4']	[False, False, False, False, False, False, False]	0.3	8
28.5	['C#1']	[True]	0.3	8
28.65	['C#1']	[False]	0.3	8
28.8	['A3', 'B1', 'B3', 'B4', 'D#4', 'D#5', 'F#4']	[True, True, True, True, True, True, True]	0.15	8
28.95	['A3', 'B1', 'B3', 'D#4', 'F#4']	[False, False, False, False, False]	0.15	8
29.1	['A3', 'B1', 'B3', 'B4', 'D#4', 'D#5', 'F#4']	[False, True, False, True, False, True, True]	0.3	8
29.25	['A3', 'B1', 'B3', 'B4', 'D#4', 'D#5', 'F#4']	[False, False, False, False, False, False, False]	0.3	8
29.4	['A3', 'B1', 'B3', 'D#4', 'F#4']	[False, False, False, False, False]	0.3	8
29.55	['A3', 'B1', 'B3', 'D#4', 'F#4']	[False, False, False, False, False]	0.3	8
29.7	['A3', 'B3', 'B4', 'D#4', 'D#5', 'F#1', 'F#4']	[False, False, True, False, True, True, True]	0.15	8
29.85	['B4', 'D#5', 'F#1', 'F#4']	[False, False, False, False]	0.15	8
30.0	['A3', 'B3', 'B4', 'C#2', 'D#4', 'D#5', 'F#4']	[True, True, False, True, True, False, True]	0.15	8
30.15	['A3', 'B3', 'C#2', 'D#4', 'F#4']	[False, False, False, False, False]	0.15	8
30.3	['C#2', 'G#3']	[True, True]	0.3	8
30.45	['C#2', 'G#3']	[False, False]	0.3	8
30.6	['A3', 'B3', 'D#4', 'D2', 'F#4']	[True, True, True, True, True]	0.15	8
30.75	['A3', 'B3', 'D#4', 'D2', 'F#4', 'G#3']	[False, False, False, False, False, True]	0.15	8
30.9	['D#2', 'G#3']	[True, False]	0.3	8
31.05	['D#2', 'G#3']	[False, False]	0.3	8
31.2	['B3', 'C#4', 'E2', 'E4', 'G#3']	[True, True, True, True, True]	0.6	8
31.35	['B3', 'C#4', 'E2', 'E4', 'G#3']	[False, False, False, False, False]	0.6	8
31.5	['B3', 'C#4', 'E2', 'E4', 'G#3']	[False, False, True, False, False]	0.6	8
31.65	['B3', 'C#4', 'E2', 'E4', 'G#3']	[False, False, False, False, True]	0.6	8
31.8	['B3', 'B4', 'E2', 'E4', 'G#3', 'G#4']	[False, True, False, True, False, True]	0.15	8
31.95	['B3', 'E2', 'E4', 'G#3']	[False, False, False, False]	0.15	8
32.1	['B1', 'B3', 'E4', 'G#3']	[True, True, False, False]	0.15	9
32.25	['B1', 'B3']	[False, False]	0.15	9
32.4	['B3', 'B4', 'E2', 'E4', 'G#3', 'G#4']	[True, True, True, True, True, True]	0.15	9
32.55	['B3', 'E2', 'E4', 'G#3']	[False, False, False, False]	0.15	9
32.7	['B3', 'B4', 'E2', 'G#4']	[False, True, True, True]	0.15	9
32.85	['B3', 'E2']	[False, False]	0.15	9
33.0	['B3', 'B4', 'E2', 'E4', 'G#3']	[True, True, False, True, True]	0.3	9
33.15	['B3', 'B4', 'E2', 'E4', 'G#3']	[False, False, False, False, False]	0.3	9
33.3	['B1', 'B3', 'G#4']	[True, False, True]	0.15	9
33.45	['B1', 'B3']	[False, False]	0.15	9
33.6	['B3', 'C#2', 'C#4', 'C#5', 'E4', 'G#3']	[False, True, True, True, True, True]	0.15	9
33.75	['C#2', 'C#4', 'C#5', 'E4', 'G#3']	[False, False, False, False, False]	0.15	9
33.9	['C#2', 'C#4', 'E4', 'G#3', 'G#4']	[True, True, True, True, True]	0.3	9
34.05	['C#2', 'C#4', 'E4', 'G#3', 'G#4']	[False, False, False, False, False]	0.3	9
34.2	['C#2']	[False]	0.3	9
34.35	['C#2']	[False]	0.3	9
34.5	['B4', 'E4', 'G#1']	[True, True, True]	0.3	9
34.65	['B4', 'E4', 'G#1']	[False, False, False]	0.3	9
34.8	['B1', 'B4', 'C#4', 'E4', 'G#3']	[True, False, True, True, True]	0.3	9
34.95	['B1', 'B4', 'C#4', 'E4', 'G#3']	[False, False, False, False, False]	0.3	9
35.1	['B1', 'B3', 'C#4', 'E4', 'G#3']	[True, True, False, False, False]	0.15	9
35.25	['B1', 'B3']	[False, False]	0.15	9
35.4	['A1', 'B3', 'C#4', 'E4', 'G#3']	[True, False, True, True, True]	0.15	9
35.55	['A1', 'C#4', 'E4', 'G#3']	[False, False, False, False]	0.15	9
35.7	['B3', 'G#1']	[True, True]	0.3	9
35.85	['B3', 'G#1']	[False, False]	0.3	9
36.0	['A3', 'C#4', 'F#1', 'F#4']	[True, True, True, True]	0.45	10
36.15	['A3', 'C#4', 'F#1', 'F#4']	[False, False, False, False]	0.45	10
36.3	['A3', 'C#4', 'F#1', 'F#4']	[False, False, True, False]	0.45	10
36.45	['A3', 'C#4', 'F#1', 'F#4', 'G#4']	[False, False, False, False, True]	0.15	10
36.6	['A3', 'A4', 'C#4', 'C#5', 'F#1', 'F#4', 'F#5', 'G#4']	[False, True, False, True, False, False, True, False]	0.15	10
36.75	['A3', 'C#4', 'F#1', 'F#4', 'G#4']	[False, False, False, False, False]	0.15	10
36.9	['A3', 'C#1', 'C#4', 'F#4', 'G#4']	[False, True, False, False, False]	0.15	10
37.05	['C#1', 'G#4']	[False, False]	0.15	10
37.2	['A3', 'A4', 'C#4', 'F#1', 'F#4', 'F#5', 'G#4']	[True, True, True, True, True, True, False]	0.15	10
37.35	['A3', 'C#4', 'F#1', 'F#4', 'G#4']	[False, False, False, False, False]	0.15	10
37.5	['D#5', 'F#1', 'F#5', 'G#4']	[True, True, True, False]	0.15	10
37.65	['D#5', 'F#1', 'G#4']	[False, False, False]	0.15	10
37.8	['A3', 'C#4', 'D#5', 'F#1', 'F#4', 'F#5', 'G#4']	[True, True, False, False, True, True, False]	0.15	10
37.95	['A3', 'C#4', 'F#1', 'F#4', 'F#5']	[False, False, False, False, False]	0.15	10
38.1	['C#1', 'D#5']	[True, True]	0.15	10
38.25	['C#1']	[False]	0.15	10
38.4	['B1', 'B4', 'F#4', 'F#5']	[True, True, True, True]	0.15	10
38.55	['B1', 'F#4']	[False, False]	0.15	10
38.7	['A3', 'B1', 'B3', 'B4', 'D#4', 'D#5', 'F#4', 'F#5']	[True, True, True, True, True, True, True, True]	0.15	10
38.85	['A3', 'B1', 'B3', 'D#4', 'F#4']	[False, False, False, False, False]	0.45	10
39.0	['A3', 'B1', 'B3', 'D#4', 'F#4']	[False, False, True, False, False]	0.45	10
39.15	['A3', 'B1', 'B3', 'D#4', 'F#4']	[False, False, False, False, False]	0.45	10
39.3	['A3', 'B3', 'B4', 'D#4', 'D#5', 'F#1', 'F#4', 'F#5']	[False, False, True, False, True, True, False, True]	0.15	10
39.45	['B3', 'B4', 'D#5', 'F#1', 'F#5']	[False, False, False, False, False]	0.15	10
39.6	['A3', 'B3', 'D#4', 'F#2', 'F#4']	[True, True, True, True, True]	0.45	10
39.75	['A3', 'B3', 'D#4', 'F#2', 'F#4']	[False, False, False, False, False]	0.45	10
39.9	['A3', 'B3', 'D#4', 'F#2', 'F#4']	[False, False, False, True, False]	0.45	10
40.05	['B3', 'F#2']	[False, False]	0.15	11
40.2	['A2', 'A3', 'B3', 'D#4', 'F#4']	[True, True, True, True, True]	0.3	11
40.35	['A2', 'A3', 'B3', 'D#4', 'F#4']	[False, False, False, False, False]	0.3	11
40.5	['A2']	[True]	0.3	11
40.65	['A2']	[False]	0.3	11
40.8	['B3', 'E2', 'E4', 'G#3']	[True, True, True, True]	0.6	11
40.95	['B3', 'E2', 'E4', 'G#3']	[False, False, False, False]	0.6	11
41.1	['B3', 'E2', 'E4', 'G#3']	[True, True, True, True]	0.6	11
41.25	['B3', 'E2', 'E4', 'G#3']	[False, False, False, False]	0.6	11
41.4	['B3', 'E2']	[True, False]	0.3	11
41.55	['B3', 'E2']	[False, False]	0.3	11
41.7	['B1', 'B3']	[True, True]	0.3	11
41.85	['B1', 'B3']	[False, False]	0.3	11
42.0	['B3', 'E2', 'E4', 'G#3']	[True, True, True, True]	0.45	11
42.15	['B3', 'E2', 'E4', 'G#3']	[False, False, False, False]	0.45	11
42.3	['B3', 'E2', 'E4', 'G#3']	[True, True, False, False]	0.45	11
42.45	['B3', 'E2']	[False, False]	0.15	11
42.6	['B3', 'E2', 'E4', 'G#3']	[True, False, True, True]	0.3	11
42.75	['B3', 'E2', 'E4', 'G#3']	[False, False, False, False]	0.3	11
42.9	['B1', 'B3', 'D#4']	[True, False, True]	0.15	11
43.05	['B1', 'D#4']	[False, False]	0.15	11
43.2	['D#4', 'G#1']	[False, True]	0.3	11
43.35	['D#4', 'G#1']	[False, False]	0.3	11
43.5	['B3', 'D#4', 'G#1', 'G#3']	[True, True, True, True]	0.15	11
43.65	['B3', 'D#4', 'E4', 'G#1', 'G#3']	[False, False, True, False, False]	0.45	11
43.8	['B3', 'D#4', 'E4', 'G#1', 'G#3']	[False, False, False, False, False]	0.45	11
43.95	['B3', 'D#4', 'E4', 'G#1', 'G#3']	[False, True, False, False, False]	0.45	11
44.1	['B3', 'D#1', 'D#4', 'G#3']	[False, True, False, False]	0.15	12
44.25	['D#1', 'D#4']	[False, False]	0.15	12
44.4	['B3', 'D#1', 'D#4', 'G#3']	[True, True, True, True]	0.45	12
44.55	['B3', 'D#1', 'D#4', 'G#3']	[False, False, False, False]	0.45	12
44.7	['B3', 'D#1', 'D#4', 'G#3']	[False, True, True, False]	0.45	12
44.85	['D#1', 'D#4']	[False, True]	0.15	12
45.0	['B3', 'D#4', 'E1', 'G#3']	[True, True, True, True]	0.3	12
45.15	['B3', 'D#4', 'E1', 'G#3']	[False, True, False, False]	0.3	12
45.3	['D#4', 'E1']	[False, True]	0.3	12
45.45	['D#4', 'E1']	[False, False]	0.3	12
45.6	['A3', 'C#4', 'D#4', 'F#1', 'F#4']	[True, True, False, True, True]	0.15	12
45.75	['A3', 'C#4', 'F#1', 'F#4']	[False, False, False, False]	0.3	12
45.9	['A3', 'C#4', 'F#1', 'F#4']	[True, True, True, True]	0.3	12
46.05	['A3', 'B3', 'C#4', 'F#1', 'F#4']	[False, True, False, False, False]	0.15	12
46.2	['B3', 'C#5', 'F#1', 'F#4']	[False, True, False, True]	0.15	12
46.35	['B3', 'F#1']	[False, False]	0.15	12
46.5	['A3', 'B3', 'C#1', 'C#4', 'F#3', 'F#4']	[True, False, True, True, True, True]	0.15	12
46.65	['A3', 'C#1', 'C#4', 'F#3', 'F#4']	[False, False, False, False, False]	0.15	12
46.8	['A3', 'C#4', 'C#5', 'F#1', 'F#3', 'F#4']	[False, False, True, True, False, True]	0.3	12
46.95	['A3', 'C#4', 'C#5', 'F#1', 'F#3', 'F#4']	[False, False, False, False, False, False]	0.3	12
47.1	['C#5', 'F#1', 'F#3']	[False, True, False]	0.15	12
47.25	['C#5', 'F#1', 'F#3', 'F#4']	[True, False, False, True]	0.3	12
47.4	['C#5', 'F#1', 'F#3', 'F#4']	[False, False, False, False]	0.3	12
47.55	['F#1', 'F#3']	[False, False]	0.15	12
47.7	['C#1', 'F#3']	[True, False]	0.15	12
47.85	['C#1']	[False]	0.15	12
48.0	['B1', 'B4', 'D#5', 'F#4']	[True, True, True, True]	0.15	13
48.15	['B1']	[False]	0.15	13
48.3	['A4', 'B1', 'B4', 'D#4', 'D#5', 'F#4']	[True, True, True, True, True, True]	0.15	13
48.45	['A4', 'B1', 'B4', 'D#4', 'F#4']	[False, False, False, False, False]	0.45	13
48.6	['A4', 'B1', 'B4', 'D#4', 'F#4']	[False, False, False, False, False]	0.45	13
48.75	['A4', 'B1', 'B4', 'D#4', 'F#4']	[False, False, False, False, False]	0.45	13
48.9	['A4', 'B4', 'D#4', 'D#5', 'F#1', 'F#4']	[False, True, False, True, True, True]	0.15	13
49.05	['B4', 'D#5', 'F#1', 'F#4']	[False, False, False, False]	0.15	13
49.2	['A4', 'B4', 'C#2', 'D#4', 'D#5', 'F#4']	[True, True, True, True, False, True]	0.45	13
49.35	['A4', 'B4', 'C#2', 'D#4', 'D#5', 'F#4']	[False, False, False, False, False, False]	0.45	13
49.5	['A4', 'B4', 'C#2', 'D#4', 'D#5', 'F#4']	[False, False, True, False, False, False]	0.45	13
49.65	['C#2']	[False]	0.15	13
49.8	['A4', 'B4', 'D#4', 'D2', 'F#4']	[True, True, True, True, True]	0.3	13
49.95	['A4', 'B4', 'D#4', 'D2', 'F#4']	[False, False, False, False, False]	0.3	13
50.1	['D#2']	[True]	0.3	13
50.25	['D#2']	[False]	0.3	13
50.4	['B3', 'E2', 'E4', 'G#3']	[True, True, True, True]	0.6	13
50.55	['B3', 'E2', 'E4', 'G#3']	[False, False, False, False]	0.6	13
50.7	['B3', 'E2', 'E4', 'G#3']	[True, True, True, True]	0.6	13
50.85	['B3', 'E2', 'E4', 'G#3']	[False, False, False, False]	0.6	13
51.0	['B3', 'E2']	[True, False]	0.15	13
51.15	['E2']	[False]	0.15	13
51.3	['B1', 'B3', 'E4', 'G#3']	[True, True, True, True]	0.3	13
51.45	['B1', 'B3', 'E4', 'G#3']	[False, False, False, False]	0.3	13
51.6	['B3', 'E2', 'E4', 'G#3']	[True, True, False, False]	0.3	13
51.75	['B3', 'E2', 'E4', 'G#3']	[False, False, False, False]	0.3	13
51.9	['B3', 'E2']	[True, True]	0.6	13
52.05	['B3', 'E2']	[False, False]	0.6	14
52.2	['B3', 'E2']	[False, False]	0.6	14
52.35	['B3', 'E2']	[False, False]	0.6	14
52.5	['B1', 'B3', 'D#4']	[True, False, True]	0.15	14
52.65	['B1', 'D#4']	[False, False]	0.15	14
52.8	['B3', 'D#4', 'G#1', 'G#3']	[True, True, True, True]	0.6	14
52.95	['B3', 'D#4', 'G#1', 'G#3']	[False, False, False, False]	0.6	14
53.1	['B3', 'D#4', 'G#1', 'G#3']	[True, True, True, True]	0.6	14
53.25	['B3', 'D#4', 'G#1', 'G#3']	[False, False, False, False]	0.6	14
53.4	['E4', 'G#1']	[True, False]	0.3	14
53.55	['E4', 'G#1']	[False, False]	0.3	14
53.7	['D#1', 'D#4']	[True, True]	0.3	14
53.85	['D#1', 'D#4']	[False, False]	0.3	14
54.0	['B3', 'D#2', 'D#4', 'G#3']	[True, True, True, True]	0.45	14
54.15	['B3', 'D#2', 'D#4', 'G#3']	[False, False, False, False]	0.45	14
54.3	['B3', 'D#2', 'D#4', 'G#3']	[False, True, True, False]	0.45	14
54.45	['D#2', 'D#4']	[False, False]	0.15	14
54.6	['B3', 'D#4', 'F#2', 'G#3']	[True, True, True, True]	0.3	14
54.75	['B3', 'D#4', 'F#2', 'G#3']	[False, False, False, False]	0.3	14
54.9	['D#4', 'F#2']	[True, True]	0.3	14
55.05	['D#4', 'F#2']	[False, False]	0.3	14
55.2	['C#4', 'D#4', 'F#1']	[True, False, True]	0.15	14
55.35	['C#4', 'F#1']	[False, False]	0.15	14
55.5	['A4', 'C#4', 'F#1', 'F#4']	[True, True, True, True]	0.15	14
55.65	['A4', 'B3', 'C#4', 'F#1', 'F#4']	[False, True, False, False, False]	0.3	14
55.8	['A4', 'B3', 'C#4', 'F#1', 'F#4']	[False, False, False, False, False]	0.3	14
55.95	['A4', 'B3', 'C#4', 'C#5', 'F#1', 'F#4']	[False, False, False, True, False, True]	0.15	14
56.1	['A4', 'B3', 'C#1', 'C#4', 'F#4']	[False, False, True, False, False]	0.15	15
56.25	['C#1', 'F#3']	[False, True]	0.15	15
56.4	['A4', 'C#4', 'C#5', 'F#1', 'F#3', 'F#4']	[True, True, True, True, False, True]	0.45	15
56.55	['A4', 'C#4', 'C#5', 'F#1', 'F#3', 'F#4']	[False, False, False, False, False, False]	0.45	15
56.7	['A4', 'C#4', 'C#5', 'F#1', 'F#3', 'F#4']	[False, False, True, True, False, True]	0.45	15
56.85	['C#5', 'F#1', 'F#3', 'F#4']	[False, False, False, False]	0.15	15
57.0	['A4', 'C#4', 'C#5', 'F#1', 'F#3', 'F#4']	[True, True, True, False, False, True]	0.3	15
57.15	['A4', 'C#4', 'C#5', 'F#1', 'F#3', 'F#4']	[False, False, False, False, False, False]	0.3	15
57.3	['B4', 'C#1', 'F#3']	[True, True, False]	0.15	15
57.45	['C#1', 'F#3']	[False, False]	0.15	15
57.6	['A3', 'B1', 'B3', 'D#4', 'D#5', 'F#3', 'F#4']	[True, True, True, True, True, False, True]	0.15	15
57.75	['A3', 'B1', 'B3', 'D#4', 'D#5', 'F#4']	[False, False, False, False, False, False]	0.45	15
57.9	['A3', 'B1', 'B3', 'D#4', 'D#5', 'F#4']	[False, True, False, False, True, True]	0.45	15
58.05	['A3', 'B1', 'B3', 'D#4', 'D#5', 'F#4']	[False, False, False, False, False, False]	0.45	15
58.2	['A3', 'B1', 'B3', 'D#4', 'F#4']	[False, False, False, False, False]	0.3	15
58.35	['A3', 'B1', 'B3', 'D#4', 'F#4']	[False, False, False, False, False]	0.3	15
58.5	['A3', 'B3', 'D#4', 'D#5', 'F#1', 'F#4']	[False, False, False, True, True, True]	0.15	15
58.65	['D#5', 'F#1', 'F#4']	[False, False, False]	0.15	15
58.8	['A3', 'B3', 'D#2', 'D#4', 'D#5', 'F#4']	[True, True, True, True, False, True]	0.3	15
58.95	['A3', 'B3', 'D#2', 'D#4', 'D#5', 'F#4']	[False, False, False, False, False, False]	0.3	15
59.1	['B3', 'E2']	[True, True]	0.3	15
59.25	['B3', 'E2']	[False, False]	0.3	15
59.4	['A3', 'B3', 'C#4', 'D#4', 'F#4', 'F2']	[True, True, True, True, True, True]	0.3	15
59.55	['A3', 'B3', 'C#4', 'D#4', 'F#4', 'F2']	[False, False, False, False, False, False]	0.3	15
59.7	['B3', 'F#2']	[True, True]	0.3	15
59.85	['B3', 'F#2']	[False, False]	0.3	15
60.0	['B3', 'C#4', 'E2', 'E4', 'G#3']	[True, True, True, True, True]	0.6	16
60.15	['B3', 'C#4', 'E2', 'E4', 'G#3']	[False, False, False, False, False]	0.6	16
60.3	['B3', 'C#4', 'E2', 'E4', 'G#3']	[True, False, True, True, True]	0.6	16
60.45	['B3', 'C#4', 'E2', 'E4', 'G#3']	[False, False, False, False, False]	0.6	16
60.6	['B3', 'B4', 'C#4', 'E2', 'E4']	[True, True, False, False, True]	0.15	16
60.75	['B3', 'E2']	[False, False]	0.15	16
60.9	['B1', 'B3', 'E4', 'G#3']	[True, True, True, True]	0.15	16
61.05	['B1', 'B3', 'B4', 'E4', 'G#3']	[False, False, True, False, False]	0.15	16
61.2	['B3', 'B4', 'E2', 'E4', 'G#3']	[True, False, True, True, False]	0.15	16
61.35	['B3', 'E2', 'E4', 'G#3']	[False, False, False, False]	0.15	16
61.5	['A4', 'B3', 'B4', 'E2']	[True, False, True, True]	0.15	16
61.65	['A4', 'B3', 'E2']	[False, False, False]	0.15	16
61.8	['A4', 'B3', 'E2', 'G#4']	[False, False, False, True]	0.15	16
61.95	['B3', 'E2', 'G#4']	[False, False, False]	0.15	16
62.1	['B1', 'B3', 'G#4']	[True, False, False]	0.3	16
62.25	['B1', 'B3', 'G#4']	[False, False, False]	0.3	16
62.4	['B3', 'C#2', 'C#4', 'C#5', 'E4', 'G#3']	[False, True, True, True, True, True]	0.15	16
62.55	['B3', 'C#2', 'C#4', 'E4', 'G#3']	[False, False, False, False, False]	0.15	16
62.7	['B3', 'C#2', 'C#4', 'E4', 'G#3', 'G#4']	[False, True, False, True, False, True]	0.3	16
62.85	['B3', 'C#2', 'C#4', 'E4', 'G#3', 'G#4']	[False, False, False, False, False, False]	0.3	16
63.0	['B3', 'C#2', 'C#4', 'E4', 'G#3']	[False, False, False, False, False]	0.3	16
63.15	['B3', 'C#2', 'C#4', 'E4', 'G#3']	[False, False, False, False, False]	0.3	16
63.3	['B3', 'B4', 'C#4', 'E4', 'G#1', 'G#3', 'G#4']	[False, True, False, True, True, False, True]	0.15	16
63.45	['B3', 'B4', 'E4', 'G#1', 'G#4']	[False, False, False, False, False]	0.15	16
63.6	['B4', 'C#4', 'E4', 'G#1', 'G#3']	[False, True, True, True, True]	0.3	16
63.75	['B4', 'C#4', 'E4', 'G#1', 'G#3']	[False, False, False, False, False]	0.3	16
63.9	['B3', 'G#1']	[True, True]	0.3	16
64.05	['B3', 'G#1']	[False, False]	0.3	17
64.2	['B1', 'C#4', 'E4', 'G#3']	[True, True, True, True]	0.3	17
64.35	['B1', 'C#4', 'E4', 'G#3']	[False, False, False, False]	0.3	17
64.5	['B1', 'B3']	[True, True]	0.15	17
64.65	['B1']	[False]	0.15	17
64.8	['A3', 'C#4', 'F#1', 'F#4']	[True, True, True, True]	0.15	17
64.95	['A3', 'C#4', 'F#1', 'F#4', 'G#4']	[False, False, False, False, True]	0.45	17
65.1	['A3', 'C#4', 'F#1', 'F#4', 'G#4']	[True, True, True, True, False]	0.45	17
65.25	['A3', 'C#4', 'F#1', 'F#4', 'G#4']	[False, False, False, False, False]	0.45	17
65.4	['A4', 'C#5', 'F#1', 'F#5', 'G#4']	[True, True, False, True, False]	0.15	17
65.55	['F#1', 'G#4']	[False, False]	0.15	17
65.7	['C#1', 'G#4']	[True, False]	0.3	17
65.85	['C#1', 'G#4']	[False, False]	0.3	17
66.0	['A3', 'A4', 'C#4', 'C#5', 'F#1', 'F#4', 'F#5', 'G#4']	[True, True, True, True, True, True, True, False]	0.15	17
66.15	['A3', 'C#4', 'F#1', 'F#4', 'G#4']	[False, False, False, False, False]	0.3	17
66.3	['A3', 'C#4', 'F#1', 'F#4', 'G#4']	[False, False, True, False, False]	0.3	17
66.45	['F#1', 'G#4']	[False, False]	0.15	17
66.6	['A3', 'C#4', 'F#1', 'F#4', 'G#4']	[True, True, False, True, False]	0.15	17
66.75	['A3', 'C#4', 'F#1', 'F#4']	[False, False, False, False]	0.15	17
66.9	['C#1']	[True]	0.3	17
67.05	['C#1']	[False]	0.3	17
67.2	['A3', 'B1', 'B3', 'B4', 'D#4', 'D#5', 'F#4', 'F#5']	[True, True, True, True, True, True, True, True]	0.15	17
67.35	['A3', 'B1', 'B3', 'B4', 'D#4', 'F#4', 'F#5']	[False, False, False, False, False, False, False]	0.3	17
67.5	['A3', 'B1', 'B3', 'B4', 'D#4', 'F#4', 'F#5']	[False, True, True, True, False, False, True]	0.3	17
67.65	['A3', 'B1', 'B3', 'B4', 'D#4', 'F#4']	[False, False, False, False, False, False]	0.15	17
67.8	['A3', 'B1', 'B3', 'D#4', 'F#4']	[False, False, False, False, False]	0.3	17
67.95	['A3', 'B1', 'B3', 'D#4', 'F#4']	[False, False, False, False, False]	0.3	17
68.1	['A3', 'B3', 'B4', 'D#4', 'D#5', 'F#1', 'F#4', 'F#5']	[False, False, True, False, True, True, False, True]	0.15	18
68.25	['B3', 'B4', 'D#5', 'F#1', 'F#5']	[False, False, False, False, False]	0.15	18
68.4	['A3', 'B3', 'B4', 'D#4', 'D#5', 'F#1', 'F#4', 'F#5']	[True, True, False, True, False, True, True, False]	0.3	18
68.55	['A3', 'B3', 'B4', 'D#4', 'D#5', 'F#1', 'F#4', 'F#5']	[False, False, False, False, False, False, False, False]	0.3	18
68.7	['B3', 'F#1']	[False, True]	0.3	18
68.85	['B3', 'F#1']	[False, False]	0.3	18
69.0	['A1', 'A3', 'B3', 'D#4', 'F#4']	[True, True, True, True, True]	0.3	18
69.15	['A1', 'A3', 'B3', 'D#4', 'F#4']	[False, False, False, False, False]	0.3	18
69.3	['A1', 'B3']	[True, False]	0.3	18
69.45	['A1', 'B3']	[False, False]	0.3	18
69.6	['B3', 'F#1']	[False, True]	0.3	18
69.75	['B3', 'F#1']	[False, False]	0.3	18
69.9	['A3', 'A4', 'B3', 'C#4', 'F#1', 'F#4']	[True, True, False, True, True, True]	0.15	18
70.05	['A3', 'A4', 'C#4', 'F#1', 'F#4']	[False, False, False, False, False]	0.45	18
70.2	['A3', 'A4', 'C#4', 'F#1', 'F#4']	[False, False, False, False, False]	0.45	18
70.35	['A3', 'A4', 'C#4', 'F#1', 'F#4']	[False, False, False, False, False]	0.45	18
70.5	['A3', 'A4', 'C#1', 'C#4', 'F#4']	[False, False, True, False, False]	0.15	18
70.65	['A4', 'C#1']	[False, False]	0.15	18
70.8	['A3', 'A4', 'C#4', 'F#1', 'F#4']	[True, False, True, True, True]	0.3	18
70.95	['A3', 'A4', 'C#4', 'F#1', 'F#4']	[False, False, False, False, False]	0.3	18
71.1	['A3', 'A4', 'B4', 'C#4', 'C5', 'F#1', 'F#4']	[False, False, True, False, True, True, False]	0.15	18
71.25	['B4', 'F#1']	[False, False]	0.15	18
71.4	['A3', 'A4', 'B4', 'C#4', 'F#1', 'F#4']	[True, True, False, True, False, True]	0.15	18
71.55	['A3', 'A4', 'C#4', 'F#1', 'F#4']	[False, False, False, False, False]	0.15	18
71.7	['A4', 'C#1', 'G4']	[False, True, True]	0.15	18
71.85	['C#1', 'G4']	[False, False]	0.15	18
72.0	['A3', 'A4', 'A5', 'D2', 'D4', 'D5', 'F#4', 'F#5', 'G4']	[True, True, True, True, True, True, True, True, False]	0.15	19
72.15	['A3', 'A4', 'A5', 'D2', 'D4', 'D5', 'F#4', 'F#5']	[False, False, False, False, False, False, False, False]	0.45	19
72.3	['A3', 'A4', 'A5', 'D2', 'D4', 'D5', 'F#4', 'F#5']	[False, False, False, True, False, False, False, False]	0.45	19
72.45	['A3', 'A4', 'A5', 'D2', 'D4', 'D5', 'F#4', 'F#5']	[False, False, False, False, False, False, False, False]	0.45	19
72.6	['A3', 'A4', 'D2', 'D4', 'F#4']	[False, False, False, False, False]	0.3	19
72.75	['A3', 'A4', 'D2', 'D4', 'F#4']	[False, False, False, False, False]	0.3	19
72.9	['A1', 'A3', 'A4', 'A5', 'D4', 'D5', 'F#4', 'F#5']	[True, False, False, True, False, True, False, True]	0.15	19
73.05	['A1', 'A4', 'A5', 'D5', 'F#5']	[False, False, False, False, False]	0.15	19
73.2	['A3', 'A4', 'A5', 'C2', 'D4', 'D5', 'F#4', 'F#5']	[True, True, False, True, True, False, True, False]	0.3	19
73.35	['A3', 'A4', 'A5', 'C2', 'D4', 'D5', 'F#4', 'F#5']	[False, False, False, False, False, False, False, False]	0.3	19
73.5	['A4', 'A5', 'C2', 'D5', 'F#5']	[False, False, True, False, False]	0.3	19
73.65	['A4', 'A5', 'C2', 'D5', 'F#5']	[False, False, False, False, False]	0.3	19
73.8	['A3', 'A4', 'A5', 'B1', 'D4', 'D5', 'F#4', 'F#5']	[True, False, False, True, True, False, True, False]	0.15	19
73.95	['A3', 'A4', 'B1', 'D4', 'F#4']	[False, False, False, False, False]	0.15	19
74.1	['A1']	[True]	0.3	19
74.25	['A1']	[False]	0.3	19
74.4	['B3', 'D4', 'G1', 'G3']	[True, True, True, True]	0.3	19
74.55	['B3', 'D4', 'G1', 'G3']	[False, False, False, False]	0.3	19
74.7	['A#4', 'B3', 'D4', 'G1', 'G3']	[True, True, True, True, True]	0.3	19
74.85	['A#4', 'B3', 'D4', 'G1', 'G3']	[False, False, False, False, False]	0.3	19
75.0	['B4', 'G1']	[True, True]	0.3	19
75.15	['B4', 'G1']	[False, False]	0.3	19
75.3	['A#4', 'B3', 'D4', 'G1', 'G3']	[True, True, True, True, True]	0.3	19
75.45	['A#4', 'B3', 'D4', 'G1', 'G3']	[False, False, False, False, False]	0.3	19
75.6	['B3', 'B4', 'D4', 'G1', 'G3']	[False, True, False, True, False]	0.3	19
75.75	['B3', 'B4', 'D4', 'G1', 'G3']	[False, False, False, False, False]	0.3	19
75.9	['B4', 'G1']	[False, True]	0.6	19
76.05	['B4', 'G1']	[False, False]	0.6	20
76.2	['B4', 'G1']	[False, True]	0.6	20
76.35	['B4', 'G1']	[False, False]	0.6	20
76.5	['B1', 'G4']	[True, True]	0.3	20
76.65	['B1', 'G4']	[False, False]	0.3	20
76.8	['C2', 'C5']	[True, True]	0.3	20
76.95	['C2', 'C5']	[False, False]	0.3	20
77.1	['C2', 'C4', 'C5', 'E4', 'G3']	[True, True, False, True, True]	0.15	20
77.25	['B4', 'C2', 'C4', 'E4', 'G3']	[True, False, False, False, False]	0.15	20
77.4	['B4', 'C2', 'C4', 'C5', 'E4', 'G3']	[False, False, False, True, False, False]	0.15	20
77.55	['C2', 'C4', 'C5', 'E4', 'G3']	[False, False, False, False, False]	0.15	20
77.7	['B4', 'C4', 'E4', 'G1', 'G3']	[True, False, False, True, False]	0.15	20
77.85	['B4', 'G1']	[False, False]	0.15	20
78.0	['B4', 'C2', 'C4', 'C5', 'E4', 'G3']	[False, True, True, True, True, True]	0.15	20
78.15	['C2', 'C4', 'C5', 'E4', 'G3']	[False, False, False, False, False]	0.3	20
78.3	['C2', 'C4', 'C5', 'E4', 'G3']	[True, False, False, False, False]	0.3	20
78.45	['C2', 'C5']	[False, False]	0.15	20
78.6	['C2', 'C4', 'E4', 'G3', 'G4']	[False, True, True, True, True]	0.3	20
78.75	['C2', 'C4', 'E4', 'G3', 'G4']	[False, False, False, False, False]	0.3	20
78.9	['B4', 'G1']	[True, True]	0.3	20
79.05	['B4', 'G1']	[False, False]	0.3	20
79.2	['B3', 'B4', 'D4', 'G1', 'G3']	[True, False, True, True, True]	0.6	20
79.35	['B3', 'B4', 'D4', 'G1', 'G3']	[False, False, False, False, False]	0.6	20
79.5	['B3', 'B4', 'D4', 'G1', 'G3']	[True, False, True, True, True]	0.6	20
79.65	['B3', 'B4', 'D4', 'G1', 'G3']	[False, False, False, False, False]	0.6	20
79.8	['B4', 'G1']	[True, False]	0.3	20
79.95	['B4', 'G1']	[False, False]	0.3	20
80.1	['B4', 'D1']	[False, True]	0.3	21
80.25	['B4', 'D1']	[False, False]	0.3	21
80.4	['B3', 'B4', 'C#5', 'D2', 'D4', 'G3']	[True, False, True, True, True, True]	0.45	21
80.55	['B3', 'B4', 'C#5', 'D2', 'D4', 'G3']	[False, False, False, False, False, False]	0.45	21
80.7	['B3', 'B4', 'C#5', 'D2', 'D4', 'G3']	[False, False, True, True, False, False]	0.45	21
80.85	['C#5', 'D2']	[False, False]	0.15	21
81.0	['B3', 'C#5', 'D4', 'F2', 'G3']	[True, False, True, True, True]	0.3	21
81.15	['B3', 'C#5', 'D4', 'F2', 'G3']	[False, False, False, False, False]	0.3	21
81.3	['B4', 'F2']	[True, True]	0.3	21
81.45	['B4', 'F2']	[False, False]	0.3	21
81.6	['B3', 'B4', 'D4', 'G1', 'G3']	[True, False, True, True, True]	0.6	21
81.75	['B3', 'B4', 'D4', 'G1', 'G3']	[False, False, False, False, False]	0.6	21
81.9	['B3', 'B4', 'D4', 'G1', 'G3']	[True, False, True, True, True]	0.6	21
82.05	['B3', 'B4', 'D4', 'G1', 'G3']	[False, False, False, False, False]	0.6	21
82.2	['B4', 'G1']	[False, False]	0.15	21
82.35	['G1']	[False]	0.15	21
82.5	['B3', 'D1', 'D4', 'G3']	[True, True, True, True]	0.3	21
82.65	['B3', 'D1', 'D4', 'G3']	[False, False, False, False]	0.3	21
82.8	['B3', 'D4', 'G1', 'G3']	[False, False, True, False]	0.3	21
82.95	['B3', 'D4', 'G1', 'G3']	[False, False, False, False]	0.3	21
83.1	['G1']	[True]	0.45	21
83.25	['G1']	[False]	0.45	21
83.4	['G1']	[False]	0.45	21
83.55	['A#4', 'G1']	[True, False]	0.15	21
83.7	['A#4', 'D1']	[False, True]	0.15	21
83.85	['A#4', 'B4', 'D1']	[False, True, False]	0.15	21
84.0	['B3', 'B4', 'D4', 'G1', 'G3']	[True, False, True, True, True]	0.6	22
84.15	['B3', 'B4', 'D4', 'G1', 'G3']	[False, False, False, False, False]	0.6	22
84.3	['B3', 'B4', 'D4', 'G1', 'G3']	[True, False, True, True, True]	0.6	22
84.45	['B3', 'B4', 'D4', 'G1', 'G3']	[False, False, False, False, False]	0.6	22
84.6	['B4', 'G1']	[True, True]	0.6	22
84.75	['B4', 'G1']	[False, False]	0.6	22
84.9	['B4', 'G1']	[True, True]	0.6	22
85.05	['B4', 'G1']	[False, False]	0.6	22
85.2	['B3', 'B4', 'D4', 'G1', 'G3']	[True, False, True, True, True]	0.45	22
85.35	['B3', 'B4', 'D4', 'G1', 'G3']	[False, True, False, False, False]	0.45	22
85.5	['B3', 'B4', 'D4', 'G1', 'G3']	[False, False, False, True, False]	0.45	22
85.65	['B4', 'G1']	[True, False]	0.15	22
85.8	['B3', 'B4', 'D4', 'G1', 'G3']	[True, False, True, True, True]	0.3	22
85.95	['B3', 'B4', 'D4', 'G1', 'G3']	[False, False, False, False, False]	0.3	22
86.1	['B4', 'D2']	[False, True]	0.15	22
86.25	['B4', 'C5', 'D2']	[False, True, False]	0.15	22
86.4	['C2', 'C5']	[True, True]	0.3	22
86.55	['C2', 'C5']	[False, False]	0.3	22
86.7	['C2', 'C4', 'C5', 'E4', 'G3']	[True, True, False, True, True]	0.75	22
86.85	['C2', 'C4', 'C5', 'E4', 'G3']	[False, False, True, False, False]	0.75	22
87.0	['C2', 'C4', 'C5', 'E4', 'G3']	[True, False, True, False, False]	0.75	22
87.15	['C2', 'C4', 'C5', 'E4', 'G3']	[False, False, False, False, False]	0.75	22
87.3	['C2', 'C4', 'C5', 'E4', 'G3']	[True, False, False, False, False]	0.75	22
87.45	['C2', 'C5']	[False, True]	0.15	22
87.6	['C2', 'C4', 'C5', 'E4', 'G3']	[True, True, False, True, True]	0.45	22
87.75	['C2', 'C4', 'C5', 'E4', 'G3']	[False, False, False, False, False]	0.45	22
87.9	['C2', 'C4', 'C5', 'E4', 'G3']	[True, False, False, False, False]	0.45	22
88.05	['C2', 'C5', 'G4']	[False, False, True]	0.15	23
88.2	['C2', 'C4', 'E4', 'G3', 'G4']	[True, True, True, True, False]	0.3	23
88.35	['C2', 'C4', 'E4', 'G3', 'G4']	[False, False, False, False, False]	0.3	23
88.5	['C2', 'G4']	[True, False]	0.15	23
88.65	['A4', 'C2', 'G4']	[True, False, False]	0.15	23
88.8	['A3', 'A4', 'C4', 'F1', 'F4']	[True, True, True, True, True]	1.05	23
88.95	['A3', 'A4', 'C4', 'F1', 'F4']	[False, False, False, False, False]	1.05	23
89.1	['A3', 'A4', 'C4', 'F1', 'F4']	[False, False, False, True, False]	1.05	23
89.25	['A3', 'A4', 'C4', 'F1', 'F4']	[False, False, False, False, False]	1.05	23
89.4	['A3', 'A4', 'C4', 'F1', 'F4']	[False, False, False, True, False]	1.05	23
89.55	['A3', 'A4', 'C4', 'F1', 'F4']	[False, False, False, False, False]	1.05	23
89.7	['A3', 'A4', 'C4', 'F1', 'F4']	[False, False, False, True, False]	1.05	23
89.85	['A4', 'F1']	[False, False]	0.15	23
90.0	['A3', 'A4', 'C4', 'F1', 'F4']	[True, False, True, True, True]	0.3	23
90.15	['A3', 'A4', 'C4', 'F1', 'F4']	[False, False, False, False, False]	0.3	23
90.3	['A4', 'F1']	[False, True]	0.3	23
90.45	['A4', 'F1']	[False, False]	0.3	23
90.6	['A3', 'A4', 'C4', 'F1', 'F4']	[True, False, True, True, True]	0.3	23
90.75	['A3', 'A4', 'C4', 'F1', 'F4']	[False, False, False, False, False]	0.3	23
90.9	['A4', 'D#2']	[False, True]	0.3	23
91.05	['A4', 'D#2']	[False, False]	0.3	23
91.2	['A4', 'E2']	[False, True]	0.15	23
91.35	['E2']	[False]	0.15	23
91.5	['B3', 'E2', 'E4', 'G#3']	[True, True, True, True]	0.6	23
91.65	['B3', 'E2', 'E4', 'G#3']	[False, False, False, False]	0.6	23
91.8	['B3', 'E2', 'E4', 'G#3']	[True, False, False, False]	0.6	23
91.95	['B3', 'E2', 'E4', 'G#3']	[False, False, False, False]	0.6	23
92.1	['B1', 'B3', 'E4', 'G#3']	[True, True, False, False]	0.15	24
92.25	['B1', 'B3']	[False, False]	0.15	24
92.4	['B3', 'E2', 'E4', 'G#3']	[True, True, True, True]	0.45	24
92.55	['B3', 'E2', 'E4', 'G#3']	[False, False, False, False]	0.45	24
92.7	['B3', 'E2', 'E4', 'G#3']	[True, True, False, False]	0.45	24
92.85	['B3', 'E2']	[False, False]	0.15	24
93.0	['B3', 'E2', 'E4', 'G#3']	[True, False, True, True]	0.3	24
93.15	['B3', 'E2', 'E4', 'G#3']	[False, False, False, False]	0.3	24
93.3	['B1', 'B3']	[True, False]	0.15	24
93.45	['B1']	[False]	0.15	24
93.6	['D#4', 'G#1']	[True, True]	0.3	24
93.75	['D#4', 'G#1']	[False, False]	0.3	24
93.9	['B3', 'D#4', 'G#1', 'G#3']	[True, True, True, True]	0.3	24
94.05	['B3', 'D#4', 'G#1', 'G#3']	[False, False, False, False]	0.3	24
94.2	['B3', 'D#4', 'E4', 'G#1', 'G#3']	[False, False, True, False, False]	0.3	24
94.35	['B3', 'D#4', 'E4', 'G#1', 'G#3']	[False, False, False, False, False]	0.3	24
94.5	['B3', 'D#1', 'D#4', 'G#3']	[False, True, True, False]	0.15	24
94.65	['D#1', 'D#4']	[False, False]	0.15	24
94.8	['B3', 'D#2', 'D#4', 'G#3']	[True, True, True, True]	0.45	24
94.95	['B3', 'D#2', 'D#4', 'G#3']	[False, False, False, False]	0.45	24
95.1	['B3', 'D#2', 'D#4', 'G#3']	[False, True, True, False]	0.45	24
95.25	['D#2']	[False]	0.15	24
95.4	['B3', 'D#4', 'F#2', 'G#3']	[True, True, True, True]	0.3	24
95.55	['B3', 'D#4', 'F#2', 'G#3']	[False, False, False, False]	0.3	24
95.7	['D#4', 'F#2']	[True, True]	0.3	24
95.85	['D#4', 'F#2']	[False, False]	0.3	24
96.0	['C#4', 'D#4', 'F#1']	[True, False, True]	0.15	25
96.15	['C#4', 'F#1']	[False, False]	0.15	25
96.3	['A3', 'C#4', 'F#1', 'F#4']	[True, True, True, True]	0.3	25
96.45	['A3', 'C#4', 'F#1', 'F#4']	[False, False, False, False]	0.3	25
96.6	['A3', 'A4', 'B3', 'C#4', 'C#5', 'F#1', 'F#4']	[False, True, True, False, True, False, True]	0.15	25
96.75	['A3', 'B3', 'C#4', 'F#1', 'F#4']	[False, False, False, False, False]	0.15	25
96.9	['A3', 'C#1', 'C#4', 'F#3', 'F#4']	[False, True, False, True, False]	0.15	25
97.05	['C#1', 'F#3']	[False, False]	0.15	25
97.2	['A3', 'A4', 'C#4', 'C#5', 'F#1', 'F#3', 'F#4']	[True, True, True, True, True, False, True]	0.3	25
97.35	['A3', 'A4', 'C#4', 'C#5', 'F#1', 'F#3', 'F#4']	[False, False, False, False, False, False, False]	0.3	25
97.5	['A3', 'C#4', 'F#1', 'F#3', 'F#4']	[False, False, True, False, False]	0.15	25
97.65	['F#1', 'F#3']	[False, False]	0.15	25
97.8	['A3', 'C#4', 'F#1', 'F#3', 'F#4']	[True, True, False, False, True]	0.3	25
97.95	['A3', 'C#4', 'F#1', 'F#3', 'F#4']	[False, False, False, False, False]	0.3	25
98.1	['C#1', 'F#3']	[True, False]	0.15	25
98.25	['C#1']	[False]	0.15	25
98.4	['A3', 'B1', 'B3', 'B4', 'D#4', 'D#5', 'F#4']	[True, True, True, True, True, True, True]	0.15	25
98.55	['A3', 'B1', 'B3', 'D#4', 'F#4']	[False, False, False, False, False]	0.15	25
98.7	['A3', 'B1', 'B3', 'D#4', 'D#5', 'F#4']	[True, True, True, True, True, True]	0.15	25
98.85	['A3', 'B1', 'B3', 'B4', 'D#4', 'D#5', 'F#4']	[False, False, False, True, False, False, False]	0.15	25
99.0	['B1']	[False]	0.3	25
99.15	['B1']	[False]	0.3	25
99.3	['B4', 'D#5', 'F#1', 'F#4']	[True, True, True, True]	0.3	25
99.45	['B4', 'D#5', 'F#1', 'F#4']	[False, False, False, False]	0.3	25
99.6	['A3', 'B3', 'B4', 'C#2', 'D#4', 'D#5', 'F#4']	[True, True, False, True, True, False, True]	0.45	25
99.75	['A3', 'B3', 'B4', 'C#2', 'D#4', 'D#5', 'F#4']	[False, False, False, False, False, False, False]	0.45	25
99.9	['A3', 'B3', 'B4', 'C#2', 'D#4', 'D#5', 'F#4']	[False, False, False, True, False, False, False]	0.45	25
100.05	['C#2']	[False]	0.15	26
100.2	['A3', 'B3', 'D#4', 'D2', 'F#4']	[True, True, True, True, True]	0.3	26
100.35	['A3', 'B3', 'D#4', 'D2', 'F#4']	[False, False, False, False, False]	0.3	26
100.5	['D#2']	[True]	0.3	26
100.65	['D#2']	[False]	0.3	26
100.8	['B3', 'E2', 'E4', 'G#3']	[True, True, True, True]	0.6	26
100.95	['B3', 'E2', 'E4', 'G#3']	[False, False, False, False]	0.6	26
101.1	['B3', 'E2', 'E4', 'G#3']	[True, True, True, True]	0.6	26
101.25	['B3', 'E2', 'E4', 'G#3']	[False, False, False, False]	0.6	26
101.4	['B3', 'E2']	[True, False]	0.3	26
101.55	['B3', 'E2']	[False, False]	0.3	26
101.7	['B1', 'B3']	[True, True]	0.3	26
101.85	['B1', 'B3']	[False, False]	0.3	26
102.0	['B3', 'E2', 'E4', 'G#3']	[True, True, True, True]	0.45	26
102.15	['B3', 'E2', 'E4', 'G#3']	[False, False, False, False]	0.45	26
102.3	['B3', 'E2', 'E4', 'G#3']	[True, True, False, False]	0.45	26
102.45	['B3', 'E2']	[False, False]	0.15	26
102.6	['B3', 'E2', 'E4', 'G#3']	[True, False, True, True]	0.3	26
102.75	['B3', 'E2', 'E4', 'G#3']	[False, False, False, False]	0.3	26
102.9	['B1', 'B3']	[True, False]	0.15	26
103.05	['B1', 'B3', 'D#4']	[False, False, True]	0.15	26
103.2	['D#4', 'G#1']	[False, True]	0.3	26
103.35	['D#4', 'G#1']	[False, False]	0.3	26
103.5	['B3', 'D#4', 'G#1', 'G#3']	[True, True, True, True]	0.15	26
103.65	['B3', 'D#4', 'E4', 'G#1', 'G#3']	[False, False, True, False, False]	0.45	26
103.8	['B3', 'D#4', 'E4', 'G#1', 'G#3']	[False, False, False, False, False]	0.45	26
103.95	['B3', 'D#4', 'E4', 'G#1', 'G#3']	[False, False, False, False, False]	0.45	26
104.1	['B3', 'D#1', 'D#4', 'G#3']	[False, True, True, False]	0.15	27
104.25	['D#1', 'D#4']	[False, False]	0.15	27
104.4	['B3', 'D#2', 'D#4', 'G#3']	[True, True, True, True]	0.45	27
104.55	['B3', 'D#2', 'D#4', 'G#3']	[False, False, False, False]	0.45	27
104.7	['B3', 'D#2', 'D#4', 'G#3']	[False, True, True, False]	0.45	27
104.85	['D#2', 'D#4']	[False, True]	0.15	27
105.0	['B3', 'D#4', 'F#2', 'G#3']	[True, True, True, True]	0.3	27
105.15	['B3', 'D#4', 'F#2', 'G#3']	[False, True, False, False]	0.3	27
105.3	['D#4', 'F#2']	[False, True]	0.15	27
105.45	['C#4', 'D#4', 'F#2']	[True, False, False]	0.15	27
105.6	['A3', 'C#4', 'F#1', 'F#4']	[True, True, True, True]	0.45	27
105.75	['A3', 'C#4', 'F#1', 'F#4']	[False, False, False, False]	0.45	27
105.9	['A3', 'C#4', 'F#1', 'F#4']	[False, False, True, False]	0.45	27
106.05	['A3', 'B3', 'C#4', 'F#1', 'F#4']	[False, True, False, False, False]	0.15	27
106.2	['A3', 'B3', 'C#4', 'C#5', 'F#1', 'F#4']	[False, False, False, True, False, False]	0.3	27
106.35	['A3', 'B3', 'C#4', 'C#5', 'F#1', 'F#4']	[False, False, False, False, False, False]	0.3	27
106.5	['A3', 'C#1', 'C#4', 'C#5', 'F#3', 'F#4']	[False, True, False, False, True, False]	0.15	27
106.65	['C#1', 'F#3']	[False, False]	0.15	27
106.8	['A3', 'C#4', 'C#5', 'F#1', 'F#3', 'F#4']	[True, True, True, True, False, True]	0.3	27
106.95	['A3', 'C#4', 'C#5', 'F#1', 'F#3', 'F#4']	[False, False, False, False, False, False]	0.3	27
107.1	['C#5', 'F#1', 'F#3']	[False, True, False]	0.3	27
107.25	['C#5', 'F#1', 'F#3']	[True, False, False]	0.3	27
107.4	['A3', 'C#4', 'C#5', 'F#1', 'F#3', 'F#4']	[True, True, False, False, False, True]	0.3	27
107.55	['A3', 'C#4', 'C#5', 'F#1', 'F#3', 'F#4']	[False, False, False, False, False, False]	0.3	27
107.7	['C#1', 'F#3']	[True, False]	0.3	27
107.85	['C#1', 'F#3']	[False, False]	0.3	27
108.0	['A3', 'B1', 'B3', 'B4', 'D#4', 'D#5', 'F#3', 'F#4']	[True, True, True, True, True, True, False, True]	0.15	28
108.15	['A3', 'B1', 'B3', 'D#4', 'F#4']	[False, False, False, False, False]	0.15	28
108.3	['A3', 'B1', 'B3', 'B4', 'D#4', 'D#5', 'F#4']	[False, True, False, True, False, True, True]	0.15	28
108.45	['A3', 'B1', 'B3', 'D#4', 'F#4']	[False, False, False, False, False]	0.45	28
108.6	['A3', 'B1', 'B3', 'D#4', 'F#4']	[False, False, False, False, False]	0.45	28
108.75	['A3', 'B1', 'B3', 'D#4', 'F#4']	[False, False, False, False, False]	0.45	28
108.9	['A3', 'B3', 'B4', 'D#4', 'D#5', 'F#1', 'F#4']	[False, False, True, False, True, True, True]	0.15	28
109.05	['B4', 'D#5', 'F#1', 'F#4']	[False, False, False, False]	0.15	28
109.2	['A3', 'B3', 'B4', 'D#4', 'D#5', 'F#2', 'F#4']	[True, True, False, True, False, True, True]	0.3	28
109.35	['A3', 'B3', 'B4', 'D#4', 'D#5', 'F#2', 'F#4']	[False, False, False, False, False, False, False]	0.3	28
109.5	['F#2', 'G#3']	[True, True]	0.3	28
109.65	['F#2', 'G#3']	[False, False]	0.3	28
109.8	['A2', 'A3', 'B3', 'D#4', 'F#4', 'G#3']	[True, True, True, True, True, False]	0.15	28
109.95	['A2', 'A3', 'B3', 'D#4', 'F#4']	[False, False, False, False, False]	0.15	28
110.1	['A2', 'G#3']	[True, True]	0.3	28
110.25	['A2', 'G#3']	[False, False]	0.3	28
110.4	['B3', 'C#4', 'E2', 'E4', 'G#3']	[True, True, True, True, True]	0.6	28
110.55	['B3', 'C#4', 'E2', 'E4', 'G#3']	[False, False, False, False, False]	0.6	28
110.7	['B3', 'C#4', 'E2', 'E4', 'G#3']	[True, False, True, True, True]	0.6	28
110.85	['B3', 'C#4', 'E2', 'E4', 'G#3']	[False, False, False, False, False]	0.6	28
111.0	['C#4', 'E2', 'G#3']	[False, False, True]	0.15	28
111.15	['E2', 'G#3']	[False, False]	0.15	28
111.3	['B1', 'B3', 'E4', 'G#3']	[True, True, True, True]	0.3	28
111.45	['B1', 'B3', 'E4', 'G#3']	[False, False, False, False]	0.3	28
111.6	['B3', 'C#5', 'E2', 'E4', 'G#3']	[False, True, True, False, False]	0.15	28
111.75	['B3', 'E2', 'E4', 'G#3']	[False, False, False, False]	0.15	28
111.9	['C#5', 'E2']	[True, True]	0.15	28
112.05	['E2']	[False]	0.15	29
112.2	['B4', 'E2']	[True, False]	0.3	29
112.35	['B4', 'E2']	[False, False]	0.3	29
112.5	['A4', 'B1']	[True, True]	0.3	29
112.65	['A4', 'B1']	[False, False]	0.3	29
112.8	['B4', 'C#2', 'C#4', 'E4', 'G#3']	[True, True, True, True, True]	0.3	29
112.95	['B4', 'C#2', 'C#4', 'E4', 'G#3']	[False, False, False, False, False]	0.3	29
113.1	['A4', 'B4', 'C#2', 'C#4', 'E4', 'G#3']	[True, False, True, False, False, False]	0.15	29
113.25	['C#2', 'C#4', 'E4', 'G#3']	[False, False, False, False]	0.45	29
113.4	['C#2', 'C#4', 'E4', 'G#3']	[False, False, False, False]	0.45	29
113.55	['C#2', 'C#4', 'E4', 'G#3']	[False, False, False, False]	0.45	29
113.7	['B4', 'C#4', 'E4', 'G#1', 'G#3']	[True, False, False, True, False]	0.15	29
113.85	['B4', 'G#1']	[False, False]	0.15	29
114.0	['B4', 'C#4', 'E4', 'G#1', 'G#3']	[False, True, True, True, True]	0.3	29
114.15	['B4', 'C#4', 'E4', 'G#1', 'G#3']	[False, False, False, False, False]	0.3	29
114.3	['B3', 'G#1']	[True, True]	0.3	29
114.45	['B3', 'G#1']	[False, False]	0.3	29
114.6	['B1', 'B3', 'C#4', 'E4', 'G#3']	[True, False, True, True, True]	0.3	29
114.75	['B1', 'B3', 'C#4', 'E4', 'G#3']	[False, True, False, False, False]	0.3	29
114.9	['B1', 'B3']	[True, False]	0.15	29
115.05	['B1']	[False]	0.15	29
115.2	['A3', 'C#4', 'F#1', 'F#4']	[True, True, True, True]	0.15	29
115.35	['A3', 'C#4', 'F#1', 'F#4', 'G#4']	[False, False, False, False, True]	0.45	29
115.5	['A3', 'C#4', 'F#1', 'F#4', 'G#4']	[False, False, True, False, False]	0.45	29
115.65	['A3', 'C#4', 'F#1', 'F#4', 'G#4']	[False, False, False, False, False]	0.45	29
115.8	['A3', 'C#4', 'F#1', 'F#4', 'F#5', 'G#4']	[False, False, False, False, True, False]	0.3	29
115.95	['A3', 'C#4', 'F#1', 'F#4', 'F#5', 'G#4']	[False, False, False, False, False, False]	0.3	29
116.1	['A3', 'C#1', 'C#4', 'F#4', 'G#4']	[False, True, False, False, False]	0.15	30
116.25	['C#1', 'G#4']	[False, False]	0.15	30
116.4	['A3', 'C#4', 'F#1', 'F#4', 'F#5', 'G#4']	[True, True, True, True, True, False]	0.3	30
116.55	['A3', 'C#4', 'F#1', 'F#4', 'F#5', 'G#4']	[False, False, False, False, True, False]	0.3	30
116.7	['F#1', 'F#5', 'G#4']	[True, False, False]	0.15	30
116.85	['E5', 'F#1', 'G#4']	[True, False, False]	0.15	30
117.0	['A3', 'C#4', 'E5', 'F#1', 'F#4', 'G#4']	[True, True, False, False, True, False]	0.15	30
117.15	['A3', 'C#4', 'D5', 'E5', 'F#1', 'F#4']	[False, False, True, False, False, False]	0.15	30
117.3	['C#1', 'D5']	[True, False]	0.3	30
117.45	['C#1', 'D5']	[False, False]	0.3	30
117.6	['A3', 'B1', 'B3', 'D#4', 'E5', 'F#4']	[True, True, True, True, True, True]	0.3	30
117.75	['A3', 'B1', 'B3', 'D#4', 'E5', 'F#4']	[False, False, False, False, False, False]	0.3	30
117.9	['A3', 'B1', 'B3', 'D#4', 'D5', 'F#4']	[True, True, True, True, True, True]	0.3	30
118.05	['A3', 'B1', 'B3', 'D#4', 'D5', 'F#4']	[False, False, False, False, False, False]	0.3	30
118.2	['B1']	[False]	0.15	30
118.35	['B1', 'B3']	[False, True]	0.15	30
118.5	['B3', 'F#1', 'F#5']	[False, True, True]	0.3	30
118.65	['B3', 'F#1', 'F#5']	[False, False, False]	0.3	30
118.8	['A3', 'B3', 'D#4', 'F#1', 'F#4', 'F#5']	[True, True, True, True, True, False]	0.45	30
118.95	['A3', 'B3', 'D#4', 'F#1', 'F#4', 'F#5']	[False, False, False, False, False, False]	0.45	30
119.1	['A3', 'B3', 'D#4', 'F#1', 'F#4', 'F#5']	[False, False, False, True, False, False]	0.45	30
119.25	['B3', 'F#1', 'F#5']	[True, False, False]	0.15	30
119.4	['A1', 'A3', 'B3', 'D#4', 'F#4']	[True, True, True, True, True]	0.15	30
119.55	['A1', 'A3', 'B3', 'D#4', 'D4', 'F#4']	[False, False, False, False, True, False]	0.15	30
119.7	['A1', 'B3', 'D4']	[True, True, False]	0.15	30
119.85	['A1']	[False]	0.15	30
120.0	['A3', 'C#4', 'F#1', 'F#4']	[True, True, True, True]	0.15	31
120.15	['A3', 'C#4', 'F#1', 'F#4', 'G#4']	[False, False, False, False, True]	0.15	31
120.3	['A3', 'A5', 'C#4', 'F#1', 'F#4', 'G#4']	[False, True, False, True, False, False]	0.6	31
120.45	['A3', 'A5', 'C#4', 'F#1', 'F#4', 'G#4']	[False, False, False, False, False, False]	0.6	31
120.6	['A3', 'A5', 'C#4', 'F#1', 'F#4', 'G#4']	[False, False, False, False, False, False]	0.6	31
120.75	['A3', 'A5', 'C#4', 'F#1', 'F#4', 'G#4']	[False, False, False, False, False, False]	0.6	31
120.9	['A3', 'A5', 'C#1', 'C#4', 'F#4', 'G#4']	[False, False, True, False, False, False]	0.15	31
121.05	['A5', 'C#1', 'G#4']	[False, False, False]	0.15	31
121.2	['A3', 'A5', 'C#4', 'F#1', 'F#4', 'G#4']	[True, False, True, True, True, False]	0.3	31
121.35	['A3', 'A5', 'C#4', 'F#1', 'F#4', 'G#4']	[False, False, False, False, False, False]	0.3	31
121.5	['A4', 'A5', 'F#1']	[True, False, True]	0.15	31
121.65	['A4', 'A5', 'F#1', 'G#4']	[False, False, False, True]	0.15	31
121.8	['A3', 'A5', 'C#4', 'F#1', 'F#4', 'G#4']	[True, False, True, False, True, False]	0.3	31
121.95	['A3', 'A5', 'C#4', 'F#1', 'F#4', 'G#4']	[False, False, False, False, False, False]	0.3	31
122.1	['A5', 'C#1', 'G#4']	[False, True, False]	0.15	31
122.25	['A4', 'A5', 'C#1']	[True, True, False]	0.15	31
122.4	['A3', 'A4', 'A5', 'D2', 'D4', 'F#4']	[True, False, False, True, True, True]	0.6	31
122.55	['A3', 'A4', 'A5', 'D2', 'D4', 'F#4']	[False, False, False, False, False, False]	0.6	31
122.7	['A3', 'A4', 'A5', 'D2', 'D4', 'F#4']	[True, False, False, True, True, True]	0.6	31
122.85	['A3', 'A4', 'A5', 'D2', 'D4', 'F#4']	[False, False, False, False, False, False]	0.6	31
123.0	['A4', 'A5', 'D2']	[False, False, False]	0.3	31
123.15	['A4', 'A5', 'D2']	[False, False, False]	0.3	31
123.3	['A1', 'A3', 'D4', 'F#4']	[True, True, True, True]	0.3	31
123.45	['A1', 'A3', 'D4', 'F#4']	[False, False, False, False]	0.3	31
123.6	['A3', 'A4', 'A5', 'D2', 'D4', 'F#4']	[False, True, True, True, False, False]	0.3	31
123.75	['A3', 'A4', 'A5', 'D2', 'D4', 'F#4']	[False, False, False, False, False, False]	0.3	31
123.9	['A4', 'A5', 'D2']	[False, False, True]	0.3	31
124.05	['A4', 'A5', 'D2']	[False, False, False]	0.3	32
124.2	['A4', 'A5', 'D#2']	[False, False, True]	0.15	32
124.35	['D#2']	[False]	0.3	32
124.5	['D#2']	[True]	0.3	32
124.65	['A4', 'A5', 'D#2']	[True, True, False]	0.15	32
124.8	['A4', 'A5', 'B3', 'E2', 'E4', 'G#3']	[False, False, True, True, True, True]	0.45	32
124.95	['A4', 'A5', 'B3', 'E2', 'E4', 'G#3']	[False, False, False, False, False, False]	0.45	32
125.1	['A4', 'A5', 'B3', 'E2', 'E4', 'G#3']	[False, False, True, True, True, True]	0.45	32
125.25	['A5', 'B3', 'E2', 'E4', 'G#3', 'G#4']	[False, False, False, False, False, True]	0.15	32
125.4	['A5', 'E2', 'G#4']	[False, False, False]	0.15	32
125.55	['E2', 'G#4', 'G#5']	[False, False, True]	0.15	32
125.7	['B1', 'G#4', 'G#5']	[True, False, False]	0.3	32
125.85	['B1', 'G#4', 'G#5']	[False, False, False]	0.3	32
126.0	['B3', 'E2', 'E4', 'G#3', 'G#4', 'G#5']	[True, True, True, True, False, False]	0.45	32
126.15	['B3', 'E2', 'E4', 'G#3', 'G#4', 'G#5']	[False, False, False, False, False, False]	0.45	32
126.3	['B3', 'E2', 'E4', 'G#3', 'G#4', 'G#5']	[False, True, False, False, False, False]	0.45	32
126.45	['E2', 'G#4', 'G#5']	[False, False, False]	0.15	32
126.6	['B3', 'E2', 'E4', 'G#3', 'G#4', 'G#5']	[True, False, True, True, False, False]	0.3	32
126.75	['B3', 'E2', 'E4', 'G#3', 'G#4', 'G#5']	[False, False, False, False, False, False]	0.3	32
126.9	['B1', 'G#4', 'G#5']	[True, False, False]	0.15	32
127.05	['B1', 'G#4']	[False, False]	0.15	32
127.2	['G#4']	[False]	0.15	32
