j_offset	s_notes	s_isOnset	s_duration	s_measure
0.0	['A2', 'A3', 'C4', 'E4']	[True, True, True, True]	0.3	1
0.15	['A2', 'A3', 'C4', 'E4']	[False, False, False, False]	0.3	1
0.3	['A2', 'A3', 'B3', 'D#4']	[False, False, True, True]	0.3	1
0.45	['A2', 'A3', 'B3', 'D#4']	[False, False, False, False]	0.3	1
0.6	['A2', 'A3', 'C4', 'E4']	[False, True, True, True]	0.15	1
0.75	['A2', 'A3', 'B3', 'C4', 'D#4', 'E4']	[False, False, True, False, True, False]	0.15	1
0.9	['A2', 'A3', 'B3', 'D#4']	[False, False, False, False]	0.15	1
1.05	['A2', 'A3', 'B3', 'C4', 'D#4', 'E3', 'E4']	[False, True, False, True, False, True, True]	0.15	1
1.2	['A2', 'A3', 'C4', 'E3', 'E4']	[False, False, False, False, False]	0.15	1
1.35	['A2', 'A3', 'B3', 'C4', 'D#4', 'E3', 'E4']	[False, False, True, False, True, False, False]	0.15	1
1.5	['A2', 'A3', 'B3', 'D#4', 'E3']	[False, False, False, False, False]	0.15	1
1.65	['A2', 'A3', 'C4', 'E3', 'E4']	[False, True, True, False, True]	0.3	1
1.8	['A2', 'A3', 'C4', 'E3', 'E4']	[False, False, False, False, False]	0.3	1
1.95	['A2', 'A3', 'B3', 'D#4', 'E3']	[False, False, True, True, False]	0.3	1
2.1	['A2', 'A3', 'B3', 'D#4', 'E3']	[False, False, False, False, False]	0.3	1
2.25	['A2', 'A3', 'C4', 'E4']	[True, True, True, True]	0.15	1
2.4	['A2', 'A3', 'B3', 'C4', 'D#4', 'E4']	[False, False, True, False, True, False]	0.15	1
2.55	['A2', 'A3', 'B3', 'D#4']	[False, False, False, False]	0.15	1
2.7	['A2', 'A3', 'B3', 'C4', 'D#4', 'E4']	[False, True, False, True, False, True]	0.15	1
2.85	['A2', 'A3', 'C4', 'E4']	[False, False, False, False]	0.15	1
3.0	['A2', 'A3', 'B3', 'D#4']	[False, False, True, True]	0.3	1
3.15	['A2', 'A3', 'B3', 'D#4']	[False, False, False, False]	0.3	1
3.3	['A3', 'C4', 'E3', 'E4']	[True, True, True, True]	0.3	1
3.45	['A3', 'C4', 'E3', 'E4']	[False, False, False, False]	0.3	1
3.6	['A3', 'B3', 'D#4', 'E3']	[False, True, True, False]	0.15	1
3.75	['A3', 'B3', 'C4', 'D#4', 'E3', 'E4']	[True, False, True, False, False, True]	0.15	1
3.9	['A3', 'C4', 'E3', 'E4']	[False, False, False, False]	0.15	1
4.05	['A3', 'B3', 'C4', 'D#4', 'E3', 'E4']	[False, True, False, True, False, False]	0.15	2
4.2	['A3', 'B3', 'D#4', 'E3']	[False, False, False, False]	0.15	2
4.35	['A2', 'A3', 'B3', 'C4', 'D#4', 'E3', 'E4']	[True, True, False, True, False, True, True]	0.15	2
4.5	['A2', 'A3', 'C4', 'E3', 'E4']	[False, False, False, False, False]	0.15	2
4.65	['A2', 'A3', 'C4', 'E4']	[False, True, False, False]	1.95	2
4.8	['A2', 'A3', 'C4', 'E4']	[False, False, False, False]	1.95	2
4.95	['A2', 'A3', 'C4', 'E4']	[False, True, True, True]	1.95	2
5.1	['A2', 'A3', 'C4', 'E4']	[False, False, False, False]	1.95	2
5.25	['A2', 'A3', 'C4', 'E4']	[False, False, True, False]	1.95	2
5.4	['A2', 'A3', 'C4', 'E4']	[False, True, True, True]	1.95	2
5.55	['A2', 'A3', 'C4', 'E4']	[False, False, False, False]	1.95	2
5.7	['A2', 'A3', 'C4', 'E4']	[False, False, False, False]	1.95	2
5.85	['A2', 'A3', 'C4', 'E4']	[False, False, False, False]	1.95	2
6.0	['A2', 'A3', 'C4', 'E4']	[False, True, True, True]	1.95	2
6.15	['A2', 'A3', 'C4', 'E4']	[False, False, False, False]	1.95	2
6.3	['A2', 'A3', 'C4', 'E4']	[False, False, False, True]	1.95	2
6.45	['A2', 'A3', 'C4', 'E4']	[False, False, False, False]	1.95	2
6.6	['A3', 'C4', 'E4', 'F3']	[True, True, True, True]	0.15	2
6.75	['A3', 'C4', 'D4', 'E4', 'F3']	[False, False, True, False, False]	0.45	2
6.9	['A3', 'C4', 'D4', 'E4', 'F3']	[False, False, False, False, False]	0.45	2
7.05	['A3', 'C4', 'D4', 'E4', 'F3']	[True, True, False, True, False]	0.45	2
7.2	['A3', 'C4', 'E4', 'F3']	[False, False, False, False]	0.15	2
7.35	['A3', 'B3', 'C4', 'E4', 'F3']	[False, True, False, False, False]	0.6	2
7.5	['A3', 'B3', 'C4', 'E4', 'F3']	[False, False, False, False, False]	0.6	2
7.65	['A3', 'B3', 'C4', 'E4', 'F3']	[True, False, True, True, False]	0.6	2
7.8	['A3', 'B3', 'C4', 'E4', 'F3']	[False, False, False, False, False]	0.6	2
7.95	['A3', 'C4', 'E4', 'F3']	[False, True, False, False]	0.3	2
8.1	['A3', 'C4', 'E4', 'F3']	[False, False, False, False]	0.3	3
8.25	['A3', 'B3', 'C4', 'E4', 'F3']	[True, True, True, True, False]	0.3	3
8.4	['A3', 'B3', 'C4', 'E4', 'F3']	[True, False, False, False, False]	0.3	3
8.55	['A3', 'C4', 'E4', 'F3']	[False, False, False, False]	0.15	3
8.7	['A3', 'C#4', 'C4', 'E3', 'E4', 'F3', 'G3']	[True, True, False, True, True, False, True]	0.15	3
8.85	['A3', 'C#4', 'E3', 'E4', 'G3']	[False, False, False, False, False]	2.1	3
9.0	['A3', 'C#4', 'E3', 'E4', 'G3']	[False, False, False, False, False]	2.1	3
9.15	['A3', 'C#4', 'E3', 'E4', 'G3']	[False, False, False, False, False]	2.1	3
9.3	['A3', 'C#4', 'E3', 'E4', 'G3']	[True, True, False, True, True]	2.1	3
9.45	['A3', 'C#4', 'E3', 'E4', 'G3']	[False, False, False, False, False]	2.1	3
9.6	['A3', 'C#4', 'E3', 'E4', 'G3']	[True, False, False, False, False]	2.1	3
9.75	['A3', 'C#4', 'E3', 'E4', 'G3']	[True, True, False, True, True]	2.1	3
9.9	['A3', 'C#4', 'E3', 'E4', 'G3']	[False, False, False, False, False]	2.1	3
10.05	['A3', 'C#4', 'E3', 'E4', 'G3']	[False, False, False, False, False]	2.1	3
10.2	['A3', 'C#4', 'E3', 'E4', 'G3']	[False, False, False, False, False]	2.1	3
10.35	['A3', 'C#4', 'E3', 'E4', 'G3']	[True, True, True, True, True]	2.1	3
10.5	['A3', 'C#4', 'E3', 'E4', 'G3']	[False, False, False, False, False]	2.1	3
10.65	['A3', 'C#4', 'E3', 'E4', 'G3']	[False, False, False, False, False]	2.1	3
10.8	['A3', 'C#4', 'E3', 'E4', 'G3']	[False, False, False, False, False]	2.1	3
10.95	['A3', 'D3', 'D4', 'F4', 'G3']	[True, True, True, True, True]	0.3	3
11.1	['A3', 'D3', 'D4', 'F4', 'G3']	[False, False, False, False, False]	0.3	3
11.25	['A3', 'D3', 'D4', 'F4']	[True, False, False, False]	0.15	3
11.4	['A3', 'D3', 'D4', 'F4', 'G3']	[True, False, True, True, True]	0.3	3
11.55	['A3', 'D3', 'D4', 'F4', 'G3']	[False, False, False, False, False]	0.3	3
11.7	['A3', 'D3', 'D4', 'F3', 'F4', 'G3']	[False, False, False, True, False, False]	0.15	3
11.85	['A3', 'D3', 'D4', 'F3', 'F4']	[False, False, False, False, False]	0.75	3
12.0	['A3', 'D3', 'D4', 'F3', 'F4']	[True, False, True, False, True]	0.75	4
12.15	['A3', 'D3', 'D4', 'F3', 'F4']	[False, False, False, False, False]	0.75	4
12.3	['A3', 'D3', 'D4', 'F3', 'F4']	[False, False, False, False, False]	0.75	4
12.45	['A3', 'D3', 'D4', 'F3', 'F4']	[False, False, False, False, False]	0.75	4
12.6	['A3', 'D3', 'D4', 'F4']	[True, False, True, True]	0.45	4
12.75	['A3', 'D3', 'D4', 'F4']	[False, False, False, False]	0.45	4
12.9	['A3', 'D3', 'D4', 'F4']	[False, False, False, False]	0.45	4
13.05	['A3', 'B4', 'D3', 'D4', 'D5', 'F4', 'G3', 'G4']	[False, True, False, False, True, True, True, True]	0.15	4
13.2	['B4', 'D5', 'F4', 'G3', 'G4']	[False, False, False, False, False]	0.15	4
13.35	['A3', 'B4', 'D5', 'F4', 'G3', 'G4']	[True, False, False, False, False, False]	0.3	4
13.5	['A3', 'B4', 'D5', 'F4', 'G3', 'G4']	[False, False, False, False, False, False]	0.3	4
13.65	['B3', 'B4', 'D5', 'F4', 'G3', 'G4']	[True, True, True, True, False, True]	0.3	4
13.8	['B3', 'B4', 'D5', 'F4', 'G3', 'G4']	[False, False, False, False, False, False]	0.3	4
13.95	['B4', 'C4', 'D5', 'F4', 'G3', 'G4']	[False, True, False, False, False, False]	0.75	4
14.1	['B4', 'C4', 'D5', 'F4', 'G3', 'G4']	[False, False, False, False, False, False]	0.75	4
14.25	['B4', 'C4', 'D5', 'F4', 'G3', 'G4']	[True, False, True, True, False, True]	0.75	4
14.4	['B4', 'C4', 'D5', 'F4', 'G3', 'G4']	[False, False, False, False, False, False]	0.75	4
14.55	['B4', 'C4', 'D5', 'F4', 'G3', 'G4']	[False, False, False, False, False, False]	0.75	4
14.7	['B4', 'C4', 'D4', 'D5', 'F4', 'G3', 'G4']	[True, False, True, True, True, False, True]	0.15	4
14.85	['B4', 'D4', 'D5', 'F4', 'G3', 'G4']	[False, False, False, False, False, False]	0.15	4
15.0	['B4', 'D5', 'E4', 'F4', 'G3', 'G4']	[False, False, True, False, False, False]	0.3	4
15.15	['B4', 'D5', 'E4', 'F4', 'G3', 'G4']	[False, False, False, False, False, False]	0.3	4
15.3	['C3', 'C4', 'E4', 'G4']	[True, True, True, True]	1.05	4
15.45	['C3', 'C4', 'E4', 'G4']	[False, False, False, False]	1.05	4
15.6	['C3', 'C4', 'E4', 'G4']	[False, False, True, False]	1.05	4
15.75	['C3', 'C4', 'E4', 'G4']	[False, True, True, True]	1.05	4
15.9	['C3', 'C4', 'E4', 'G4']	[False, False, False, False]	1.05	4
16.05	['C3', 'C4', 'E4', 'G4']	[False, False, True, False]	1.05	5
16.2	['C3', 'C4', 'E4', 'G4']	[False, False, False, False]	1.05	5
16.35	['B2', 'C3', 'C4', 'E4', 'G4']	[True, False, True, True, True]	0.15	5
16.5	['B2', 'C4', 'E4', 'G4']	[False, False, False, False]	0.9	5
16.65	['B2', 'C4', 'E4', 'G4']	[False, False, False, False]	0.9	5
16.8	['B2', 'C4', 'E4', 'G4']	[False, False, False, False]	0.9	5
16.95	['B2', 'C4', 'E4', 'G4']	[False, True, True, True]	0.9	5
17.1	['B2', 'C4', 'E4', 'G4']	[False, False, False, False]	0.9	5
17.25	['B2', 'C4', 'E4', 'G4']	[False, False, True, False]	0.9	5
17.4	['A2', 'A3', 'B2', 'C#4', 'C4', 'E4', 'G3', 'G4']	[True, True, False, True, False, True, True, False]	0.15	5
17.55	['A2', 'A3', 'C#4', 'E4', 'G3']	[False, False, False, False, False]	1.2	5
17.7	['A2', 'A3', 'C#4', 'E4', 'G3']	[False, False, False, False, False]	1.2	5
17.85	['A2', 'A3', 'C#4', 'E4', 'G3']	[False, False, False, False, False]	1.2	5
18.0	['A2', 'A3', 'C#4', 'E4', 'G3']	[False, True, True, True, True]	1.2	5
18.15	['A2', 'A3', 'C#4', 'E4', 'G3']	[False, False, False, False, False]	1.2	5
18.3	['A2', 'A3', 'C#4', 'E4', 'G3']	[False, True, False, False, False]	1.2	5
18.45	['A2', 'A3', 'C#4', 'E4', 'G3']	[False, False, False, False, False]	1.2	5
18.6	['A2', 'A3', 'C#4', 'E4', 'G3']	[False, True, True, True, True]	1.2	5
18.75	['A2', 'A3', 'C#4', 'E4', 'F4', 'G3']	[False, False, False, False, True, False]	0.45	5
18.9	['A2', 'A3', 'C#4', 'E4', 'F4', 'G3']	[False, False, False, False, False, False]	0.45	5
19.05	['A2', 'A3', 'C#4', 'E4', 'F4', 'G3']	[False, True, True, True, False, True]	0.45	5
19.2	['A2', 'A3', 'C#4', 'E4', 'G3']	[False, False, False, False, False]	0.15	5
19.35	['A2', 'A3', 'C#4', 'D4', 'E4', 'G3']	[False, False, False, True, False, False]	0.3	5
19.5	['A2', 'A3', 'C#4', 'D4', 'E4', 'G3']	[False, False, False, False, False, False]	0.3	5
19.65	['A3', 'C4', 'D3', 'D4', 'F#4']	[True, True, True, True, True]	1.05	5
19.8	['A3', 'C4', 'D3', 'D4', 'F#4']	[False, False, False, False, False]	1.05	5
19.95	['A3', 'C4', 'D3', 'D4', 'F#4']	[False, False, False, False, False]	1.05	5
20.1	['A3', 'C4', 'D3', 'D4', 'F#4']	[False, False, False, False, False]	1.05	6
20.25	['A3', 'C4', 'D3', 'D4', 'F#4']	[True, True, False, True, True]	1.05	6
20.4	['A3', 'C4', 'D3', 'D4', 'F#4']	[False, False, False, False, False]	1.05	6
20.55	['A3', 'C4', 'D3', 'D4', 'F#4']	[False, False, False, False, False]	1.05	6
20.7	['A3', 'A4', 'C4', 'D3', 'D4', 'F#4']	[True, True, True, False, True, True]	1.05	6
20.85	['A3', 'A4', 'C4', 'D3', 'D4', 'F#4']	[False, False, False, False, False, False]	1.05	6
21.0	['A3', 'A4', 'C4', 'D3', 'D4', 'F#4']	[False, False, False, False, False, False]	1.05	6
21.15	['A3', 'A4', 'C4', 'D3', 'D4', 'F#4']	[False, False, False, False, False, False]	1.05	6
21.3	['A3', 'A4', 'C4', 'D3', 'D4', 'F#4']	[True, False, True, False, True, True]	1.05	6
21.45	['A3', 'A4', 'C4', 'D3', 'D4', 'F#4']	[False, False, False, False, False, False]	1.05	6
21.6	['A3', 'A4', 'C4', 'D3', 'D4', 'F#4']	[False, False, False, False, False, False]	1.05	6
21.75	['A3', 'A4', 'B3', 'C4', 'D3', 'D4', 'F#4', 'F4', 'G3', 'G4']	[False, False, True, False, False, True, False, True, True, True]	0.15	6
21.9	['B3', 'D4', 'F4', 'G3', 'G4']	[False, False, False, False, False]	0.45	6
22.05	['B3', 'D4', 'F4', 'G3', 'G4']	[False, False, False, False, False]	0.45	6
22.2	['B3', 'D4', 'F4', 'G3', 'G4']	[False, False, False, False, False]	0.45	6
22.35	['A3', 'B3', 'C4', 'D4', 'F4', 'G3', 'G4']	[True, True, True, True, True, False, True]	0.15	6
22.5	['A3', 'B3', 'C4', 'D4', 'F4', 'G4']	[False, False, False, False, False, False]	0.15	6
22.65	['A3', 'B3', 'C4', 'D4', 'F4', 'G3', 'G4']	[False, False, False, False, False, True, False]	0.3	6
22.8	['A3', 'B3', 'C4', 'D4', 'F4', 'G3', 'G4']	[False, False, False, False, False, False, False]	0.3	6
22.95	['B3', 'D4', 'F4', 'G4']	[True, True, True, True]	0.3	6
23.1	['B3', 'D4', 'F4', 'G4']	[False, False, False, False]	0.3	6
23.25	['B3', 'C4', 'D4', 'F4', 'G4']	[False, True, False, False, False]	0.3	6
23.4	['B3', 'C4', 'D4', 'F4', 'G4']	[True, False, True, True, False]	0.3	6
23.55	['B3', 'D4', 'F4']	[False, False, False]	0.15	6
23.7	['B3', 'C4', 'D4', 'F4']	[False, True, False, False]	0.3	6
23.85	['B3', 'C4', 'D4', 'F4']	[False, False, False, False]	0.3	6
24.0	['C3', 'C4', 'E4', 'G3']	[True, True, True, True]	0.6	7
24.15	['C3', 'C4', 'E4', 'G3']	[False, False, False, False]	0.6	7
24.3	['C3', 'C4', 'E4', 'G3']	[False, False, False, False]	0.6	7
24.45	['C3', 'C4', 'E4', 'G3']	[False, False, False, False]	0.6	7
24.6	['B3', 'C3', 'C4', 'D4', 'E4', 'F#4', 'G3']	[True, False, True, True, True, True, True]	0.45	7
24.75	['B3', 'C3', 'C4', 'D4', 'E4', 'F#4', 'G3']	[False, False, False, False, False, False, False]	0.45	7
24.9	['B3', 'C3', 'C4', 'D4', 'E4', 'F#4', 'G3']	[False, False, False, False, False, False, False]	0.45	7
25.05	['B3', 'C3', 'C4', 'D4', 'E4', 'F#4', 'G3', 'G4']	[False, False, True, False, True, False, True, True]	0.15	7
25.2	['C3', 'C4', 'E4', 'G3', 'G4']	[False, False, False, False, False]	0.45	7
25.35	['C3', 'C4', 'E4', 'G3', 'G4']	[False, False, False, False, False]	0.45	7
25.5	['C3', 'C4', 'E4', 'G3', 'G4']	[False, False, False, False, False]	0.45	7
25.65	['C3', 'C4', 'E4', 'G3']	[False, True, True, True]	0.6	7
25.8	['C3', 'C4', 'E4', 'G3']	[False, False, False, False]	0.6	7
25.95	['C3', 'C4', 'E4', 'G3']	[False, False, False, False]	0.6	7
26.1	['C3', 'C4', 'E4', 'G3']	[False, False, False, False]	0.6	7
26.25	['B4', 'E3', 'E4', 'G#4']	[True, True, True, True]	0.15	7
26.4	['B4', 'E3', 'E4', 'G#3', 'G#4']	[False, False, False, True, False]	0.3	7
26.55	['B4', 'E3', 'E4', 'G#3', 'G#4']	[False, False, False, False, False]	0.3	7
26.7	['B3', 'B4', 'E3', 'E4', 'G#3', 'G#4']	[True, True, False, True, False, True]	0.15	7
26.85	['B3', 'B4', 'E3', 'E4', 'G#4']	[False, False, False, False, False]	0.15	7
27.0	['B4', 'D4', 'E3', 'E4', 'G#4']	[False, True, False, False, False]	0.9	7
27.15	['B4', 'D4', 'E3', 'E4', 'G#4']	[False, False, False, False, False]	0.9	7
27.3	['B4', 'D4', 'E3', 'E4', 'G#4']	[True, False, False, True, True]	0.9	7
27.45	['B4', 'D4', 'E3', 'E4', 'G#4']	[False, False, False, False, False]	0.9	7
27.6	['B4', 'D4', 'E3', 'E4', 'G#4']	[False, False, False, False, False]	0.9	7
27.75	['B4', 'D4', 'E3', 'E4', 'G#4']	[True, False, False, True, True]	0.9	7
27.9	['B4', 'E3', 'E4', 'G#4']	[False, False, False, False]	0.45	7
28.05	['B4', 'E3', 'E4', 'G#4']	[False, False, False, False]	0.45	8
28.2	['B4', 'E3', 'E4', 'G#4']	[False, False, False, False]	0.45	8
28.35	['A2', 'A3', 'B4', 'C4', 'E3', 'E4', 'G#4']	[True, True, False, True, True, True, False]	0.15	8
28.5	['A2', 'A3', 'C4', 'E3', 'E4']	[False, False, False, False, False]	0.15	8
28.65	['A2', 'A3', 'C4', 'E4']	[False, True, False, False]	1.95	8
28.8	['A2', 'A3', 'C4', 'E4']	[False, False, False, False]	1.95	8
28.95	['A2', 'A3', 'C4', 'E4']	[False, True, True, True]	1.95	8
29.1	['A2', 'A3', 'C4', 'E4']	[False, False, False, False]	1.95	8
29.25	['A2', 'A3', 'C4', 'E4']	[False, False, True, False]	1.95	8
29.4	['A2', 'A3', 'C4', 'E4']	[False, True, True, True]	1.95	8
29.55	['A2', 'A3', 'C4', 'E4']	[False, False, False, False]	1.95	8
29.7	['A2', 'A3', 'C4', 'E4']	[False, False, False, False]	1.95	8
29.85	['A2', 'A3', 'C4', 'E4']	[False, False, False, False]	1.95	8
30.0	['A2', 'A3', 'C4', 'E4']	[False, True, True, True]	1.95	8
30.15	['A2', 'A3', 'C4', 'E4']	[False, False, False, False]	1.95	8
30.3	['A2', 'A3', 'C4', 'E4']	[False, False, False, True]	1.95	8
30.45	['A2', 'A3', 'C4', 'E4']	[False, False, False, False]	1.95	8
30.6	['A3', 'C4', 'E4', 'F3']	[True, True, True, True]	0.15	8
30.75	['A3', 'C4', 'D4', 'E4', 'F3']	[False, False, True, False, False]	0.45	8
30.9	['A3', 'C4', 'D4', 'E4', 'F3']	[False, False, False, False, False]	0.45	8
31.05	['A3', 'C4', 'D4', 'E4', 'F3']	[True, True, False, True, False]	0.45	8
31.2	['A3', 'C4', 'E4', 'F3']	[False, False, False, False]	0.15	8
31.35	['A3', 'B3', 'C4', 'E4', 'F3']	[False, True, False, False, False]	0.6	8
31.5	['A3', 'B3', 'C4', 'E4', 'F3']	[False, False, False, False, False]	0.6	8
31.65	['A3', 'B3', 'C4', 'E4', 'F3']	[True, False, True, True, False]	0.6	8
31.8	['A3', 'B3', 'C4', 'E4', 'F3']	[False, False, False, False, False]	0.6	8
31.95	['A3', 'C4', 'E4', 'F3']	[False, True, False, False]	0.3	8
32.1	['A3', 'C4', 'E4', 'F3']	[False, False, False, False]	0.3	9
32.25	['A3', 'B3', 'C4', 'E4', 'F3']	[True, True, True, True, False]	0.3	9
32.4	['A3', 'B3', 'C4', 'E4', 'F3']	[True, False, False, False, False]	0.3	9
32.55	['A3', 'C4', 'E4', 'F3']	[False, False, False, False]	0.15	9
32.7	['A3', 'C#4', 'C4', 'E3', 'E4', 'F3', 'G3']	[True, True, False, True, True, False, True]	0.15	9
32.85	['A3', 'C#4', 'E3', 'E4', 'G3']	[False, False, False, False, False]	2.1	9
33.0	['A3', 'C#4', 'E3', 'E4', 'G3']	[False, False, False, False, False]	2.1	9
33.15	['A3', 'C#4', 'E3', 'E4', 'G3']	[False, False, False, False, False]	2.1	9
33.3	['A3', 'C#4', 'E3', 'E4', 'G3']	[True, True, False, True, True]	2.1	9
33.45	['A3', 'C#4', 'E3', 'E4', 'G3']	[False, False, False, False, False]	2.1	9
33.6	['A3', 'C#4', 'E3', 'E4', 'G3']	[True, False, False, False, False]	2.1	9
33.75	['A3', 'C#4', 'E3', 'E4', 'G3']	[True, True, False, True, True]	2.1	9
33.9	['A3', 'C#4', 'E3', 'E4', 'G3']	[False, False, False, False, False]	2.1	9
34.05	['A3', 'C#4', 'E3', 'E4', 'G3']	[False, False, False, False, False]	2.1	9
34.2	['A3', 'C#4', 'E3', 'E4', 'G3']	[False, False, False, False, False]	2.1	9
34.35	['A3', 'C#4', 'E3', 'E4', 'G3']	[True, True, True, True, True]	2.1	9
34.5	['A3', 'C#4', 'E3', 'E4', 'G3']	[False, False, False, False, False]	2.1	9
34.65	['A3', 'C#4', 'E3', 'E4', 'G3']	[False, False, False, False, False]	2.1	9
34.8	['A3', 'C#4', 'E3', 'E4', 'G3']	[False, False, False, False, False]	2.1	9
34.95	['A3', 'D3', 'D4', 'F4', 'G3']	[True, True, True, True, True]	0.3	9
35.1	['A3', 'D3', 'D4', 'F4', 'G3']	[False, False, False, False, False]	0.3	9
35.25	['A3', 'D3', 'D4', 'F4']	[True, False, False, False]	0.15	9
35.4	['A3', 'D3', 'D4', 'F4', 'G3']	[True, False, True, True, True]	0.3	9
35.55	['A3', 'D3', 'D4', 'F4', 'G3']	[False, False, False, False, False]	0.3	9
35.7	['A3', 'D3', 'D4', 'F3', 'F4', 'G3']	[False, False, False, True, False, False]	0.15	9
35.85	['A3', 'D3', 'D4', 'F3', 'F4']	[False, False, False, False, False]	0.75	9
36.0	['A3', 'D3', 'D4', 'F3', 'F4']	[True, False, True, False, True]	0.75	10
36.15	['A3', 'D3', 'D4', 'F3', 'F4']	[False, False, False, False, False]	0.75	10
36.3	['A3', 'D3', 'D4', 'F3', 'F4']	[False, False, False, False, False]	0.75	10
36.45	['A3', 'D3', 'D4', 'F3', 'F4']	[False, False, False, False, False]	0.75	10
36.6	['A3', 'D3', 'D4', 'F4']	[True, False, True, True]	0.45	10
36.75	['A3', 'D3', 'D4', 'F4']	[False, False, False, False]	0.45	10
36.9	['A3', 'D3', 'D4', 'F4']	[False, False, False, False]	0.45	10
37.05	['A3', 'B4', 'D3', 'D4', 'D5', 'F4', 'G3', 'G4']	[False, True, False, False, True, True, True, True]	0.15	10
37.2	['B4', 'D5', 'F4', 'G3', 'G4']	[False, False, False, False, False]	0.15	10
37.35	['A3', 'B4', 'D5', 'F4', 'G3', 'G4']	[True, False, False, False, False, False]	0.3	10
37.5	['A3', 'B4', 'D5', 'F4', 'G3', 'G4']	[False, False, False, False, False, False]	0.3	10
37.65	['B3', 'B4', 'D5', 'F4', 'G3', 'G4']	[True, True, True, True, False, True]	0.3	10
37.8	['B3', 'B4', 'D5', 'F4', 'G3', 'G4']	[False, False, False, False, False, False]	0.3	10
37.95	['B4', 'C4', 'D5', 'F4', 'G3', 'G4']	[False, True, False, False, False, False]	0.75	10
38.1	['B4', 'C4', 'D5', 'F4', 'G3', 'G4']	[False, False, False, False, False, False]	0.75	10
38.25	['B4', 'C4', 'D5', 'F4', 'G3', 'G4']	[True, False, True, True, False, True]	0.75	10
38.4	['B4', 'C4', 'D5', 'F4', 'G3', 'G4']	[False, False, False, False, False, False]	0.75	10
38.55	['B4', 'C4', 'D5', 'F4', 'G3', 'G4']	[False, False, False, False, False, False]	0.75	10
38.7	['B4', 'C4', 'D4', 'D5', 'F4', 'G3', 'G4']	[True, False, True, True, True, False, True]	0.15	10
38.85	['B4', 'D4', 'D5', 'F4', 'G3', 'G4']	[False, False, False, False, False, False]	0.15	10
39.0	['B4', 'D5', 'E4', 'F4', 'G3', 'G4']	[False, False, True, False, False, False]	0.3	10
39.15	['B4', 'D5', 'E4', 'F4', 'G3', 'G4']	[False, False, False, False, False, False]	0.3	10
39.3	['C3', 'C4', 'E4', 'G4']	[True, True, True, True]	1.05	10
39.45	['C3', 'C4', 'E4', 'G4']	[False, False, False, False]	1.05	10
39.6	['C3', 'C4', 'E4', 'G4']	[False, False, True, False]	1.05	10
39.75	['C3', 'C4', 'E4', 'G4']	[False, True, True, True]	1.05	10
39.9	['C3', 'C4', 'E4', 'G4']	[False, False, False, False]	1.05	10
40.05	['C3', 'C4', 'E4', 'G4']	[False, False, True, False]	1.05	11
40.2	['C3', 'C4', 'E4', 'G4']	[False, False, False, False]	1.05	11
40.35	['B2', 'C3', 'C4', 'E4', 'G4']	[True, False, True, True, True]	0.15	11
40.5	['B2', 'C4', 'E4', 'G4']	[False, False, False, False]	0.9	11
40.65	['B2', 'C4', 'E4', 'G4']	[False, False, False, False]	0.9	11
40.8	['B2', 'C4', 'E4', 'G4']	[False, False, False, False]	0.9	11
40.95	['B2', 'C4', 'E4', 'G4']	[False, True, True, True]	0.9	11
41.1	['B2', 'C4', 'E4', 'G4']	[False, False, False, False]	0.9	11
41.25	['B2', 'C4', 'E4', 'G4']	[False, False, True, False]	0.9	11
41.4	['A2', 'A3', 'B2', 'C#4', 'C4', 'E4', 'G3', 'G4']	[True, True, False, True, False, True, True, False]	0.15	11
41.55	['A2', 'A3', 'C#4', 'E4', 'G3']	[False, False, False, False, False]	1.2	11
41.7	['A2', 'A3', 'C#4', 'E4', 'G3']	[False, False, False, False, False]	1.2	11
41.85	['A2', 'A3', 'C#4', 'E4', 'G3']	[False, False, False, False, False]	1.2	11
42.0	['A2', 'A3', 'C#4', 'E4', 'G3']	[False, True, True, True, True]	1.2	11
42.15	['A2', 'A3', 'C#4', 'E4', 'G3']	[False, False, False, False, False]	1.2	11
42.3	['A2', 'A3', 'C#4', 'E4', 'G3']	[False, True, False, False, False]	1.2	11
42.45	['A2', 'A3', 'C#4', 'E4', 'G3']	[False, False, False, False, False]	1.2	11
42.6	['A2', 'A3', 'C#4', 'E4', 'G3']	[False, True, True, True, True]	1.2	11
42.75	['A2', 'A3', 'C#4', 'E4', 'F4', 'G3']	[False, False, False, False, True, False]	0.45	11
42.9	['A2', 'A3', 'C#4', 'E4', 'F4', 'G3']	[False, False, False, False, False, False]	0.45	11
43.05	['A2', 'A3', 'C#4', 'E4', 'F4', 'G3']	[False, True, True, True, False, True]	0.45	11
43.2	['A2', 'A3', 'C#4', 'E4', 'G3']	[False, False, False, False, False]	0.15	11
43.35	['A2', 'A3', 'C#4', 'D4', 'E4', 'G3']	[False, False, False, True, False, False]	0.3	11
43.5	['A2', 'A3', 'C#4', 'D4', 'E4', 'G3']	[False, False, False, False, False, False]	0.3	11
43.65	['A3', 'C4', 'D3', 'D4', 'F#4']	[True, True, True, True, True]	1.05	11
43.8	['A3', 'C4', 'D3', 'D4', 'F#4']	[False, False, False, False, False]	1.05	11
43.95	['A3', 'C4', 'D3', 'D4', 'F#4']	[False, False, False, False, False]	1.05	11
44.1	['A3', 'C4', 'D3', 'D4', 'F#4']	[False, False, False, False, False]	1.05	12
44.25	['A3', 'C4', 'D3', 'D4', 'F#4']	[True, True, False, True, True]	1.05	12
44.4	['A3', 'C4', 'D3', 'D4', 'F#4']	[False, False, False, False, False]	1.05	12
44.55	['A3', 'C4', 'D3', 'D4', 'F#4']	[False, False, False, False, False]	1.05	12
44.7	['A3', 'A4', 'C4', 'D3', 'D4', 'F#4']	[True, True, True, False, True, True]	1.05	12
44.85	['A3', 'A4', 'C4', 'D3', 'D4', 'F#4']	[False, False, False, False, False, False]	1.05	12
45.0	['A3', 'A4', 'C4', 'D3', 'D4', 'F#4']	[False, False, False, False, False, False]	1.05	12
45.15	['A3', 'A4', 'C4', 'D3', 'D4', 'F#4']	[False, False, False, False, False, False]	1.05	12
45.3	['A3', 'A4', 'C4', 'D3', 'D4', 'F#4']	[True, False, True, False, True, True]	1.05	12
45.45	['A3', 'A4', 'C4', 'D3', 'D4', 'F#4']	[False, False, False, False, False, False]	1.05	12
45.6	['A3', 'A4', 'C4', 'D3', 'D4', 'F#4']	[False, False, False, False, False, False]	1.05	12
45.75	['A3', 'A4', 'B3', 'C4', 'D3', 'D4', 'F#4', 'F4', 'G3', 'G4']	[False, False, True, False, False, True, False, True, True, True]	0.15	12
45.9	['B3', 'D4', 'F4', 'G3', 'G4']	[False, False, False, False, False]	0.45	12
46.05	['B3', 'D4', 'F4', 'G3', 'G4']	[False, False, False, False, False]	0.45	12
46.2	['B3', 'D4', 'F4', 'G3', 'G4']	[False, False, False, False, False]	0.45	12
46.35	['A3', 'B3', 'C4', 'D4', 'F4', 'G3', 'G4']	[True, True, True, True, True, False, True]	0.15	12
46.5	['A3', 'B3', 'C4', 'D4', 'F4', 'G4']	[False, False, False, False, False, False]	0.15	12
46.65	['A3', 'B3', 'C4', 'D4', 'F4', 'G3', 'G4']	[False, False, False, False, False, True, False]	0.3	12
46.8	['A3', 'B3', 'C4', 'D4', 'F4', 'G3', 'G4']	[False, False, False, False, False, False, False]	0.3	12
46.95	['B3', 'D4', 'F4', 'G4']	[True, True, True, True]	0.3	12
47.1	['B3', 'D4', 'F4', 'G4']	[False, False, False, False]	0.3	12
47.25	['B3', 'C4', 'D4', 'F4', 'G4']	[False, True, False, False, False]	0.3	12
47.4	['B3', 'C4', 'D4', 'F4', 'G4']	[True, False, True, True, False]	0.3	12
47.55	['B3', 'D4', 'F4']	[False, False, False]	0.15	12
47.7	['B3', 'C4', 'D4', 'F4']	[False, True, False, False]	0.3	12
47.85	['B3', 'C4', 'D4', 'F4']	[False, False, False, False]	0.3	12
48.0	['C3', 'C4', 'E4', 'G3']	[True, True, True, True]	0.6	13
48.15	['C3', 'C4', 'E4', 'G3']	[False, False, False, False]	0.6	13
48.3	['C3', 'C4', 'E4', 'G3']	[False, False, False, False]	0.6	13
48.45	['C3', 'C4', 'E4', 'G3']	[False, False, False, False]	0.6	13
48.6	['B3', 'C3', 'C4', 'D4', 'E4', 'F#4', 'G3']	[True, False, True, True, True, True, True]	0.45	13
48.75	['B3', 'C3', 'C4', 'D4', 'E4', 'F#4', 'G3']	[False, False, False, False, False, False, False]	0.45	13
48.9	['B3', 'C3', 'C4', 'D4', 'E4', 'F#4', 'G3']	[False, False, False, False, False, False, False]	0.45	13
49.05	['B3', 'C3', 'C4', 'D4', 'E4', 'F#4', 'G3', 'G4']	[False, False, True, False, True, False, True, True]	0.15	13
49.2	['C3', 'C4', 'E4', 'G3', 'G4']	[False, False, False, False, False]	0.45	13
49.35	['C3', 'C4', 'E4', 'G3', 'G4']	[False, False, False, False, False]	0.45	13
49.5	['C3', 'C4', 'E4', 'G3', 'G4']	[False, False, False, False, False]	0.45	13
49.65	['C3', 'C4', 'D4', 'E4', 'G3']	[False, True, True, True, True]	0.6	13
49.8	['C3', 'C4', 'D4', 'E4', 'G3']	[False, False, False, False, False]	0.6	13
49.95	['C3', 'C4', 'D4', 'E4', 'G3']	[False, False, False, False, False]	0.6	13
50.1	['C3', 'C4', 'D4', 'E4', 'G3']	[False, False, False, False, False]	0.6	13
50.25	['B3', 'E3', 'E4', 'G#3', 'G#4']	[True, True, True, True, True]	0.45	13
50.4	['B3', 'E3', 'E4', 'G#3', 'G#4']	[False, False, False, False, False]	0.45	13
50.55	['B3', 'E3', 'E4', 'G#3', 'G#4']	[False, False, False, False, False]	0.45	13
50.7	['A4', 'B3', 'E3', 'E4', 'F#3', 'G#3', 'G#4']	[True, False, False, False, True, False, False]	0.15	13
50.85	['A4', 'B3', 'E4', 'F#3', 'G#3']	[False, False, False, False, False]	0.45	13
51.0	['A4', 'B3', 'E4', 'F#3', 'G#3']	[False, False, False, False, False]	0.45	13
51.15	['A4', 'B3', 'E4', 'F#3', 'G#3']	[False, False, False, False, False]	0.45	13
51.3	['B4', 'G#3']	[True, True]	1.05	13
51.45	['B4', 'G#3']	[False, False]	1.05	13
51.6	['B4', 'G#3']	[False, False]	1.05	13
51.75	['B4', 'G#3']	[False, False]	1.05	13
51.9	['B4', 'G#3']	[False, False]	1.05	13
52.05	['B4', 'G#3']	[False, False]	1.05	14
52.2	['B4', 'G#3']	[False, False]	1.05	14
52.35	['A4', 'B4', 'E4', 'F#3', 'G#3']	[True, False, True, True, False]	0.15	14
52.5	['A4', 'E4', 'F#3']	[False, False, False]	0.45	14
52.65	['A4', 'E4', 'F#3']	[False, False, False]	0.45	14
52.8	['A4', 'E4', 'F#3']	[False, False, False]	0.45	14
52.95	['B4', 'E4', 'G#3']	[True, False, True]	0.45	14
53.1	['B4', 'E4', 'G#3']	[False, False, False]	0.45	14
53.25	['B4', 'E4', 'G#3']	[False, False, False]	0.45	14
53.4	['A3', 'B4', 'C5', 'E4', 'G#3']	[True, False, True, True, False]	0.15	14
53.55	['A3', 'C5', 'E4']	[False, False, False]	0.45	14
53.7	['A3', 'C5', 'E4']	[False, False, False]	0.45	14
53.85	['A3', 'C5', 'E4']	[False, False, False]	0.45	14
54.0	['A3', 'B4', 'E4']	[False, True, False]	0.6	14
54.15	['A3', 'B4', 'E4']	[False, False, False]	0.6	14
54.3	['A3', 'B4', 'E4']	[False, False, False]	0.6	14
54.45	['A3', 'B4', 'E4']	[False, False, False]	0.6	14
54.6	['A3', 'A4', 'E4']	[False, True, True]	1.05	14
54.75	['A3', 'A4', 'E4']	[False, False, False]	1.05	14
54.9	['A3', 'A4', 'E4']	[False, False, False]	1.05	14
55.05	['A3', 'A4', 'E4']	[False, False, False]	1.05	14
55.2	['A3', 'A4', 'E4']	[False, False, False]	1.05	14
55.35	['A3', 'A4', 'E4']	[False, False, False]	1.05	14
55.5	['A3', 'A4', 'E4']	[False, False, False]	1.05	14
55.65	['C5', 'E4', 'F3']	[True, True, True]	0.6	14
55.8	['C5', 'E4', 'F3']	[False, False, False]	0.6	14
55.95	['C5', 'E4', 'F3']	[False, False, False]	0.6	14
56.1	['C5', 'E4', 'F3']	[False, False, False]	0.6	15
56.25	['B4', 'E4', 'F3']	[True, False, False]	0.45	15
56.4	['B4', 'E4', 'F3']	[False, False, False]	0.45	15
56.55	['B4', 'E4', 'F3']	[False, False, False]	0.45	15
56.7	['A4', 'B4', 'E4', 'F3']	[True, False, True, False]	0.15	15
56.85	['A4', 'E4', 'F3']	[False, False, False]	0.9	15
57.0	['A4', 'E4', 'F3']	[False, False, False]	0.9	15
57.15	['A4', 'E4', 'F3']	[False, False, False]	0.9	15
57.3	['A4', 'E4', 'F3']	[False, False, False]	0.9	15
57.45	['A4', 'E4', 'F3']	[False, False, False]	0.9	15
57.6	['A4', 'E4', 'F3']	[False, False, False]	0.9	15
57.75	['A4', 'D4', 'E4', 'F3']	[True, True, False, True]	0.15	15
57.9	['A4', 'D4', 'F3']	[False, False, False]	0.45	15
58.05	['A4', 'D4', 'F3']	[False, False, False]	0.45	15
58.2	['A4', 'D4', 'F3']	[False, False, False]	0.45	15
58.35	['A4', 'D4', 'E4', 'F3']	[True, False, True, True]	0.15	15
58.5	['A4', 'E4', 'F3']	[False, False, False]	0.45	15
58.65	['A4', 'E4', 'F3']	[False, False, False]	0.45	15
58.8	['A4', 'E4', 'F3']	[False, False, False]	0.45	15
58.95	['A4', 'F3', 'F4']	[True, True, True]	1.05	15
59.1	['A4', 'F3', 'F4']	[False, False, False]	1.05	15
59.25	['A4', 'F3', 'F4']	[False, False, False]	1.05	15
59.4	['A4', 'F3', 'F4']	[False, False, False]	1.05	15
59.55	['A4', 'F3', 'F4']	[False, False, False]	1.05	15
59.7	['A4', 'F3', 'F4']	[False, False, False]	1.05	15
59.85	['A4', 'F3', 'F4']	[False, False, False]	1.05	15
60.0	['A4', 'D4', 'G3']	[True, True, True]	0.6	16
60.15	['A4', 'D4', 'G3']	[False, False, False]	0.6	16
60.3	['A4', 'D4', 'G3']	[False, False, False]	0.6	16
60.45	['A4', 'D4', 'G3']	[False, False, False]	0.6	16
60.6	['A4', 'E4', 'G3']	[True, True, True]	0.45	16
60.75	['A4', 'E4', 'G3']	[False, False, False]	0.45	16
60.9	['A4', 'E4', 'G3']	[False, False, False]	0.45	16
61.05	['A4', 'E4', 'F4', 'G3']	[True, False, True, True]	0.15	16
61.2	['A4', 'F4', 'G3']	[False, False, False]	1.05	16
61.35	['A4', 'F4', 'G3']	[False, False, False]	1.05	16
61.5	['A4', 'F4', 'G3']	[False, False, False]	1.05	16
61.65	['A4', 'F4', 'G3']	[False, False, False]	1.05	16
61.8	['A4', 'F4', 'G3']	[False, False, False]	1.05	16
61.95	['A4', 'F4', 'G3']	[False, False, False]	1.05	16
62.1	['A4', 'F4', 'G3']	[False, False, False]	1.05	16
62.25	['C3', 'C4', 'E4', 'G4']	[True, True, True, True]	2.1	16
62.4	['C3', 'C4', 'E4', 'G4']	[False, False, False, False]	2.1	16
62.55	['C3', 'C4', 'E4', 'G4']	[False, False, False, False]	2.1	16
62.7	['C3', 'C4', 'E4', 'G4']	[True, False, False, False]	2.1	16
62.85	['C3', 'C4', 'E4', 'G4']	[False, False, False, False]	2.1	16
63.0	['C3', 'C4', 'E4', 'G4']	[False, False, False, False]	2.1	16
63.15	['C3', 'C4', 'E4', 'G4']	[False, False, False, False]	2.1	16
63.3	['C3', 'C4', 'E4', 'G4']	[True, False, False, False]	2.1	16
63.45	['C3', 'C4', 'E4', 'G4']	[False, False, False, False]	2.1	16
63.6	['C3', 'C4', 'E4', 'G4']	[False, False, False, False]	2.1	16
63.75	['C3', 'C4', 'E4', 'G4']	[True, False, False, False]	2.1	16
63.9	['C3', 'C4', 'E4', 'G4']	[False, False, False, False]	2.1	16
64.05	['C3', 'C4', 'E4', 'G4']	[False, False, False, False]	2.1	17
64.2	['C3', 'C4', 'E4', 'G4']	[False, False, False, False]	2.1	17
64.35	['B4', 'C3', 'C4', 'D4', 'E3', 'E4', 'G#4', 'G4']	[True, False, False, True, True, True, True, False]	0.15	17
64.5	['B4', 'D4', 'E3', 'E4', 'G#4']	[False, False, False, False, False]	2.1	17
64.65	['B4', 'D4', 'E3', 'E4', 'G#4']	[False, False, False, False, False]	2.1	17
64.8	['B4', 'D4', 'E3', 'E4', 'G#4']	[False, False, False, False, False]	2.1	17
64.95	['B4', 'D4', 'E3', 'E4', 'G#4']	[False, False, True, False, False]	2.1	17
65.1	['B4', 'D4', 'E3', 'E4', 'G#4']	[False, False, False, False, False]	2.1	17
65.25	['B4', 'D4', 'E3', 'E4', 'G#4']	[False, False, False, False, False]	2.1	17
65.4	['B4', 'D4', 'E3', 'E4', 'G#4']	[False, False, True, False, False]	2.1	17
65.55	['B4', 'D4', 'E3', 'E4', 'G#4']	[False, False, False, False, False]	2.1	17
65.7	['B4', 'D4', 'E3', 'E4', 'G#4']	[False, False, False, False, False]	2.1	17
65.85	['B4', 'D4', 'E3', 'E4', 'G#4']	[False, False, False, False, False]	2.1	17
66.0	['B4', 'D4', 'E3', 'E4', 'G#4']	[False, False, True, False, False]	2.1	17
66.15	['B4', 'D4', 'E3', 'E4', 'G#4']	[False, False, False, False, False]	2.1	17
66.3	['B4', 'D4', 'E3', 'E4', 'G#4']	[False, False, False, False, False]	2.1	17
66.45	['B4', 'D4', 'E3', 'E4', 'G#4']	[False, False, False, False, False]	2.1	17
66.6	['A2', 'A3', 'C4', 'E3', 'E4']	[True, True, True, True, True]	0.3	17
66.75	['A2', 'A3', 'C4', 'E3', 'E4']	[False, True, False, False, False]	0.3	17
66.9	['A2', 'A3', 'C4', 'E4']	[False, False, False, False]	1.8	17
67.05	['A2', 'A3', 'C4', 'E4']	[False, True, True, True]	1.8	17
67.2	['A2', 'A3', 'C4', 'E4']	[False, False, False, False]	1.8	17
67.35	['A2', 'A3', 'C4', 'E4']	[False, False, True, False]	1.8	17
67.5	['A2', 'A3', 'C4', 'E4']	[False, False, False, False]	1.8	17
67.65	['A2', 'A3', 'C4', 'E4']	[False, True, True, True]	1.8	17
67.8	['A2', 'A3', 'C4', 'E4']	[False, False, False, False]	1.8	17
67.95	['A2', 'A3', 'C4', 'E4']	[False, False, False, False]	1.8	17
68.1	['A2', 'A3', 'C4', 'E4']	[False, False, False, False]	1.8	18
68.25	['A2', 'A3', 'C4', 'E4']	[False, True, True, True]	1.8	18
68.4	['A2', 'A3', 'C4', 'E4']	[False, False, False, True]	1.8	18
68.55	['A2', 'A3', 'C4', 'E4']	[False, False, False, False]	1.8	18
68.7	['A2', 'A3', 'C4', 'E4', 'F3']	[False, True, True, True, True]	0.15	18
68.85	['A3', 'C4', 'E4', 'F3']	[False, False, False, False]	0.15	18
69.0	['A3', 'C4', 'D4', 'E4', 'F3']	[False, False, True, False, False]	0.3	18
69.15	['A3', 'C4', 'D4', 'E4', 'F3']	[False, False, False, False, False]	0.3	18
69.3	['A3', 'C4', 'E4', 'F3']	[True, True, True, False]	0.3	18
69.45	['A3', 'C4', 'E4', 'F3']	[False, False, False, False]	0.3	18
69.6	['A3', 'B3', 'C4', 'E4', 'F3']	[False, True, False, False, False]	0.6	18
69.75	['A3', 'B3', 'C4', 'E4', 'F3']	[True, False, True, True, False]	0.6	18
69.9	['A3', 'B3', 'C4', 'E4', 'F3']	[False, False, False, False, False]	0.6	18
70.05	['A3', 'B3', 'C4', 'E4', 'F3']	[False, False, True, False, False]	0.6	18
70.2	['A3', 'C4', 'E4', 'F3']	[False, False, False, False]	0.15	18
70.35	['A3', 'B3', 'C4', 'E4', 'F3']	[True, True, True, True, False]	0.3	18
70.5	['A3', 'B3', 'C4', 'E4', 'F3']	[False, False, False, False, False]	0.3	18
70.65	['A3', 'C4', 'E4', 'F3']	[True, False, False, False]	0.3	18
70.8	['A3', 'C4', 'E4', 'F3']	[False, False, False, False]	0.3	18
70.95	['A3', 'C#4', 'E3', 'E4', 'G3']	[True, True, True, True, True]	2.1	18
71.1	['A3', 'C#4', 'E3', 'E4', 'G3']	[False, False, False, False, False]	2.1	18
71.25	['A3', 'C#4', 'E3', 'E4', 'G3']	[False, False, False, False, False]	2.1	18
71.4	['A3', 'C#4', 'E3', 'E4', 'G3']	[True, True, True, True, True]	2.1	18
71.55	['A3', 'C#4', 'E3', 'E4', 'G3']	[False, False, False, False, False]	2.1	18
71.7	['A3', 'C#4', 'E3', 'E4', 'G3']	[True, False, False, False, False]	2.1	18
71.85	['A3', 'C#4', 'E3', 'E4', 'G3']	[False, False, False, False, False]	2.1	18
72.0	['A3', 'C#4', 'E3', 'E4', 'G3']	[True, True, False, True, True]	2.1	19
72.15	['A3', 'C#4', 'E3', 'E4', 'G3']	[False, False, False, False, False]	2.1	19
72.3	['A3', 'C#4', 'E3', 'E4', 'G3']	[False, False, False, False, False]	2.1	19
72.45	['A3', 'C#4', 'E3', 'E4', 'G3']	[False, False, False, False, False]	2.1	19
72.6	['A3', 'C#4', 'E3', 'E4', 'G3']	[True, True, True, True, True]	2.1	19
72.75	['A3', 'C#4', 'E3', 'E4', 'G3']	[False, False, False, False, False]	2.1	19
72.9	['A3', 'C#4', 'E3', 'E4', 'G3']	[False, False, False, False, False]	2.1	19
73.05	['A3', 'C#4', 'D3', 'D4', 'E3', 'E4', 'F4', 'G3']	[True, False, True, True, False, False, True, True]	0.15	19
73.2	['A3', 'D3', 'D4', 'F4', 'G3']	[False, False, False, False, False]	0.3	19
73.35	['A3', 'D3', 'D4', 'F4', 'G3']	[True, False, False, False, False]	0.3	19
73.5	['A3', 'D3', 'D4', 'F4']	[False, False, False, False]	0.15	19
73.65	['A3', 'D3', 'D4', 'F4', 'G3']	[True, False, True, True, True]	0.3	19
73.8	['A3', 'D3', 'D4', 'F4', 'G3']	[False, False, False, False, False]	0.3	19
73.95	['A3', 'D3', 'D4', 'F3', 'F4']	[False, False, False, True, False]	0.9	19
74.1	['A3', 'D3', 'D4', 'F3', 'F4']	[False, False, False, False, False]	0.9	19
74.25	['A3', 'D3', 'D4', 'F3', 'F4']	[True, False, True, False, True]	0.9	19
74.4	['A3', 'D3', 'D4', 'F3', 'F4']	[False, False, False, False, False]	0.9	19
74.55	['A3', 'D3', 'D4', 'F3', 'F4']	[False, False, False, False, False]	0.9	19
74.7	['A3', 'D3', 'D4', 'F3', 'F4']	[True, False, True, False, True]	0.9	19
74.85	['A3', 'D3', 'D4', 'F4']	[False, False, False, False]	0.45	19
75.0	['A3', 'D3', 'D4', 'F4']	[False, False, False, False]	0.45	19
75.15	['A3', 'D3', 'D4', 'F4']	[False, False, False, False]	0.45	19
75.3	['B4', 'D5', 'F4', 'G3', 'G4']	[True, True, True, True, True]	0.3	19
75.45	['B4', 'D5', 'F4', 'G3', 'G4']	[False, False, False, False, False]	0.3	19
75.6	['A3', 'B4', 'D5', 'F4', 'G3', 'G4']	[True, False, False, False, False, False]	0.15	19
75.75	['A3', 'B3', 'B4', 'D5', 'F4', 'G3', 'G4']	[False, True, True, True, True, False, True]	0.15	19
75.9	['B3', 'B4', 'D5', 'F4', 'G3', 'G4']	[False, False, False, False, False, False]	0.15	19
76.05	['B3', 'B4', 'C4', 'D5', 'F4', 'G3', 'G4']	[False, False, True, False, False, False, False]	0.15	20
76.2	['B4', 'C4', 'D5', 'F4', 'G3', 'G4']	[False, False, False, False, False, False]	0.75	20
76.35	['B4', 'C4', 'D5', 'F4', 'G3', 'G4']	[True, False, True, True, False, True]	0.75	20
76.5	['B4', 'C4', 'D5', 'F4', 'G3', 'G4']	[False, False, False, False, False, False]	0.75	20
76.65	['B4', 'C4', 'D5', 'F4', 'G3', 'G4']	[False, False, False, False, False, False]	0.75	20
76.8	['B4', 'C4', 'D5', 'F4', 'G3', 'G4']	[False, False, False, False, False, False]	0.75	20
76.95	['B4', 'D4', 'D5', 'F4', 'G3', 'G4']	[True, True, True, True, False, True]	0.3	20
77.1	['B4', 'D4', 'D5', 'F4', 'G3', 'G4']	[False, False, False, False, False, False]	0.3	20
77.25	['B4', 'D5', 'E4', 'F4', 'G3', 'G4']	[False, False, True, False, False, False]	0.15	20
77.4	['B4', 'C3', 'C4', 'D5', 'E4', 'F4', 'G3', 'G4']	[False, True, True, False, True, False, False, True]	0.15	20
77.55	['C3', 'C4', 'E4', 'G4']	[False, False, False, False]	1.05	20
77.7	['C3', 'C4', 'E4', 'G4']	[False, False, True, False]	1.05	20
77.85	['C3', 'C4', 'E4', 'G4']	[False, False, False, False]	1.05	20
78.0	['C3', 'C4', 'E4', 'G4']	[False, True, True, True]	1.05	20
78.15	['C3', 'C4', 'E4', 'G4']	[False, False, False, False]	1.05	20
78.3	['C3', 'C4', 'E4', 'G4']	[False, False, True, False]	1.05	20
78.45	['C3', 'C4', 'E4', 'G4']	[False, False, False, False]	1.05	20
78.6	['B2', 'C4', 'E4', 'G4']	[True, True, True, True]	1.05	20
78.75	['B2', 'C4', 'E4', 'G4']	[False, False, False, False]	1.05	20
78.9	['B2', 'C4', 'E4', 'G4']	[False, False, False, False]	1.05	20
79.05	['B2', 'C4', 'E4', 'G4']	[False, True, True, True]	1.05	20
79.2	['B2', 'C4', 'E4', 'G4']	[False, False, False, False]	1.05	20
79.35	['B2', 'C4', 'E4', 'G4']	[False, False, True, False]	1.05	20
79.5	['B2', 'C4', 'E4', 'G4']	[False, False, False, False]	1.05	20
79.65	['A2', 'A3', 'C#4', 'E4', 'G3']	[True, True, True, True, True]	1.35	20
79.8	['A2', 'A3', 'C#4', 'E4', 'G3']	[False, False, False, False, False]	1.35	20
79.95	['A2', 'A3', 'C#4', 'E4', 'G3']	[False, False, False, False, False]	1.35	20
80.1	['A2', 'A3', 'C#4', 'E4', 'G3']	[False, False, False, False, False]	1.35	21
80.25	['A2', 'A3', 'C#4', 'E4', 'G3']	[False, True, True, True, True]	1.35	21
80.4	['A2', 'A3', 'C#4', 'E4', 'G3']	[False, True, False, False, False]	1.35	21
80.55	['A2', 'A3', 'C#4', 'E4', 'G3']	[False, False, False, False, False]	1.35	21
80.7	['A2', 'A3', 'C#4', 'E4', 'G3']	[False, True, True, True, True]	1.35	21
80.85	['A2', 'A3', 'C#4', 'E4', 'G3']	[False, False, False, False, False]	1.35	21
81.0	['A2', 'A3', 'C#4', 'E4', 'F4', 'G3']	[False, False, False, False, True, False]	0.3	21
81.15	['A2', 'A3', 'C#4', 'E4', 'F4', 'G3']	[False, False, False, False, False, False]	0.3	21
81.3	['A2', 'A3', 'C#4', 'E4', 'G3']	[False, True, True, True, True]	0.3	21
81.45	['A2', 'A3', 'C#4', 'E4', 'G3']	[False, False, False, False, False]	0.3	21
81.6	['A2', 'A3', 'C#4', 'D4', 'E4', 'G3']	[False, False, False, True, False, False]	0.15	21
81.75	['A2', 'A3', 'A4', 'C#4', 'C4', 'D3', 'D4', 'E4', 'F#4', 'G3']	[False, False, True, False, True, True, True, False, True, False]	0.15	21
81.9	['A4', 'C4', 'D3', 'D4', 'F#4']	[False, False, False, False, False]	2.1	21
82.05	['A4', 'C4', 'D3', 'D4', 'F#4']	[False, False, False, False, False]	2.1	21
82.2	['A4', 'C4', 'D3', 'D4', 'F#4']	[False, False, False, False, False]	2.1	21
82.35	['A4', 'C4', 'D3', 'D4', 'F#4']	[True, True, False, True, True]	2.1	21
82.5	['A4', 'C4', 'D3', 'D4', 'F#4']	[False, False, False, False, False]	2.1	21
82.65	['A4', 'C4', 'D3', 'D4', 'F#4']	[False, False, False, False, False]	2.1	21
82.8	['A4', 'C4', 'D3', 'D4', 'F#4']	[False, False, False, False, False]	2.1	21
82.95	['A4', 'C4', 'D3', 'D4', 'F#4']	[True, True, False, True, True]	2.1	21
83.1	['A4', 'C4', 'D3', 'D4', 'F#4']	[False, False, False, False, False]	2.1	21
83.25	['A4', 'C4', 'D3', 'D4', 'F#4']	[False, False, False, False, False]	2.1	21
83.4	['A4', 'C4', 'D3', 'D4', 'F#4']	[True, True, False, True, True]	2.1	21
83.55	['A4', 'C4', 'D3', 'D4', 'F#4']	[False, False, False, False, False]	2.1	21
83.7	['A4', 'C4', 'D3', 'D4', 'F#4']	[False, False, False, False, False]	2.1	21
83.85	['A4', 'C4', 'D3', 'D4', 'F#4']	[False, False, False, False, False]	2.1	21
84.0	['A4', 'B3', 'D4', 'F4', 'G3', 'G4']	[True, True, True, True, True, True]	0.6	22
84.15	['A4', 'B3', 'D4', 'F4', 'G3', 'G4']	[False, False, False, False, False, False]	0.6	22
84.3	['A4', 'B3', 'D4', 'F4', 'G3', 'G4']	[False, False, False, False, False, False]	0.6	22
84.45	['A4', 'B3', 'D4', 'F4', 'G3', 'G4']	[False, False, False, False, False, False]	0.6	22
84.6	['A3', 'A4', 'B3', 'C4', 'D4', 'F4', 'G4']	[True, True, True, True, True, True, True]	0.15	22
84.75	['A3', 'A4', 'B3', 'C4', 'D4', 'F4', 'G3', 'G4']	[False, False, False, False, False, False, True, False]	0.45	22
84.9	['A3', 'A4', 'B3', 'C4', 'D4', 'F4', 'G3', 'G4']	[False, False, False, False, False, False, False, False]	0.45	22
85.05	['A3', 'A4', 'B3', 'C4', 'D4', 'F4', 'G3', 'G4']	[False, True, True, False, True, True, False, True]	0.45	22
85.2	['A4', 'B3', 'D4', 'F4', 'G4']	[False, False, False, False, False]	0.15	22
85.35	['A4', 'B3', 'C4', 'D4', 'F4', 'G4']	[False, False, True, False, False, False]	0.3	22
85.5	['A4', 'B3', 'C4', 'D4', 'F4', 'G4']	[False, False, False, False, False, False]	0.3	22
85.65	['A4', 'B3', 'D4', 'F4']	[True, True, True, True]	0.3	22
85.8	['A4', 'B3', 'D4', 'F4']	[False, False, False, False]	0.3	22
85.95	['A4', 'B3', 'C4', 'D4', 'F4']	[False, False, True, False, False]	0.3	22
86.1	['A4', 'B3', 'C4', 'D4', 'F4']	[False, False, False, False, False]	0.3	22
86.25	['C3', 'C4', 'E4', 'G4']	[True, True, True, True]	0.45	22
86.4	['C3', 'C4', 'E4', 'G4']	[False, False, False, False]	0.45	22
86.55	['C3', 'C4', 'E4', 'G4']	[False, False, False, False]	0.45	22
86.7	['B3', 'C3', 'C4', 'D4', 'E4', 'F#4', 'G4']	[True, False, True, True, True, True, True]	0.6	22
86.85	['B3', 'C3', 'C4', 'D4', 'E4', 'F#4', 'G4']	[False, False, False, False, False, False, False]	0.6	22
87.0	['B3', 'C3', 'C4', 'D4', 'E4', 'F#4', 'G4']	[False, False, False, False, False, False, False]	0.6	22
87.15	['B3', 'C3', 'C4', 'D4', 'E4', 'F#4', 'G4']	[False, False, False, False, False, False, False]	0.6	22
87.3	['C3', 'C4', 'E4', 'G4']	[False, True, True, True]	1.05	22
87.45	['C3', 'C4', 'E4', 'G4']	[False, False, False, False]	1.05	22
87.6	['C3', 'C4', 'E4', 'G4']	[False, False, False, False]	1.05	22
87.75	['C3', 'C4', 'E4', 'G4']	[False, True, True, True]	1.05	22
87.9	['C3', 'C4', 'E4', 'G4']	[False, False, False, False]	1.05	22
88.05	['C3', 'C4', 'E4', 'G4']	[False, False, False, False]	1.05	23
88.2	['C3', 'C4', 'E4', 'G4']	[False, False, False, False]	1.05	23
88.35	['A2', 'A3', 'A4', 'C#4', 'C3', 'C4', 'E4', 'G3', 'G4']	[True, True, True, True, False, False, True, True, False]	0.15	23
88.5	['A2', 'A3', 'A4', 'C#4', 'E4', 'G3']	[False, False, False, False, False, False]	1.05	23
88.65	['A2', 'A3', 'A4', 'C#4', 'E4', 'G3']	[False, False, False, False, False, False]	1.05	23
88.8	['A2', 'A3', 'A4', 'C#4', 'E4', 'G3']	[False, False, False, False, False, False]	1.05	23
88.95	['A2', 'A3', 'A4', 'C#4', 'E4', 'G3']	[False, True, False, True, True, True]	1.05	23
89.1	['A2', 'A3', 'A4', 'C#4', 'E4', 'G3']	[False, False, False, False, False, False]	1.05	23
89.25	['A2', 'A3', 'A4', 'C#4', 'E4', 'G3']	[False, True, False, False, False, False]	1.05	23
89.4	['A2', 'A3', 'A4', 'C#4', 'E4', 'G3']	[False, True, False, True, True, True]	1.05	23
89.55	['A2', 'A3', 'C#4', 'E4', 'G3']	[False, False, False, False, False]	0.15	23
89.7	['A2', 'A3', 'C#4', 'D4', 'E4', 'G3']	[False, False, False, True, False, False]	0.3	23
89.85	['A2', 'A3', 'C#4', 'D4', 'E4', 'G3']	[False, False, False, False, False, False]	0.3	23
90.0	['A2', 'A3', 'C#4', 'E4', 'G3']	[False, True, True, True, True]	0.3	23
90.15	['A2', 'A3', 'C#4', 'E4', 'G3']	[False, False, False, False, False]	0.3	23
90.3	['A2', 'A3', 'C#4', 'D4', 'E4', 'G3']	[False, False, False, True, False, False]	0.3	23
90.45	['A2', 'A3', 'C#4', 'D4', 'E4', 'G3']	[False, False, False, False, False, False]	0.3	23
90.6	['A4', 'C4', 'D3', 'D4', 'F#4']	[True, True, True, True, True]	2.1	23
90.75	['A4', 'C4', 'D3', 'D4', 'F#4']	[False, False, False, False, False]	2.1	23
90.9	['A4', 'C4', 'D3', 'D4', 'F#4']	[False, False, False, False, False]	2.1	23
91.05	['A4', 'C4', 'D3', 'D4', 'F#4']	[True, True, False, True, True]	2.1	23
91.2	['A4', 'C4', 'D3', 'D4', 'F#4']	[False, False, False, False, False]	2.1	23
91.35	['A4', 'C4', 'D3', 'D4', 'F#4']	[False, False, False, False, False]	2.1	23
91.5	['A4', 'C4', 'D3', 'D4', 'F#4']	[False, False, False, False, False]	2.1	23
91.65	['A4', 'C4', 'D3', 'D4', 'F#4']	[True, True, False, True, True]	2.1	23
91.8	['A4', 'C4', 'D3', 'D4', 'F#4']	[False, False, False, False, False]	2.1	23
91.95	['A4', 'C4', 'D3', 'D4', 'F#4']	[False, False, False, False, False]	2.1	23
92.1	['A4', 'C4', 'D3', 'D4', 'F#4']	[False, False, False, False, False]	2.1	24
92.25	['A4', 'C4', 'D3', 'D4', 'F#4']	[True, True, False, True, True]	2.1	24
92.4	['A4', 'C4', 'D3', 'D4', 'F#4']	[False, False, False, False, False]	2.1	24
92.55	['A4', 'C4', 'D3', 'D4', 'F#4']	[False, False, False, False, False]	2.1	24
92.7	['A4', 'B3', 'C4', 'D3', 'D4', 'F#4', 'F4', 'G2', 'G3', 'G4']	[True, True, False, False, True, False, True, True, True, True]	0.15	24
92.85	['A4', 'B3', 'D4', 'F4', 'G2', 'G3', 'G4']	[False, False, False, False, False, False, False]	0.45	24
93.0	['A4', 'B3', 'D4', 'F4', 'G2', 'G3', 'G4']	[False, False, False, False, False, False, False]	0.45	24
93.15	['A4', 'B3', 'D4', 'F4', 'G2', 'G3', 'G4']	[False, False, False, False, False, False, False]	0.45	24
93.3	['A3', 'A4', 'B3', 'C4', 'D4', 'F4', 'G2', 'G4']	[True, True, True, True, True, True, False, True]	0.3	24
93.45	['A3', 'A4', 'B3', 'C4', 'D4', 'F4', 'G2', 'G4']	[False, False, False, False, False, False, False, False]	0.3	24
93.6	['A3', 'A4', 'B3', 'C4', 'D4', 'F4', 'G2', 'G3', 'G4']	[False, False, False, False, False, False, False, True, False]	0.3	24
93.75	['A3', 'A4', 'B3', 'C4', 'D4', 'F4', 'G2', 'G3', 'G4']	[False, True, True, False, True, True, False, False, True]	0.3	24
93.9	['A4', 'B3', 'D4', 'F4', 'G2', 'G4']	[False, False, False, False, False, False]	0.15	24
94.05	['A4', 'B3', 'C4', 'D4', 'F4', 'G2', 'G4']	[False, False, True, False, False, False, False]	0.45	24
94.2	['A4', 'B3', 'C4', 'D4', 'F4', 'G2', 'G4']	[False, False, False, False, False, False, False]	0.45	24
94.35	['A4', 'B3', 'C4', 'D4', 'F4', 'G2', 'G4']	[True, True, False, True, True, False, False]	0.45	24
94.5	['A4', 'B3', 'D4', 'F4', 'G2']	[False, False, False, False, False]	0.15	24
94.65	['A4', 'B3', 'C4', 'D4', 'F4', 'G2']	[False, False, True, False, False, False]	0.3	24
94.8	['A4', 'B3', 'C4', 'D4', 'F4', 'G2']	[False, False, False, False, False, False]	0.3	24
94.95	['C3', 'C4', 'E4', 'G4']	[True, True, True, True]	0.45	24
95.1	['C3', 'C4', 'E4', 'G4']	[False, False, False, False]	0.45	24
95.25	['C3', 'C4', 'E4', 'G4']	[False, False, False, False]	0.45	24
95.4	['B3', 'C3', 'C4', 'D#4', 'E4', 'F#4', 'G4']	[True, False, True, True, True, True, True]	0.6	24
95.55	['B3', 'C3', 'C4', 'D#4', 'E4', 'F#4', 'G4']	[False, False, False, False, False, False, False]	0.6	24
95.7	['B3', 'C3', 'C4', 'D#4', 'E4', 'F#4', 'G4']	[False, False, False, False, False, False, False]	0.6	24
95.85	['B3', 'C3', 'C4', 'D#4', 'E4', 'F#4', 'G4']	[False, False, False, False, False, False, False]	0.6	24
96.0	['C3', 'C4', 'E4', 'G4']	[False, True, True, True]	1.05	25
96.15	['C3', 'C4', 'E4', 'G4']	[False, False, False, False]	1.05	25
96.3	['C3', 'C4', 'E4', 'G4']	[False, False, False, False]	1.05	25
96.45	['C3', 'C4', 'E4', 'G4']	[False, False, False, False]	1.05	25
96.6	['C3', 'C4', 'E4', 'G4']	[False, True, True, True]	1.05	25
96.75	['C3', 'C4', 'E4', 'G4']	[False, False, False, False]	1.05	25
96.9	['C3', 'C4', 'E4', 'G4']	[False, False, False, False]	1.05	25
97.05	['B3', 'C3', 'C4', 'E3', 'E4', 'G#3', 'G#4', 'G4']	[True, False, False, True, True, True, True, False]	0.15	25
97.2	['B3', 'E3', 'E4', 'G#3', 'G#4']	[False, False, False, False, False]	0.45	25
97.35	['B3', 'E3', 'E4', 'G#3', 'G#4']	[False, False, False, False, False]	0.45	25
97.5	['B3', 'E3', 'E4', 'G#3', 'G#4']	[False, False, False, False, False]	0.45	25
97.65	['A3', 'A4', 'B3', 'E4', 'F#3', 'G#3']	[True, True, False, False, True, False]	0.6	25
97.8	['A3', 'A4', 'B3', 'E4', 'F#3', 'G#3']	[False, False, False, False, False, False]	0.6	25
97.95	['A3', 'A4', 'B3', 'E4', 'F#3', 'G#3']	[False, False, False, False, False, False]	0.6	25
98.1	['A3', 'A4', 'B3', 'E4', 'F#3', 'G#3']	[False, False, False, False, False, False]	0.6	25
98.25	['B3', 'B4', 'G#3']	[True, True, True]	1.05	25
98.4	['B3', 'B4', 'G#3']	[False, False, False]	1.05	25
98.55	['B3', 'B4', 'G#3']	[False, False, False]	1.05	25
98.7	['B3', 'B4', 'G#3']	[False, False, False]	1.05	25
98.85	['B3', 'B4', 'G#3']	[False, False, False]	1.05	25
99.0	['B3', 'B4', 'G#3']	[False, False, False]	1.05	25
99.15	['B3', 'B4', 'G#3']	[False, False, False]	1.05	25
99.3	['A3', 'A4', 'B3', 'D#4', 'E4', 'F#3', 'F#4']	[True, True, True, True, True, True, True]	0.45	25
99.45	['A3', 'A4', 'B3', 'D#4', 'E4', 'F#3', 'F#4']	[False, False, False, False, False, False, False]	0.45	25
99.6	['A3', 'A4', 'B3', 'D#4', 'E4', 'F#3', 'F#4']	[False, False, False, False, False, False, False]	0.45	25
99.75	['A3', 'A4', 'B3', 'B4', 'C4', 'D#4', 'E4', 'F#3', 'F#4', 'G#3', 'G4']	[False, False, True, True, True, False, True, False, False, True, True]	0.15	25
99.9	['B3', 'B4', 'C4', 'E4', 'G#3', 'G4']	[False, False, False, False, False, False]	0.45	25
100.05	['B3', 'B4', 'C4', 'E4', 'G#3', 'G4']	[False, False, False, False, False, False]	0.45	26
100.2	['B3', 'B4', 'C4', 'E4', 'G#3', 'G4']	[False, False, False, False, False, False]	0.45	26
100.35	['A3', 'B3', 'B4', 'C4', 'C5', 'E4', 'G#3', 'G4']	[True, False, False, True, True, True, False, False]	0.15	26
100.5	['A3', 'C4', 'C5', 'E4', 'G4']	[False, False, False, False, False]	0.45	26
100.65	['A3', 'C4', 'C5', 'E4', 'G4']	[False, False, False, False, False]	0.45	26
100.8	['A3', 'C4', 'C5', 'E4', 'G4']	[False, False, False, False, False]	0.45	26
100.95	['A3', 'B3', 'B4', 'C4', 'E4', 'G4']	[False, True, True, False, False, False]	0.45	26
101.1	['A3', 'B3', 'B4', 'C4', 'E4', 'G4']	[False, False, False, False, False, False]	0.45	26
101.25	['A3', 'B3', 'B4', 'C4', 'E4', 'G4']	[False, False, False, False, False, False]	0.45	26
101.4	['A3', 'A4', 'B3', 'B4', 'C4', 'E4', 'G4']	[True, True, False, False, False, True, False]	0.15	26
101.55	['A3', 'A4', 'E4']	[False, False, False]	1.05	26
101.7	['A3', 'A4', 'E4']	[False, False, False]	1.05	26
101.85	['A3', 'A4', 'E4']	[False, False, False]	1.05	26
102.0	['A3', 'A4', 'E4']	[False, False, False]	1.05	26
102.15	['A3', 'A4', 'E4']	[False, False, False]	1.05	26
102.3	['A3', 'A4', 'E4']	[False, False, False]	1.05	26
102.45	['A3', 'A4', 'E4']	[False, False, False]	1.05	26
102.6	['C4', 'C5', 'E4', 'F3']	[True, True, True, True]	0.45	26
102.75	['C4', 'C5', 'E4', 'F3']	[False, False, False, False]	0.45	26
102.9	['C4', 'C5', 'E4', 'F3']	[False, False, False, False]	0.45	26
103.05	['B3', 'B4', 'C4', 'C5', 'E4', 'F3']	[True, True, False, False, False, False]	0.15	26
103.2	['B3', 'B4', 'E4', 'F3']	[False, False, False, False]	0.45	26
103.35	['B3', 'B4', 'E4', 'F3']	[False, False, False, False]	0.45	26
103.5	['B3', 'B4', 'E4', 'F3']	[False, False, False, False]	0.45	26
103.65	['A3', 'A4', 'E4', 'F3']	[True, True, True, False]	1.05	26
103.8	['A3', 'A4', 'E4', 'F3']	[False, False, False, False]	1.05	26
103.95	['A3', 'A4', 'E4', 'F3']	[False, False, False, False]	1.05	26
104.1	['A3', 'A4', 'E4', 'F3']	[False, False, False, False]	1.05	27
104.25	['A3', 'A4', 'E4', 'F3']	[False, False, False, False]	1.05	27
104.4	['A3', 'A4', 'E4', 'F3']	[False, False, False, False]	1.05	27
104.55	['A3', 'A4', 'E4', 'F3']	[False, False, False, False]	1.05	27
104.7	['A3', 'A4', 'D4', 'E4', 'F3']	[True, True, True, False, True]	0.15	27
104.85	['A3', 'A4', 'D4', 'F3']	[False, False, False, False]	0.45	27
105.0	['A3', 'A4', 'D4', 'F3']	[False, False, False, False]	0.45	27
105.15	['A3', 'A4', 'D4', 'F3']	[False, False, False, False]	0.45	27
105.3	['A3', 'A4', 'E4', 'F3']	[True, True, True, True]	0.45	27
105.45	['A3', 'A4', 'E4', 'F3']	[False, False, False, False]	0.45	27
105.6	['A3', 'A4', 'E4', 'F3']	[False, False, False, False]	0.45	27
105.75	['A3', 'A4', 'E4', 'F3', 'F4']	[True, True, False, True, True]	0.15	27
105.9	['A3', 'A4', 'F3', 'F4']	[False, False, False, False]	1.05	27
106.05	['A3', 'A4', 'F3', 'F4']	[False, False, False, False]	1.05	27
106.2	['A3', 'A4', 'F3', 'F4']	[False, False, False, False]	1.05	27
106.35	['A3', 'A4', 'F3', 'F4']	[False, False, False, False]	1.05	27
106.5	['A3', 'A4', 'F3', 'F4']	[False, False, False, False]	1.05	27
106.65	['A3', 'A4', 'F3', 'F4']	[False, False, False, False]	1.05	27
106.8	['A3', 'A4', 'F3', 'F4']	[False, False, False, False]	1.05	27
106.95	['A3', 'A4', 'D4', 'G3']	[True, True, True, True]	0.45	27
107.1	['A3', 'A4', 'D4', 'G3']	[False, False, False, False]	0.45	27
107.25	['A3', 'A4', 'D4', 'G3']	[False, False, False, False]	0.45	27
107.4	['A3', 'A4', 'D4', 'E4', 'G3']	[True, True, False, True, True]	0.15	27
107.55	['A3', 'A4', 'E4', 'G3']	[False, False, False, False]	0.45	27
107.7	['A3', 'A4', 'E4', 'G3']	[False, False, False, False]	0.45	27
107.85	['A3', 'A4', 'E4', 'G3']	[False, False, False, False]	0.45	27
108.0	['A3', 'A4', 'F4', 'G3']	[True, True, True, True]	1.05	28
108.15	['A3', 'A4', 'F4', 'G3']	[False, False, False, False]	1.05	28
108.3	['A3', 'A4', 'F4', 'G3']	[False, False, False, False]	1.05	28
108.45	['A3', 'A4', 'F4', 'G3']	[False, False, False, False]	1.05	28
108.6	['A3', 'A4', 'F4', 'G3']	[False, False, False, False]	1.05	28
108.75	['A3', 'A4', 'F4', 'G3']	[False, False, False, False]	1.05	28
108.9	['A3', 'A4', 'F4', 'G3']	[False, False, False, False]	1.05	28
109.05	['A3', 'A4', 'C3', 'C4', 'E4', 'F4', 'G3', 'G4']	[False, False, True, True, True, False, True, True]	0.15	28
109.2	['C3', 'C4', 'E4', 'G3', 'G4']	[False, False, False, False, False]	2.1	28
109.35	['C3', 'C4', 'E4', 'G3', 'G4']	[False, False, False, False, False]	2.1	28
109.5	['C3', 'C4', 'E4', 'G3', 'G4']	[False, False, False, False, False]	2.1	28
109.65	['C3', 'C4', 'E4', 'G3', 'G4']	[False, False, False, False, False]	2.1	28
109.8	['C3', 'C4', 'E4', 'G3', 'G4']	[False, False, False, False, False]	2.1	28
109.95	['C3', 'C4', 'E4', 'G3', 'G4']	[False, False, False, False, False]	2.1	28
110.1	['C3', 'C4', 'E4', 'G3', 'G4']	[False, False, False, False, False]	2.1	28
110.25	['C3', 'C4', 'E4', 'G3', 'G4']	[False, False, False, False, False]	2.1	28
110.4	['C3', 'C4', 'E4', 'G3', 'G4']	[False, False, False, False, False]	2.1	28
110.55	['C3', 'C4', 'E4', 'G3', 'G4']	[False, False, False, False, False]	2.1	28
110.7	['C3', 'C4', 'E4', 'G3', 'G4']	[True, True, True, False, True]	2.1	28
110.85	['C3', 'C4', 'E4', 'G3', 'G4']	[False, False, False, False, False]	2.1	28
111.0	['C3', 'C4', 'E4', 'G3', 'G4']	[False, False, False, False, False]	2.1	28
111.15	['C3', 'C4', 'E4', 'G3', 'G4']	[False, False, False, False, False]	2.1	28
111.3	['B4', 'D4', 'E2', 'E3', 'E4', 'G#4']	[True, True, True, True, True, True]	0.3	28
111.45	['B4', 'D4', 'E2', 'E3', 'E4', 'G#4']	[False, False, False, False, False, False]	0.3	28
111.6	['B4', 'D4', 'E2', 'E3', 'E4', 'G#3', 'G#4']	[False, False, False, False, False, True, False]	0.15	28
111.75	['B3', 'B4', 'D4', 'E2', 'E3', 'E4', 'G#3', 'G#4']	[True, True, True, True, True, True, False, True]	0.15	28
111.9	['B3', 'B4', 'D4', 'E2', 'E3', 'E4', 'G#4']	[False, False, False, False, False, False, False]	0.3	28
112.05	['B3', 'B4', 'D4', 'E2', 'E3', 'E4', 'G#4']	[False, False, True, False, False, False, False]	0.3	29
112.2	['B4', 'D4', 'E2', 'E3', 'E4', 'G#4']	[False, False, False, False, False, False]	1.2	29
112.35	['B4', 'D4', 'E2', 'E3', 'E4', 'G#4']	[True, True, True, True, True, True]	1.2	29
112.5	['B4', 'D4', 'E2', 'E3', 'E4', 'G#4']	[False, False, False, False, False, False]	1.2	29
112.65	['B4', 'D4', 'E2', 'E3', 'E4', 'G#4']	[False, False, False, False, False, False]	1.2	29
112.8	['B4', 'D4', 'E2', 'E3', 'E4', 'G#4']	[False, False, False, False, False, False]	1.2	29
112.95	['B4', 'D4', 'E2', 'E3', 'E4', 'G#4']	[True, True, True, True, True, True]	1.2	29
113.1	['B4', 'D4', 'E2', 'E3', 'E4', 'G#4']	[False, False, False, False, False, False]	1.2	29
113.25	['B4', 'D4', 'E2', 'E3', 'E4', 'G#4']	[False, False, False, False, False, False]	1.2	29
113.4	['A2', 'A3', 'A4', 'B4', 'C4', 'C5', 'D4', 'E2', 'E3', 'E4', 'E5', 'G#4']	[True, True, True, False, True, True, False, False, True, True, True, False]	0.15	29
113.55	['A2', 'A3', 'A4', 'C4', 'C5', 'E3', 'E4', 'E5']	[False, False, False, False, False, False, False, False]	0.3	29
113.7	['A2', 'A3', 'A4', 'C4', 'C5', 'E3', 'E4', 'E5']	[False, True, False, False, False, False, False, False]	0.3	29
113.85	['A2', 'A3', 'A4', 'C4', 'C5', 'E4', 'E5']	[False, False, False, False, False, False, False]	0.75	29
114.0	['A2', 'A3', 'A4', 'C4', 'C5', 'E4', 'E5']	[False, True, False, True, False, True, False]	0.75	29
114.15	['A2', 'A3', 'A4', 'C4', 'C5', 'E4', 'E5']	[False, False, False, False, False, False, False]	0.75	29
114.3	['A2', 'A3', 'A4', 'C4', 'C5', 'E4', 'E5']	[False, False, False, True, False, False, False]	0.75	29
114.45	['A2', 'A3', 'A4', 'C4', 'C5', 'E4', 'E5']	[False, False, False, False, False, False, False]	0.75	29
114.6	['A2', 'A3', 'C4', 'C5', 'E4', 'E5', 'G4']	[False, True, True, False, True, False, True]	1.05	29
114.75	['A2', 'A3', 'C4', 'C5', 'E4', 'E5', 'G4']	[False, False, False, False, False, False, False]	1.05	29
114.9	['A2', 'A3', 'C4', 'C5', 'E4', 'E5', 'G4']	[False, False, False, False, False, False, False]	1.05	29
115.05	['A2', 'A3', 'C4', 'C5', 'E4', 'E5', 'G4']	[False, True, True, False, True, False, False]	1.05	29
115.2	['A2', 'A3', 'C4', 'C5', 'E4', 'E5', 'G4']	[False, False, False, False, False, False, False]	1.05	29
115.35	['A2', 'A3', 'C4', 'C5', 'E4', 'E5', 'G4']	[False, False, False, False, True, False, False]	1.05	29
115.5	['A2', 'A3', 'C4', 'C5', 'E4', 'E5', 'G4']	[False, False, False, False, False, False, False]	1.05	29
115.65	['A3', 'C4', 'C5', 'E4', 'E5', 'F3', 'F4']	[True, True, True, True, True, True, True]	0.3	29
115.8	['A3', 'C4', 'C5', 'E4', 'E5', 'F3', 'F4']	[False, False, False, False, False, False, False]	0.3	29
115.95	['A3', 'C4', 'C5', 'D4', 'E4', 'E5', 'F3', 'F4']	[False, False, False, True, False, False, False, False]	0.3	29
116.1	['A3', 'C4', 'C5', 'D4', 'E4', 'E5', 'F3', 'F4']	[False, False, False, False, False, False, False, False]	0.3	30
116.25	['A3', 'C4', 'C5', 'E4', 'E5', 'F3', 'F4']	[True, True, False, True, False, False, False]	0.15	30
116.4	['A3', 'B3', 'C4', 'C5', 'E4', 'E5', 'F3', 'F4']	[False, True, False, False, False, False, False, False]	0.3	30
116.55	['A3', 'B3', 'C4', 'C5', 'E4', 'E5', 'F3', 'F4']	[False, False, False, False, False, False, False, False]	0.3	30
116.7	['A3', 'B3', 'B4', 'C4', 'C5', 'E4', 'E5', 'F3', 'F4']	[True, True, True, True, False, True, False, False, False]	0.15	30
116.85	['A3', 'B3', 'B4', 'C4', 'E4', 'F3', 'F4']	[False, False, False, False, False, False, False]	0.45	30
117.0	['A3', 'B3', 'B4', 'C4', 'E4', 'F3', 'F4']	[False, False, False, True, False, False, False]	0.45	30
117.15	['A3', 'B3', 'B4', 'C4', 'E4', 'F3', 'F4']	[False, False, False, False, False, False, False]	0.45	30
117.3	['A3', 'B3', 'C4', 'C5', 'E4', 'F3', 'F4']	[True, True, True, True, True, False, False]	0.3	30
117.45	['A3', 'B3', 'C4', 'C5', 'E4', 'F3', 'F4']	[False, False, False, False, False, False, False]	0.3	30
117.6	['A3', 'C4', 'C5', 'E4', 'F3', 'F4']	[True, False, False, False, False, False]	0.15	30
117.75	['A3', 'C#4', 'C#5', 'C4', 'C5', 'E3', 'E4', 'F3', 'F4', 'G3', 'G4']	[True, True, True, False, False, True, True, False, False, True, True]	0.15	30
117.9	['A3', 'C#4', 'C#5', 'E3', 'E4', 'G3', 'G4']	[False, False, False, False, False, False, False]	1.05	30
118.05	['A3', 'C#4', 'C#5', 'E3', 'E4', 'G3', 'G4']	[False, False, False, False, False, False, False]	1.05	30
118.2	['A3', 'C#4', 'C#5', 'E3', 'E4', 'G3', 'G4']	[False, False, False, False, False, False, False]	1.05	30
118.35	['A3', 'C#4', 'C#5', 'E3', 'E4', 'G3', 'G4']	[True, True, False, True, True, True, False]	1.05	30
118.5	['A3', 'C#4', 'C#5', 'E3', 'E4', 'G3', 'G4']	[False, False, False, False, False, False, False]	1.05	30
118.65	['A3', 'C#4', 'C#5', 'E3', 'E4', 'G3', 'G4']	[True, False, False, False, False, False, False]	1.05	30
118.8	['A3', 'C#4', 'C#5', 'E3', 'E4', 'G3', 'G4']	[False, False, False, False, False, False, False]	1.05	30
118.95	['A3', 'C#4', 'D4', 'D5', 'E3', 'E4', 'G3', 'G4']	[True, True, True, True, False, True, True, False]	0.45	30
119.1	['A3', 'C#4', 'D4', 'D5', 'E3', 'E4', 'G3', 'G4']	[False, False, False, False, False, False, False, False]	0.45	30
119.25	['A3', 'C#4', 'D4', 'D5', 'E3', 'E4', 'G3', 'G4']	[False, False, False, False, False, False, False, False]	0.45	30
119.4	['A3', 'C#4', 'D4', 'D5', 'E3', 'E4', 'E5', 'G3', 'G4']	[True, True, False, False, True, True, True, True, False]	0.15	30
119.55	['A3', 'C#4', 'E3', 'E4', 'E5', 'G3', 'G4']	[False, False, False, False, False, False, False]	0.45	30
119.7	['A3', 'C#4', 'E3', 'E4', 'E5', 'G3', 'G4']	[False, False, False, False, False, False, False]	0.45	30
119.85	['A3', 'C#4', 'E3', 'E4', 'E5', 'G3', 'G4']	[False, False, False, False, False, False, False]	0.45	30
120.0	['A3', 'A4', 'D3', 'D4', 'F4', 'F5', 'G3']	[True, True, True, True, True, True, True]	0.3	31
120.15	['A3', 'A4', 'D3', 'D4', 'F4', 'F5', 'G3']	[False, False, False, False, False, False, False]	0.3	31
120.3	['A3', 'A4', 'D3', 'D4', 'F4', 'F5']	[True, False, False, False, False, False]	0.3	31
120.45	['A3', 'A4', 'D3', 'D4', 'F4', 'F5']	[False, False, False, False, False, False]	0.3	31
120.6	['A3', 'A4', 'D3', 'D4', 'E4', 'E5', 'F4', 'G3']	[True, False, False, True, True, True, True, True]	0.15	31
120.75	['A3', 'A4', 'D3', 'D4', 'E4', 'E5', 'F3', 'F4', 'G3']	[False, False, False, False, False, False, True, False, False]	0.15	31
120.9	['A3', 'A4', 'D3', 'D4', 'E4', 'E5', 'F3', 'F4']	[False, False, False, False, False, False, False, False]	0.75	31
121.05	['A3', 'A4', 'D3', 'D4', 'E4', 'E5', 'F3', 'F4']	[True, False, False, True, False, False, False, True]	0.75	31
121.2	['A3', 'A4', 'D3', 'D4', 'E4', 'E5', 'F3', 'F4']	[False, False, False, False, False, False, False, False]	0.75	31
121.35	['A3', 'A4', 'D3', 'D4', 'E4', 'E5', 'F3', 'F4']	[False, False, False, False, False, False, False, False]	0.75	31
121.5	['A3', 'A4', 'D3', 'D4', 'E4', 'E5', 'F3', 'F4']	[False, False, False, False, False, False, False, False]	0.75	31
121.65	['A3', 'A4', 'D3', 'D4', 'D5', 'F4']	[True, False, False, True, True, True]	0.3	31
121.8	['A3', 'A4', 'D3', 'D4', 'D5', 'F4']	[False, False, False, False, False, False]	0.3	31
121.95	['A3', 'A4', 'C4', 'C5', 'D3', 'D4', 'F4']	[False, False, True, True, False, False, False]	0.3	31
122.1	['A3', 'A4', 'C4', 'C5', 'D3', 'D4', 'F4']	[False, False, False, False, False, False, False]	0.3	31
122.25	['B4', 'D4', 'D5', 'F4', 'G3', 'G4']	[True, True, True, True, True, True]	0.15	31
122.4	['A3', 'B4', 'D4', 'D5', 'F4', 'G3', 'G4']	[True, False, False, False, False, False, False]	0.3	31
122.55	['A3', 'B4', 'D4', 'D5', 'F4', 'G3', 'G4']	[False, False, False, False, False, False, False]	0.3	31
122.7	['A3', 'B3', 'B4', 'D4', 'D5', 'F4', 'G3', 'G4']	[False, True, True, False, True, True, False, True]	0.15	31
122.85	['B3', 'B4', 'D4', 'D5', 'F4', 'G3', 'G4']	[False, False, False, False, False, False, False]	0.15	31
123.0	['B4', 'C4', 'D4', 'D5', 'F4', 'G3', 'G4']	[False, True, False, False, False, False, False]	0.3	31
123.15	['B4', 'C4', 'D4', 'D5', 'F4', 'G3', 'G4']	[False, False, False, False, False, False, False]	0.3	31
123.3	['B4', 'C4', 'C5', 'D5', 'F4', 'G3', 'G4']	[True, True, True, True, True, False, True]	0.45	31
123.45	['B4', 'C4', 'C5', 'D5', 'F4', 'G3', 'G4']	[False, False, False, False, False, False, False]	0.45	31
123.6	['B4', 'C4', 'C5', 'D5', 'F4', 'G3', 'G4']	[False, False, False, False, False, False, False]	0.45	31
123.75	['B4', 'C4', 'C5', 'D4', 'D5', 'F4', 'G3', 'G4']	[True, False, False, True, True, True, False, True]	0.15	31
123.9	['B4', 'D4', 'D5', 'F4', 'G3', 'G4']	[False, False, False, False, False, False]	0.15	31
124.05	['B4', 'D4', 'D5', 'E4', 'F4', 'G3', 'G4']	[False, False, False, True, False, False, False]	0.15	32
124.2	['B4', 'D5', 'E4', 'F4', 'G3', 'G4']	[False, False, False, False, False, False]	0.15	32
124.35	['B4', 'C3', 'C4', 'D5', 'E4', 'E5', 'F4', 'G3', 'G4']	[False, True, True, False, True, True, False, False, True]	0.15	32
124.5	['C3', 'C4', 'E4', 'E5', 'G4']	[False, False, False, False, False]	0.9	32
124.65	['C3', 'C4', 'E4', 'E5', 'G4']	[False, False, True, False, False]	0.9	32
124.8	['C3', 'C4', 'E4', 'E5', 'G4']	[False, False, False, False, False]	0.9	32
124.95	['C3', 'C4', 'E4', 'E5', 'G4']	[False, True, True, False, True]	0.9	32
125.1	['C3', 'C4', 'E4', 'E5', 'G4']	[False, False, False, False, False]	0.9	32
125.25	['C3', 'C4', 'E4', 'E5', 'G4']	[False, False, True, False, False]	0.9	32
125.4	['B2', 'C3', 'C4', 'E4', 'E5', 'G4']	[True, False, True, True, False, True]	0.15	32
125.55	['B2', 'C4', 'E4', 'E5', 'G4']	[False, False, False, False, False]	1.05	32
125.7	['B2', 'C4', 'E4', 'E5', 'G4']	[False, False, False, False, False]	1.05	32
125.85	['B2', 'C4', 'E4', 'E5', 'G4']	[False, False, False, False, False]	1.05	32
126.0	['B2', 'C4', 'E4', 'E5', 'G4']	[False, True, True, False, True]	1.05	32
126.15	['B2', 'C4', 'E4', 'E5', 'G4']	[False, False, False, False, False]	1.05	32
126.3	['B2', 'C4', 'E4', 'E5', 'G4']	[False, False, True, False, False]	1.05	32
126.45	['B2', 'C4', 'E4', 'E5', 'G4']	[False, False, False, False, False]	1.05	32
126.6	['A2', 'A3', 'A4', 'C#4', 'C#5', 'E4', 'G3']	[True, True, True, True, True, True, True]	1.05	32
126.75	['A2', 'A3', 'A4', 'C#4', 'C#5', 'E4', 'G3']	[False, False, False, False, False, False, False]	1.05	32
126.9	['A2', 'A3', 'A4', 'C#4', 'C#5', 'E4', 'G3']	[False, False, False, False, False, False, False]	1.05	32
127.05	['A2', 'A3', 'A4', 'C#4', 'C#5', 'E4', 'G3']	[False, True, False, True, False, True, True]	1.05	32
127.2	['A2', 'A3', 'A4', 'C#4', 'C#5', 'E4', 'G3']	[False, False, False, False, False, False, False]	1.05	32
127.35	['A2', 'A3', 'A4', 'C#4', 'C#5', 'E4', 'G3']	[False, True, False, False, False, False, False]	1.05	32
127.5	['A2', 'A3', 'A4', 'C#4', 'C#5', 'E4', 'G3']	[False, False, False, False, False, False, False]	1.05	32
127.65	['A2', 'A3', 'A4', 'C#4', 'D4', 'D5', 'E4', 'G3']	[False, True, False, True, True, True, True, True]	0.3	32
127.8	['A2', 'A3', 'A4', 'C#4', 'D4', 'D5', 'E4', 'G3']	[False, False, False, False, False, False, False, False]	0.3	32
127.95	['A2', 'A3', 'A4', 'C#4', 'D4', 'D5', 'E4', 'F4', 'G3']	[False, False, False, False, False, False, False, True, False]	0.3	32
128.1	['A2', 'A3', 'A4', 'C#4', 'D4', 'D5', 'E4', 'F4', 'G3']	[False, False, False, False, False, False, False, False, False]	0.3	33
128.25	['A2', 'A3', 'A4', 'C#4', 'E4', 'E5', 'G3']	[False, True, False, True, True, True, True]	0.15	33
128.4	['A2', 'A3', 'A4', 'C#4', 'D4', 'E4', 'E5', 'G3']	[False, False, False, False, True, False, False, False]	0.3	33
128.55	['A2', 'A3', 'A4', 'C#4', 'D4', 'E4', 'E5', 'G3']	[False, False, False, False, False, False, False, False]	0.3	33
128.7	['A2', 'A3', 'A4', 'C#4', 'C4', 'D3', 'D4', 'E4', 'E5', 'F#4', 'F#5', 'G3']	[False, False, True, False, True, True, True, False, False, True, True, False]	0.15	33
128.85	['A4', 'C4', 'D3', 'D4', 'F#4', 'F#5']	[False, False, False, False, False, False]	0.45	33
129.0	['A4', 'C4', 'D3', 'D4', 'F#4', 'F#5']	[False, False, False, False, False, False]	0.45	33
129.15	['A4', 'C4', 'D3', 'D4', 'F#4', 'F#5']	[False, False, False, False, False, False]	0.45	33
129.3	['A4', 'C4', 'D3', 'D4', 'E4', 'E5', 'F#4']	[True, True, False, True, True, True, True]	0.45	33
129.45	['A4', 'C4', 'D3', 'D4', 'E4', 'E5', 'F#4']	[False, False, False, False, False, False, False]	0.45	33
129.6	['A4', 'C4', 'D3', 'D4', 'E4', 'E5', 'F#4']	[False, False, False, False, False, False, False]	0.45	33
129.75	['A4', 'C4', 'D3', 'D4', 'D5', 'E4', 'E5', 'F#4']	[True, True, False, True, True, False, False, True]	0.15	33
129.9	['A4', 'C4', 'D3', 'D4', 'D5', 'F#4']	[False, False, False, False, False, False]	1.05	33
130.05	['A4', 'C4', 'D3', 'D4', 'D5', 'F#4']	[False, False, False, False, False, False]	1.05	33
130.2	['A4', 'C4', 'D3', 'D4', 'D5', 'F#4']	[False, False, False, False, False, False]	1.05	33
130.35	['A4', 'C4', 'D3', 'D4', 'D5', 'F#4']	[True, True, False, True, False, True]	1.05	33
130.5	['A4', 'C4', 'D3', 'D4', 'D5', 'F#4']	[False, False, False, False, False, False]	1.05	33
130.65	['A4', 'C4', 'D3', 'D4', 'D5', 'F#4']	[False, False, False, False, False, False]	1.05	33
130.8	['A4', 'C4', 'D3', 'D4', 'D5', 'F#4']	[False, False, False, False, False, False]	1.05	33
130.95	['A4', 'B3', 'D4', 'F4', 'F5', 'G3', 'G4']	[True, True, True, True, True, True, True]	0.45	33
131.1	['A4', 'B3', 'D4', 'F4', 'F5', 'G3', 'G4']	[False, False, False, False, False, False, False]	0.45	33
131.25	['A4', 'B3', 'D4', 'F4', 'F5', 'G3', 'G4']	[False, False, False, False, False, False, False]	0.45	33
131.4	['A3', 'A4', 'B3', 'C4', 'D4', 'F4', 'F5', 'G3', 'G4']	[True, True, True, True, True, True, False, False, True]	0.15	33
131.55	['A3', 'A4', 'B3', 'C4', 'D4', 'F4', 'F5', 'G4']	[False, False, False, False, False, False, False, False]	0.15	33
131.7	['A3', 'A4', 'B3', 'C4', 'D4', 'F4', 'F5', 'G3', 'G4']	[False, False, False, False, False, False, False, True, False]	0.3	33
131.85	['A3', 'A4', 'B3', 'C4', 'D4', 'F4', 'F5', 'G3', 'G4']	[False, False, False, False, False, False, False, False, False]	0.3	33
132.0	['A4', 'B3', 'D4', 'F4', 'F5', 'G4']	[True, True, True, True, False, True]	0.3	34
132.15	['A4', 'B3', 'D4', 'F4', 'F5', 'G4']	[False, False, False, False, False, False]	0.3	34
132.3	['A4', 'B3', 'C4', 'D4', 'F4', 'F5', 'G4']	[False, False, True, False, False, False, False]	0.3	34
132.45	['A4', 'B3', 'C4', 'D4', 'F4', 'F5', 'G4']	[False, False, False, False, False, False, False]	0.3	34
132.6	['A4', 'B3', 'D4', 'F4', 'F5']	[True, True, True, True, False]	0.15	34
132.75	['A4', 'B3', 'C4', 'D4', 'F4', 'F5']	[False, False, True, False, False, False]	0.3	34
132.9	['A4', 'B3', 'C4', 'D4', 'F4', 'F5']	[False, False, False, False, False, False]	0.3	34
133.05	['A4', 'B3', 'C3', 'C4', 'D4', 'E4', 'E5', 'F4', 'F5', 'G4']	[False, False, True, True, False, True, True, False, False, True]	0.15	34
133.2	['C3', 'C4', 'E4', 'E5', 'G4']	[False, False, False, False, False]	0.45	34
133.35	['C3', 'C4', 'E4', 'E5', 'G4']	[False, False, False, False, False]	0.45	34
133.5	['C3', 'C4', 'E4', 'E5', 'G4']	[False, False, False, False, False]	0.45	34
133.65	['B3', 'C3', 'C4', 'D4', 'E4', 'E5', 'F#4', 'G4']	[True, False, True, True, True, False, True, True]	0.6	34
133.8	['B3', 'C3', 'C4', 'D4', 'E4', 'E5', 'F#4', 'G4']	[False, False, False, False, False, False, False, False]	0.6	34
133.95	['B3', 'C3', 'C4', 'D4', 'E4', 'E5', 'F#4', 'G4']	[False, False, False, False, False, False, False, False]	0.6	34
134.1	['B3', 'C3', 'C4', 'D4', 'E4', 'E5', 'F#4', 'G4']	[False, False, False, False, False, False, False, False]	0.6	34
134.25	['C3', 'C4', 'E4', 'E5', 'G4']	[False, True, True, False, True]	1.05	34
134.4	['C3', 'C4', 'E4', 'E5', 'G4']	[False, False, False, False, False]	1.05	34
134.55	['C3', 'C4', 'E4', 'E5', 'G4']	[False, False, False, False, False]	1.05	34
134.7	['C3', 'C4', 'E4', 'E5', 'G4']	[False, True, True, False, True]	1.05	34
134.85	['C3', 'C4', 'E4', 'E5', 'G4']	[False, False, False, False, False]	1.05	34
135.0	['C3', 'C4', 'E4', 'E5', 'G4']	[False, False, False, False, False]	1.05	34
135.15	['C3', 'C4', 'E4', 'E5', 'G4']	[False, False, False, False, False]	1.05	34
135.3	['A2', 'A3', 'A4', 'C#4', 'C#5', 'E4', 'G3']	[True, True, True, True, True, True, True]	1.05	34
135.45	['A2', 'A3', 'A4', 'C#4', 'C#5', 'E4', 'G3']	[False, False, False, False, False, False, False]	1.05	34
135.6	['A2', 'A3', 'A4', 'C#4', 'C#5', 'E4', 'G3']	[False, False, False, False, False, False, False]	1.05	34
135.75	['A2', 'A3', 'A4', 'C#4', 'C#5', 'E4', 'G3']	[False, True, False, True, False, True, True]	1.05	34
135.9	['A2', 'A3', 'A4', 'C#4', 'C#5', 'E4', 'G3']	[False, False, False, False, False, False, False]	1.05	34
136.05	['A2', 'A3', 'A4', 'C#4', 'C#5', 'E4', 'G3']	[False, True, False, False, False, False, False]	1.05	35
136.2	['A2', 'A3', 'A4', 'C#4', 'C#5', 'E4', 'G3']	[False, False, False, False, False, False, False]	1.05	35
136.35	['A2', 'A3', 'A4', 'C#4', 'C#5', 'D4', 'D5', 'E4', 'G3']	[False, True, False, True, False, True, True, True, True]	0.15	35
136.5	['A2', 'A3', 'C#4', 'D4', 'D5', 'E4', 'G3']	[False, False, False, False, False, False, False]	0.45	35
136.65	['A2', 'A3', 'C#4', 'D4', 'D5', 'E4', 'G3']	[False, False, False, True, False, False, False]	0.45	35
136.8	['A2', 'A3', 'C#4', 'D4', 'D5', 'E4', 'G3']	[False, False, False, False, False, False, False]	0.45	35
136.95	['A2', 'A3', 'C#4', 'E4', 'E5', 'G3']	[False, True, True, True, True, True]	0.3	35
137.1	['A2', 'A3', 'C#4', 'E4', 'E5', 'G3']	[False, False, False, False, False, False]	0.3	35
137.25	['A2', 'A3', 'C#4', 'D4', 'E4', 'E5', 'G3']	[False, False, False, True, False, False, False]	0.15	35
137.4	['A2', 'A3', 'A4', 'C#4', 'C4', 'D3', 'D4', 'E4', 'E5', 'F#4', 'F#5', 'G3']	[False, False, True, False, True, True, True, False, False, True, True, False]	0.15	35
137.55	['A4', 'C4', 'D3', 'D4', 'F#4', 'F#5']	[False, False, False, False, False, False]	0.45	35
137.7	['A4', 'C4', 'D3', 'D4', 'F#4', 'F#5']	[False, False, False, False, False, False]	0.45	35
137.85	['A4', 'C4', 'D3', 'D4', 'F#4', 'F#5']	[False, False, False, False, False, False]	0.45	35
138.0	['A4', 'C4', 'D3', 'D4', 'E4', 'E5', 'F#4']	[True, True, False, True, True, True, True]	0.6	35
138.15	['A4', 'C4', 'D3', 'D4', 'E4', 'E5', 'F#4']	[False, False, False, False, False, False, False]	0.6	35
138.3	['A4', 'C4', 'D3', 'D4', 'E4', 'E5', 'F#4']	[False, False, False, False, False, False, False]	0.6	35
138.45	['A4', 'C4', 'D3', 'D4', 'E4', 'E5', 'F#4']	[False, False, False, False, False, False, False]	0.6	35
138.6	['A4', 'C4', 'D3', 'D4', 'D5', 'F#4']	[True, True, False, True, True, True]	1.05	35
138.75	['A4', 'C4', 'D3', 'D4', 'D5', 'F#4']	[False, False, False, False, False, False]	1.05	35
138.9	['A4', 'C4', 'D3', 'D4', 'D5', 'F#4']	[False, False, False, False, False, False]	1.05	35
139.05	['A4', 'C4', 'D3', 'D4', 'D5', 'F#4']	[True, True, False, True, False, True]	1.05	35
139.2	['A4', 'C4', 'D3', 'D4', 'D5', 'F#4']	[False, False, False, False, False, False]	1.05	35
139.35	['A4', 'C4', 'D3', 'D4', 'D5', 'F#4']	[False, False, False, False, False, False]	1.05	35
139.5	['A4', 'C4', 'D3', 'D4', 'D5', 'F#4']	[False, False, False, False, False, False]	1.05	35
139.65	['A4', 'B3', 'D4', 'F4', 'F5', 'G2', 'G3', 'G4']	[True, True, True, True, True, True, True, True]	0.6	35
139.8	['A4', 'B3', 'D4', 'F4', 'F5', 'G2', 'G3', 'G4']	[False, False, False, False, False, False, False, False]	0.6	35
139.95	['A4', 'B3', 'D4', 'F4', 'F5', 'G2', 'G3', 'G4']	[False, False, False, False, False, False, False, False]	0.6	35
140.1	['A4', 'B3', 'D4', 'F4', 'F5', 'G2', 'G3', 'G4']	[False, False, False, False, False, False, False, False]	0.6	36
140.25	['A3', 'A4', 'B3', 'C4', 'D4', 'F4', 'F5', 'G2', 'G4']	[True, True, True, True, True, True, False, False, True]	0.15	36
140.4	['A3', 'A4', 'B3', 'C4', 'D4', 'F4', 'F5', 'G2', 'G3', 'G4']	[False, False, False, False, False, False, False, False, True, False]	0.45	36
140.55	['A3', 'A4', 'B3', 'C4', 'D4', 'F4', 'F5', 'G2', 'G3', 'G4']	[False, False, False, False, False, False, False, False, False, False]	0.45	36
140.7	['A3', 'A4', 'B3', 'C4', 'D4', 'F4', 'F5', 'G2', 'G3', 'G4']	[False, True, True, False, True, True, False, False, False, True]	0.45	36
140.85	['A4', 'B3', 'D4', 'F4', 'F5', 'G2', 'G4']	[False, False, False, False, False, False, False]	0.15	36
141.0	['A4', 'B3', 'C4', 'D4', 'F4', 'F5', 'G2', 'G4']	[False, False, True, False, False, False, False, False]	0.3	36
141.15	['A4', 'B3', 'C4', 'D4', 'F4', 'F5', 'G2', 'G4']	[False, False, False, False, False, False, False, False]	0.3	36
141.3	['A4', 'B3', 'D4', 'F4', 'F5', 'G2']	[True, True, True, True, False, False]	0.3	36
141.45	['A4', 'B3', 'D4', 'F4', 'F5', 'G2']	[False, False, False, False, False, False]	0.3	36
141.6	['A4', 'B3', 'C4', 'D4', 'F4', 'F5', 'G2']	[False, False, True, False, False, False, False]	0.15	36
141.75	['A4', 'B3', 'C3', 'C4', 'C5', 'D4', 'E4', 'E5', 'F4', 'F5', 'G2', 'G4']	[False, False, True, True, True, False, True, True, False, False, False, True]	0.15	36
141.9	['C3', 'C4', 'C5', 'E4', 'E5', 'G4']	[False, False, False, False, False, False]	0.45	36
142.05	['C3', 'C4', 'C5', 'E4', 'E5', 'G4']	[False, False, False, False, False, False]	0.45	36
142.2	['C3', 'C4', 'C5', 'E4', 'E5', 'G4']	[False, False, False, False, False, False]	0.45	36
142.35	['B3', 'C3', 'C4', 'C5', 'D#4', 'E4', 'E5', 'F#4', 'G4']	[True, False, True, False, True, True, False, True, True]	0.6	36
142.5	['B3', 'C3', 'C4', 'C5', 'D#4', 'E4', 'E5', 'F#4', 'G4']	[False, False, False, False, False, False, False, False, False]	0.6	36
142.65	['B3', 'C3', 'C4', 'C5', 'D#4', 'E4', 'E5', 'F#4', 'G4']	[False, False, False, False, False, False, False, False, False]	0.6	36
142.8	['B3', 'C3', 'C4', 'C5', 'D#4', 'E4', 'E5', 'F#4', 'G4']	[False, False, False, False, False, False, False, False, False]	0.6	36
142.95	['C3', 'C4', 'C5', 'E4', 'E5', 'G4']	[False, True, False, True, False, True]	0.45	36
143.1	['C3', 'C4', 'C5', 'E4', 'E5', 'G4']	[False, False, False, False, False, False]	0.45	36
143.25	['C3', 'C4', 'C5', 'E4', 'E5', 'G4']	[False, False, False, False, False, False]	0.45	36
143.4	['C3', 'C4', 'C5', 'D4', 'D5', 'E4', 'E5', 'G4']	[False, True, False, True, True, True, False, True]	0.15	36
143.55	['C3', 'C4', 'D4', 'D5', 'E4', 'G4']	[False, False, False, False, False, False]	0.45	36
143.7	['C3', 'C4', 'D4', 'D5', 'E4', 'G4']	[False, False, False, False, False, False]	0.45	36
143.85	['C3', 'C4', 'D4', 'D5', 'E4', 'G4']	[False, False, False, False, False, False]	0.45	36
144.0	['A2', 'A3', 'A4', 'B3', 'C#4', 'C#5', 'E4', 'G#3']	[True, True, True, True, True, True, True, True]	1.05	37
144.15	['A2', 'A3', 'A4', 'B3', 'C#4', 'C#5', 'E4', 'G#3']	[False, False, False, False, False, False, False, False]	1.05	37
144.3	['A2', 'A3', 'A4', 'B3', 'C#4', 'C#5', 'E4', 'G#3']	[False, False, False, False, False, False, False, False]	1.05	37
144.45	['A2', 'A3', 'A4', 'B3', 'C#4', 'C#5', 'E4', 'G#3']	[False, False, False, False, False, False, False, False]	1.05	37
144.6	['A2', 'A3', 'A4', 'B3', 'C#4', 'C#5', 'E4', 'G#3']	[True, True, False, False, True, False, True, False]	1.05	37
144.75	['A2', 'A3', 'A4', 'B3', 'C#4', 'C#5', 'E4', 'G#3']	[False, True, False, False, False, False, False, False]	1.05	37
144.9	['A2', 'A3', 'A4', 'B3', 'C#4', 'C#5', 'E4', 'G#3']	[False, False, False, False, False, False, False, False]	1.05	37
145.05	['A2', 'A3', 'A4', 'B3', 'C#4', 'C#5', 'D4', 'D5', 'E4', 'G#3']	[True, True, False, False, True, False, True, True, True, False]	0.15	37
145.2	['A2', 'A3', 'A4', 'C#4', 'D4', 'D5', 'E4']	[False, False, False, False, False, False, False]	0.45	37
145.35	['A2', 'A3', 'A4', 'C#4', 'D4', 'D5', 'E4']	[False, False, False, False, True, False, False]	0.45	37
145.5	['A2', 'A3', 'A4', 'C#4', 'D4', 'D5', 'E4']	[False, False, False, False, False, False, False]	0.45	37
145.65	['A2', 'A3', 'A4', 'C#4', 'E4', 'E5']	[True, True, False, True, True, True]	0.3	37
145.8	['A2', 'A3', 'A4', 'C#4', 'E4', 'E5']	[False, False, False, False, False, False]	0.3	37
145.95	['A2', 'A3', 'A4', 'C#4', 'D4', 'E4', 'E5']	[False, False, False, False, True, False, False]	0.3	37
146.1	['A2', 'A3', 'A4', 'C#4', 'D4', 'E4', 'E5']	[False, False, False, False, False, False, False]	0.3	37
146.25	['A3', 'A4', 'C4', 'D3', 'D4', 'F#4', 'F#5']	[True, True, True, True, True, True, True]	0.45	37
146.4	['A3', 'A4', 'C4', 'D3', 'D4', 'F#4', 'F#5']	[False, False, False, False, False, False, False]	0.45	37
146.55	['A3', 'A4', 'C4', 'D3', 'D4', 'F#4', 'F#5']	[False, False, False, False, False, False, False]	0.45	37
146.7	['A3', 'A4', 'C4', 'D3', 'D4', 'E4', 'E5', 'F#4', 'F#5']	[True, False, True, True, True, True, True, True, False]	0.15	37
146.85	['A3', 'A4', 'C4', 'D3', 'D4', 'E4', 'E5', 'F#4']	[False, False, False, False, False, False, False, False]	0.45	37
147.0	['A3', 'A4', 'C4', 'D3', 'D4', 'E4', 'E5', 'F#4']	[False, False, False, False, False, False, False, False]	0.45	37
147.15	['A3', 'A4', 'C4', 'D3', 'D4', 'E4', 'E5', 'F#4']	[False, False, False, False, False, False, False, False]	0.45	37
147.3	['A3', 'A4', 'C4', 'D3', 'D4', 'D5', 'F#4']	[True, True, True, True, True, True, True]	1.05	37
147.45	['A3', 'A4', 'C4', 'D3', 'D4', 'D5', 'F#4']	[False, False, False, False, False, False, False]	1.05	37
147.6	['A3', 'A4', 'C4', 'D3', 'D4', 'D5', 'F#4']	[False, False, False, False, False, False, False]	1.05	37
147.75	['A3', 'A4', 'C4', 'D3', 'D4', 'D5', 'F#4']	[True, False, True, True, True, False, True]	1.05	37
147.9	['A3', 'A4', 'C4', 'D3', 'D4', 'D5', 'F#4']	[False, False, False, False, False, False, False]	1.05	37
148.05	['A3', 'A4', 'C4', 'D3', 'D4', 'D5', 'F#4']	[False, False, False, False, False, False, False]	1.05	38
148.2	['A3', 'A4', 'C4', 'D3', 'D4', 'D5', 'F#4']	[False, False, False, False, False, False, False]	1.05	38
148.35	['A3', 'A4', 'B3', 'C4', 'D3', 'D4', 'D5', 'F#4', 'F4', 'F5', 'G2', 'G3', 'G4']	[False, False, True, False, False, True, False, False, True, True, True, True, True]	0.15	38
148.5	['B3', 'D4', 'F4', 'F5', 'G2', 'G3', 'G4']	[False, False, False, False, False, False, False]	0.45	38
148.65	['B3', 'D4', 'F4', 'F5', 'G2', 'G3', 'G4']	[False, False, False, False, False, False, False]	0.45	38
148.8	['B3', 'D4', 'F4', 'F5', 'G2', 'G3', 'G4']	[False, False, False, False, False, False, False]	0.45	38
148.95	['A3', 'B3', 'C4', 'D4', 'F4', 'F5', 'G2', 'G4']	[True, True, True, True, True, False, True, True]	0.6	38
149.1	['A3', 'B3', 'C4', 'D4', 'F4', 'F5', 'G2', 'G4']	[False, False, False, False, False, False, False, False]	0.6	38
149.25	['A3', 'B3', 'C4', 'D4', 'F4', 'F5', 'G2', 'G4']	[False, True, False, False, False, False, False, False]	0.6	38
149.4	['A3', 'B3', 'C4', 'D4', 'F4', 'F5', 'G2', 'G4']	[False, True, False, True, True, False, True, True]	0.6	38
149.55	['B3', 'D4', 'F4', 'F5', 'G2', 'G4']	[False, False, False, False, False, False]	0.15	38
149.7	['B3', 'C4', 'D4', 'F4', 'F5', 'G2', 'G4']	[False, True, False, False, False, False, False]	0.3	38
149.85	['B3', 'C4', 'D4', 'F4', 'F5', 'G2', 'G4']	[False, False, False, False, False, False, False]	0.3	38
150.0	['B3', 'D4', 'F4', 'F5', 'G2']	[True, True, True, False, True]	0.3	38
150.15	['B3', 'D4', 'F4', 'F5', 'G2']	[False, False, False, False, False]	0.3	38
150.3	['B3', 'C4', 'D4', 'F4', 'F5', 'G2']	[False, True, False, False, False, False]	0.3	38
150.45	['B3', 'C4', 'D4', 'F4', 'F5', 'G2']	[False, False, False, False, False, False]	0.3	38
150.6	['B3', 'C3', 'C4', 'C5', 'D#4', 'E4', 'E5', 'F#4', 'G3']	[True, True, True, True, True, True, True, True, True]	0.45	38
150.75	['B3', 'C3', 'C4', 'C5', 'D#4', 'E4', 'E5', 'F#4', 'G3']	[False, False, False, False, False, False, False, False, False]	0.45	38
150.9	['B3', 'C3', 'C4', 'C5', 'D#4', 'E4', 'E5', 'F#4', 'G3']	[False, False, False, False, False, False, False, False, False]	0.45	38
151.05	['B2', 'B3', 'C3', 'C4', 'C5', 'D#4', 'E4', 'E5', 'F#3', 'F#4', 'G3', 'G4']	[True, False, False, True, False, True, True, False, True, True, False, True]	0.15	38
151.2	['B2', 'C3', 'C4', 'C5', 'D#4', 'E4', 'E5', 'F#3', 'F#4', 'G3', 'G4']	[False, False, False, False, False, False, False, False, False, False, False]	0.45	38
151.35	['B2', 'C3', 'C4', 'C5', 'D#4', 'E4', 'E5', 'F#3', 'F#4', 'G3', 'G4']	[False, False, False, False, False, False, False, False, False, False, False]	0.45	38
151.5	['B2', 'C3', 'C4', 'C5', 'D#4', 'E4', 'E5', 'F#3', 'F#4', 'G3', 'G4']	[False, False, False, False, False, False, False, False, False, False, False]	0.45	38
151.65	['C3', 'C4', 'C5', 'E4', 'E5', 'G3', 'G4']	[True, False, False, True, False, True, True]	1.2	38
151.8	['C3', 'C4', 'C5', 'E4', 'E5', 'G3', 'G4']	[False, False, False, False, False, False, False]	1.2	38
151.95	['C3', 'C4', 'C5', 'E4', 'E5', 'G3', 'G4']	[False, False, False, False, False, False, False]	1.2	38
152.1	['C3', 'C4', 'C5', 'E4', 'E5', 'G3', 'G4']	[False, False, False, False, False, False, False]	1.2	39
152.25	['C3', 'C4', 'C5', 'E4', 'E5', 'G3', 'G4']	[False, False, False, False, False, False, False]	1.2	39
152.4	['C3', 'C4', 'C5', 'E4', 'E5', 'G3', 'G4']	[False, False, False, False, False, False, False]	1.2	39
152.55	['C3', 'C4', 'C5', 'E4', 'E5', 'G3', 'G4']	[False, False, False, False, False, False, False]	1.2	39
152.7	['C3', 'C4', 'C5', 'E4', 'E5', 'G3', 'G4']	[False, False, False, False, False, False, False]	1.2	39
